task,mode,checkpoint,memory_len,T,prefix,n,token_correct,string_correct,token_acc,string_acc,split,elapsed_sec
copying,none,best,10,1,0,256,1458,0,0.56953125,0.0,horizon,0.5677618980407715
copying,none,best,10,2,0,256,1358,1,0.53046875,0.00390625,horizon,0.03812003135681152
copying,none,best,10,3,0,256,1160,0,0.453125,0.0,horizon,0.038465023040771484
copying,none,best,10,4,0,256,1458,0,0.56953125,0.0,horizon,0.03804826736450195
copying,none,best,10,5,0,256,1426,0,0.55703125,0.0,horizon,0.038068532943725586
copying,none,best,10,6,0,256,1202,0,0.46953125,0.0,horizon,0.03756856918334961
copying,none,best,10,7,0,256,1233,0,0.481640625,0.0,horizon,0.03907179832458496
copying,none,best,10,8,0,256,1465,0,0.572265625,0.0,horizon,0.03561806678771973
copying,none,best,10,9,0,256,1337,0,0.522265625,0.0,horizon,0.03727555274963379
copying,none,best,10,10,0,256,1428,0,0.5578125,0.0,horizon,0.038924217224121094
copying,none,best,10,11,0,256,1342,0,0.52421875,0.0,horizon,0.03773188591003418
copying,none,best,10,12,0,256,1421,1,0.555078125,0.00390625,horizon,0.03670907020568848
copying,none,best,10,13,0,256,1557,0,0.608203125,0.0,horizon,0.03769969940185547
copying,none,best,10,14,0,256,1532,0,0.5984375,0.0,horizon,0.03786754608154297
copying,none,best,10,16,0,256,1674,0,0.65390625,0.0,horizon,0.03863644599914551
copying,none,best,10,24,0,256,1554,0,0.60703125,0.0,horizon,0.03707408905029297
copying,none,best,10,32,0,256,1686,1,0.65859375,0.00390625,horizon,0.03946709632873535
copying,none,best,10,48,0,256,1497,0,0.584765625,0.0,horizon,0.047373294830322266
copying,none,best,10,64,0,256,1702,0,0.66484375,0.0,horizon,0.04831266403198242
copying,none,best,10,96,0,256,1684,0,0.6578125,0.0,horizon,0.05061697959899902
copying,none,best,10,128,0,256,1714,0,0.66953125,0.0,horizon,0.05943894386291504
copying,none,best,10,192,0,256,1699,0,0.663671875,0.0,horizon,0.08197641372680664
copying,none,best,10,256,0,256,1649,0,0.644140625,0.0,horizon,0.12378549575805664
copying,none,best,10,384,0,256,1667,0,0.651171875,0.0,horizon,0.18239569664001465
copying,none,best,10,512,0,256,1649,0,0.644140625,0.0,horizon,0.27484679222106934
copying,none,best,10,768,0,256,1635,0,0.638671875,0.0,horizon,0.37876057624816895
copying,none,best,10,1024,0,256,1552,0,0.60625,0.0,horizon,0.5417404174804688
copying,none,best,10,1536,0,256,1554,0,0.60703125,0.0,horizon,0.8255264759063721
copying,none,best,10,2048,0,256,1548,0,0.6046875,0.0,horizon,1.1199369430541992
copying,none,best,10,3072,0,256,1552,0,0.60625,0.0,horizon,1.6793575286865234
copying,none,best,10,4096,0,256,1394,0,0.54453125,0.0,horizon,2.4571378231048584
copying,none,best,10,6144,0,256,1401,0,0.547265625,0.0,horizon,3.6470491886138916
copying,none,best,10,8192,0,256,1386,0,0.54140625,0.0,horizon,4.883944988250732
copying,none,best,10,12288,0,256,1398,0,0.54609375,0.0,horizon,7.293539047241211
copying,none,best,10,16384,0,256,1224,0,0.478125,0.0,horizon,10.001888275146484
copying,none,best,10,24576,0,256,1212,0,0.4734375,0.0,horizon,15.241329193115234
copying,none,best,10,32768,0,256,1233,0,0.481640625,0.0,horizon,20.86534571647644
copying,none,best,10,49152,0,256,1256,0,0.490625,0.0,horizon,31.461849212646484
copying,none,best,10,65536,0,256,1170,0,0.45703125,0.0,horizon,43.05181121826172
copying,none,best,10,98304,0,256,1149,0,0.448828125,0.0,horizon,66.35909652709961
copying,none,best,10,131072,0,256,1161,0,0.453515625,0.0,horizon,167.61833000183105
copying,none,best,16,1,0,256,1521,0,0.371337890625,0.0,horizon,0.03902482986450195
copying,none,best,16,2,0,256,1853,0,0.452392578125,0.0,horizon,0.038085222244262695
copying,none,best,16,3,0,256,1774,0,0.43310546875,0.0,horizon,0.039551496505737305
copying,none,best,16,4,0,256,1829,0,0.446533203125,0.0,horizon,0.03718829154968262
copying,none,best,16,5,0,256,1639,0,0.400146484375,0.0,horizon,0.04108285903930664
copying,none,best,16,6,0,256,1854,0,0.45263671875,0.0,horizon,0.04030752182006836
copying,none,best,16,7,0,256,1967,0,0.480224609375,0.0,horizon,0.04312634468078613
copying,none,best,16,8,0,256,1892,0,0.4619140625,0.0,horizon,0.03842973709106445
copying,none,best,16,9,0,256,1799,0,0.439208984375,0.0,horizon,0.03817629814147949
copying,none,best,16,10,0,256,2045,0,0.499267578125,0.0,horizon,0.03878951072692871
copying,none,best,16,11,0,256,1986,0,0.48486328125,0.0,horizon,0.03976750373840332
copying,none,best,16,12,0,256,1891,0,0.461669921875,0.0,horizon,0.039925336837768555
copying,none,best,16,13,0,256,1676,0,0.4091796875,0.0,horizon,0.038442373275756836
copying,none,best,16,14,0,256,1760,0,0.4296875,0.0,horizon,0.03953099250793457
copying,none,best,16,16,0,256,1792,0,0.4375,0.0,horizon,0.037095069885253906
copying,none,best,16,24,0,256,1920,0,0.46875,0.0,horizon,0.03809690475463867
copying,none,best,16,32,0,256,1810,0,0.44189453125,0.0,horizon,0.04521584510803223
copying,none,best,16,48,0,256,1148,0,0.2802734375,0.0,horizon,0.045862674713134766
copying,none,best,16,64,0,256,1721,0,0.420166015625,0.0,horizon,0.04566383361816406
copying,none,best,16,96,0,256,1814,0,0.44287109375,0.0,horizon,0.05321383476257324
copying,none,best,16,128,0,256,1762,0,0.43017578125,0.0,horizon,0.07826876640319824
copying,none,best,16,192,0,256,1809,0,0.441650390625,0.0,horizon,0.10568761825561523
copying,none,best,16,256,0,256,1632,0,0.3984375,0.0,horizon,0.14029598236083984
copying,none,best,16,384,0,256,1743,0,0.425537109375,0.0,horizon,0.19702696800231934
copying,none,best,16,512,0,256,1668,0,0.4072265625,0.0,horizon,0.25156402587890625
copying,none,best,16,768,0,256,1661,0,0.405517578125,0.0,horizon,0.39026784896850586
copying,none,best,16,1024,0,256,1590,0,0.38818359375,0.0,horizon,0.5566670894622803
copying,none,best,16,1536,0,256,1606,0,0.39208984375,0.0,horizon,0.8454849720001221
copying,none,best,16,2048,0,256,1575,0,0.384521484375,0.0,horizon,1.111680030822754
copying,none,best,16,3072,0,256,1578,0,0.38525390625,0.0,horizon,1.691136121749878
copying,none,best,16,4096,0,256,1582,0,0.38623046875,0.0,horizon,2.483109474182129
copying,none,best,16,6144,0,256,1584,0,0.38671875,0.0,horizon,3.674638032913208
copying,none,best,16,8192,0,256,1555,0,0.379638671875,0.0,horizon,4.913951635360718
copying,none,best,16,12288,0,256,1601,0,0.390869140625,0.0,horizon,7.317490577697754
copying,none,best,16,16384,0,256,1618,0,0.39501953125,0.0,horizon,10.04733395576477
copying,none,best,16,24576,0,256,1596,0,0.3896484375,0.0,horizon,15.294532299041748
copying,none,best,16,32768,0,256,1585,0,0.386962890625,0.0,horizon,20.881922960281372
copying,none,best,16,49152,0,256,1600,0,0.390625,0.0,horizon,31.47787094116211
copying,none,best,16,65536,0,256,1592,0,0.388671875,0.0,horizon,42.97766852378845
copying,none,best,16,98304,0,256,1563,0,0.381591796875,0.0,horizon,66.25269198417664
copying,none,best,16,131072,0,256,1548,0,0.3779296875,0.0,horizon,166.3631145954132
copying,none,best,32,1,0,256,2145,0,0.2618408203125,0.0,horizon,0.048041343688964844
copying,none,best,32,2,0,256,2570,0,0.313720703125,0.0,horizon,0.04907989501953125
copying,none,best,32,3,0,256,2560,0,0.3125,0.0,horizon,0.047846317291259766
copying,none,best,32,4,0,256,2560,0,0.3125,0.0,horizon,0.04748177528381348
copying,none,best,32,5,0,256,2415,0,0.2947998046875,0.0,horizon,0.047913551330566406
copying,none,best,32,6,0,256,2775,0,0.3387451171875,0.0,horizon,0.047850608825683594
copying,none,best,32,7,0,256,2737,0,0.3341064453125,0.0,horizon,0.04849863052368164
copying,none,best,32,8,0,256,2636,0,0.32177734375,0.0,horizon,0.04713034629821777
copying,none,best,32,9,0,256,2632,0,0.3212890625,0.0,horizon,0.0489652156829834
copying,none,best,32,10,0,256,2953,0,0.3604736328125,0.0,horizon,0.04878735542297363
copying,none,best,32,11,0,256,2889,0,0.3526611328125,0.0,horizon,0.050046443939208984
copying,none,best,32,12,0,256,2690,0,0.328369140625,0.0,horizon,0.048558950424194336
copying,none,best,32,13,0,256,2612,0,0.31884765625,0.0,horizon,0.05015707015991211
copying,none,best,32,14,0,256,2510,0,0.306396484375,0.0,horizon,0.04965519905090332
copying,none,best,32,16,0,256,2504,0,0.3056640625,0.0,horizon,0.0486750602722168
copying,none,best,32,24,0,256,2618,0,0.319580078125,0.0,horizon,0.0486600399017334
copying,none,best,32,32,0,256,1910,0,0.233154296875,0.0,horizon,0.04977083206176758
copying,none,best,32,48,0,256,2443,0,0.2982177734375,0.0,horizon,0.05030536651611328
copying,none,best,32,64,0,256,2540,0,0.31005859375,0.0,horizon,0.05482816696166992
copying,none,best,32,96,0,256,2248,0,0.2744140625,0.0,horizon,0.06688165664672852
copying,none,best,32,128,0,256,2584,0,0.3154296875,0.0,horizon,0.08103084564208984
copying,none,best,32,192,0,256,2514,0,0.306884765625,0.0,horizon,0.12335515022277832
copying,none,best,32,256,0,256,2609,0,0.3184814453125,0.0,horizon,0.14831185340881348
copying,none,best,32,384,0,256,2518,0,0.307373046875,0.0,horizon,0.21592974662780762
copying,none,best,32,512,0,256,2592,0,0.31640625,0.0,horizon,0.2777581214904785
copying,none,best,32,768,0,256,2544,0,0.310546875,0.0,horizon,0.3955845832824707
copying,none,best,32,1024,0,256,2547,0,0.3109130859375,0.0,horizon,0.5801029205322266
copying,none,best,32,1536,0,256,2561,0,0.3126220703125,0.0,horizon,0.8617663383483887
copying,none,best,32,2048,0,256,2520,0,0.3076171875,0.0,horizon,1.1319634914398193
copying,none,best,32,3072,0,256,2502,0,0.305419921875,0.0,horizon,1.7046260833740234
copying,none,best,32,4096,0,256,2481,0,0.3028564453125,0.0,horizon,2.5034515857696533
copying,none,best,32,6144,0,256,2517,0,0.3072509765625,0.0,horizon,3.7108728885650635
copying,none,best,32,8192,0,256,2491,0,0.3040771484375,0.0,horizon,4.938070058822632
copying,none,best,32,12288,0,256,2529,0,0.3087158203125,0.0,horizon,7.362111568450928
copying,none,best,32,16384,0,256,2398,0,0.292724609375,0.0,horizon,10.072377920150757
copying,none,best,32,24576,0,256,2384,0,0.291015625,0.0,horizon,15.295888662338257
copying,none,best,32,32768,0,256,2411,0,0.2943115234375,0.0,horizon,20.854340076446533
copying,none,best,32,49152,0,256,2412,0,0.29443359375,0.0,horizon,31.407482862472534
copying,none,best,32,65536,0,256,2196,0,0.26806640625,0.0,horizon,42.92304229736328
copying,none,best,32,98304,0,256,2199,0,0.2684326171875,0.0,horizon,66.22169137001038
copying,none,best,32,131072,0,256,2249,0,0.2745361328125,0.0,horizon,167.76414132118225
copying,none,best,64,1,0,256,3207,0,0.19573974609375,0.0,horizon,0.052405357360839844
copying,none,best,64,2,0,256,4057,0,0.24761962890625,0.0,horizon,0.05894947052001953
copying,none,best,64,3,0,256,3856,0,0.2353515625,0.0,horizon,0.057936668395996094
copying,none,best,64,4,0,256,3905,0,0.23834228515625,0.0,horizon,0.06109952926635742
copying,none,best,64,5,0,256,3803,0,0.23211669921875,0.0,horizon,0.05873918533325195
copying,none,best,64,6,0,256,4040,0,0.24658203125,0.0,horizon,0.05708742141723633
copying,none,best,64,7,0,256,3891,0,0.23748779296875,0.0,horizon,0.05753612518310547
copying,none,best,64,8,0,256,3914,0,0.2388916015625,0.0,horizon,0.05680656433105469
copying,none,best,64,9,0,256,3771,0,0.23016357421875,0.0,horizon,0.05894041061401367
copying,none,best,64,10,0,256,4116,0,0.251220703125,0.0,horizon,0.06017136573791504
copying,none,best,64,11,0,256,3916,0,0.239013671875,0.0,horizon,0.05819058418273926
copying,none,best,64,12,0,256,3787,0,0.23114013671875,0.0,horizon,0.05797243118286133
copying,none,best,64,13,0,256,3654,0,0.2230224609375,0.0,horizon,0.058576345443725586
copying,none,best,64,14,0,256,3912,0,0.23876953125,0.0,horizon,0.0595698356628418
copying,none,best,64,16,0,256,3820,0,0.233154296875,0.0,horizon,0.05910062789916992
copying,none,best,64,24,0,256,3887,0,0.23724365234375,0.0,horizon,0.060484886169433594
copying,none,best,64,32,0,256,3934,0,0.2401123046875,0.0,horizon,0.06259918212890625
copying,none,best,64,48,0,256,3971,0,0.24237060546875,0.0,horizon,0.07350826263427734
copying,none,best,64,64,0,256,3551,0,0.21673583984375,0.0,horizon,0.0828096866607666
copying,none,best,64,96,0,256,4006,0,0.2445068359375,0.0,horizon,0.09596872329711914
copying,none,best,64,128,0,256,3593,0,0.21929931640625,0.0,horizon,0.12189507484436035
copying,none,best,64,192,0,256,3277,0,0.20001220703125,0.0,horizon,0.15215754508972168
copying,none,best,64,256,0,256,3440,0,0.2099609375,0.0,horizon,0.18079686164855957
copying,none,best,64,384,0,256,3572,0,0.218017578125,0.0,horizon,0.2403581142425537
copying,none,best,64,512,0,256,3529,0,0.21539306640625,0.0,horizon,0.3061957359313965
copying,none,best,64,768,0,256,3571,0,0.21795654296875,0.0,horizon,0.4281022548675537
copying,none,best,64,1024,0,256,3508,0,0.214111328125,0.0,horizon,0.6090188026428223
copying,none,best,64,1536,0,256,3572,0,0.218017578125,0.0,horizon,0.8931972980499268
copying,none,best,64,2048,0,256,3533,0,0.21563720703125,0.0,horizon,1.1741905212402344
copying,none,best,64,3072,0,256,3557,0,0.21710205078125,0.0,horizon,1.7349376678466797
copying,none,best,64,4096,0,256,3569,0,0.21783447265625,0.0,horizon,2.5422682762145996
copying,none,best,64,6144,0,256,3542,0,0.2161865234375,0.0,horizon,3.7497029304504395
copying,none,best,64,8192,0,256,3536,0,0.2158203125,0.0,horizon,4.974606513977051
copying,none,best,64,12288,0,256,3575,0,0.21820068359375,0.0,horizon,7.400478839874268
copying,none,best,64,16384,0,256,3575,0,0.21820068359375,0.0,horizon,10.11512303352356
copying,none,best,64,24576,0,256,3499,0,0.21356201171875,0.0,horizon,15.36306643486023
copying,none,best,64,32768,0,256,3531,0,0.21551513671875,0.0,horizon,20.950284242630005
copying,none,best,64,49152,0,256,3546,0,0.2164306640625,0.0,horizon,31.514464139938354
copying,none,best,64,65536,0,256,3509,0,0.21417236328125,0.0,horizon,43.088088512420654
copying,none,best,64,98304,0,256,3611,0,0.22039794921875,0.0,horizon,66.27066969871521
copying,none,best,64,131072,0,256,3549,0,0.21661376953125,0.0,horizon,167.3329598903656
copying,none,best,10,16,7,256,1421,0,0.555078125,0.0,prefix,0.041663408279418945
copying,none,best,10,16,15,256,1362,0,0.53203125,0.0,prefix,0.04006171226501465
copying,none,best,10,16,63,256,1466,0,0.57265625,0.0,prefix,0.051839590072631836
copying,none,best,10,64,7,256,1249,0,0.487890625,0.0,prefix,0.05109691619873047
copying,none,best,10,64,15,256,1492,0,0.5828125,0.0,prefix,0.04940032958984375
copying,none,best,10,64,63,256,1468,1,0.5734375,0.00390625,prefix,0.0619807243347168
copying,none,best,10,256,7,256,1189,0,0.464453125,0.0,prefix,0.1370689868927002
copying,none,best,10,256,15,256,1485,0,0.580078125,0.0,prefix,0.14203238487243652
copying,none,best,10,256,63,256,1433,0,0.559765625,0.0,prefix,0.16033029556274414
copying,none,best,10,2048,7,256,1198,0,0.46796875,0.0,prefix,1.1422882080078125
copying,none,best,10,2048,15,256,1447,0,0.565234375,0.0,prefix,1.1344428062438965
copying,none,best,10,2048,63,256,1433,0,0.559765625,0.0,prefix,1.1732759475708008
copying,none,best,16,16,7,256,2011,0,0.490966796875,0.0,prefix,0.04078388214111328
copying,none,best,16,16,15,256,1741,0,0.425048828125,0.0,prefix,0.03947281837463379
copying,none,best,16,16,63,256,1710,0,0.41748046875,0.0,prefix,0.05057358741760254
copying,none,best,16,64,7,256,2030,0,0.49560546875,0.0,prefix,0.04896807670593262
copying,none,best,16,64,15,256,1769,0,0.431884765625,0.0,prefix,0.048651933670043945
copying,none,best,16,64,63,256,1660,0,0.4052734375,0.0,prefix,0.06325578689575195
copying,none,best,16,256,7,256,2030,0,0.49560546875,0.0,prefix,0.1330099105834961
copying,none,best,16,256,15,256,1827,0,0.446044921875,0.0,prefix,0.14120125770568848
copying,none,best,16,256,63,256,1732,0,0.4228515625,0.0,prefix,0.16646909713745117
copying,none,best,16,2048,7,256,1998,0,0.48779296875,0.0,prefix,1.159580945968628
copying,none,best,16,2048,15,256,1761,0,0.429931640625,0.0,prefix,1.1477601528167725
copying,none,best,16,2048,63,256,1707,0,0.416748046875,0.0,prefix,1.1728289127349854
copying,none,best,32,16,7,256,2829,0,0.3453369140625,0.0,prefix,0.050911903381347656
copying,none,best,32,16,15,256,2155,0,0.2630615234375,0.0,prefix,0.0489506721496582
copying,none,best,32,16,63,256,2585,0,0.3155517578125,0.0,prefix,0.05613899230957031
copying,none,best,32,64,7,256,2807,0,0.3426513671875,0.0,prefix,0.05675625801086426
copying,none,best,32,64,15,256,2646,0,0.322998046875,0.0,prefix,0.05762290954589844
copying,none,best,32,64,63,256,2443,0,0.2982177734375,0.0,prefix,0.07444238662719727
copying,none,best,32,256,7,256,2707,0,0.3304443359375,0.0,prefix,0.15337300300598145
copying,none,best,32,256,15,256,2671,0,0.3260498046875,0.0,prefix,0.1616649627685547
copying,none,best,32,256,63,256,2584,0,0.3154296875,0.0,prefix,0.18457889556884766
copying,none,best,32,2048,7,256,2700,0,0.32958984375,0.0,prefix,1.1675159931182861
copying,none,best,32,2048,15,256,2677,0,0.3267822265625,0.0,prefix,1.156052827835083
copying,none,best,32,2048,63,256,2624,0,0.3203125,0.0,prefix,1.1942474842071533
copying,none,best,64,16,7,256,3889,0,0.23736572265625,0.0,prefix,0.06426858901977539
copying,none,best,64,16,15,256,3897,0,0.23785400390625,0.0,prefix,0.0639493465423584
copying,none,best,64,16,63,256,3622,0,0.2210693359375,0.0,prefix,0.08294010162353516
copying,none,best,64,64,7,256,4104,0,0.25048828125,0.0,prefix,0.08413434028625488
copying,none,best,64,64,15,256,3789,0,0.23126220703125,0.0,prefix,0.08886051177978516
copying,none,best,64,64,63,256,3126,0,0.1907958984375,0.0,prefix,0.10878610610961914
copying,none,best,64,256,7,256,4021,0,0.24542236328125,0.0,prefix,0.18556499481201172
copying,none,best,64,256,15,256,3776,0,0.23046875,0.0,prefix,0.19492030143737793
copying,none,best,64,256,63,256,3205,0,0.19561767578125,0.0,prefix,0.21904611587524414
copying,none,best,64,2048,7,256,3958,0,0.2415771484375,0.0,prefix,1.2004389762878418
copying,none,best,64,2048,15,256,3883,0,0.23699951171875,0.0,prefix,1.1989898681640625
copying,none,best,64,2048,63,256,3225,0,0.19683837890625,0.0,prefix,1.2193500995635986
copying,none,best,128,16,0,256,6425,0,0.196075439453125,0.0,unseen-memory,0.1251382827758789
copying,none,best,128,16,15,256,6479,0,0.197723388671875,0.0,unseen-memory,0.13590312004089355
copying,none,best,128,64,0,256,6377,0,0.194610595703125,0.0,unseen-memory,0.15155982971191406
copying,none,best,128,64,15,256,6514,0,0.19879150390625,0.0,unseen-memory,0.16222810745239258
copying,none,best,128,256,0,256,5897,0,0.179962158203125,0.0,unseen-memory,0.24338340759277344
copying,none,best,128,256,15,256,6299,0,0.192230224609375,0.0,unseen-memory,0.25884580612182617
copying,none,best,128,2048,0,256,6004,0,0.1832275390625,0.0,unseen-memory,1.2428631782531738
copying,none,best,128,2048,15,256,6451,0,0.196868896484375,0.0,unseen-memory,1.2714083194732666
copying,none,final,10,1,0,256,1401,0,0.547265625,0.0,horizon,0.5689945220947266
copying,none,final,10,2,0,256,1390,1,0.54296875,0.00390625,horizon,0.03907918930053711
copying,none,final,10,3,0,256,1238,0,0.48359375,0.0,horizon,0.03729867935180664
copying,none,final,10,4,0,256,1399,0,0.546484375,0.0,horizon,0.035584449768066406
copying,none,final,10,5,0,256,1542,0,0.60234375,0.0,horizon,0.0384824275970459
copying,none,final,10,6,0,256,1328,0,0.51875,0.0,horizon,0.03624534606933594
copying,none,final,10,7,0,256,1342,0,0.52421875,0.0,horizon,0.03707551956176758
copying,none,final,10,8,0,256,1395,0,0.544921875,0.0,horizon,0.03834795951843262
copying,none,final,10,9,0,256,1370,0,0.53515625,0.0,horizon,0.03770804405212402
copying,none,final,10,10,0,256,1431,0,0.558984375,0.0,horizon,0.03664445877075195
copying,none,final,10,11,0,256,1339,0,0.523046875,0.0,horizon,0.03910946846008301
copying,none,final,10,12,0,256,1613,1,0.630078125,0.00390625,horizon,0.03743910789489746
copying,none,final,10,13,0,256,1319,0,0.515234375,0.0,horizon,0.03991365432739258
copying,none,final,10,14,0,256,1432,0,0.559375,0.0,horizon,0.03574943542480469
copying,none,final,10,16,0,256,1653,0,0.645703125,0.0,horizon,0.03527021408081055
copying,none,final,10,24,0,256,1546,1,0.60390625,0.00390625,horizon,0.03675675392150879
copying,none,final,10,32,0,256,1722,0,0.67265625,0.0,horizon,0.04040837287902832
copying,none,final,10,48,0,256,1688,0,0.659375,0.0,horizon,0.04797482490539551
copying,none,final,10,64,0,256,1672,0,0.653125,0.0,horizon,0.05008673667907715
copying,none,final,10,96,0,256,1691,0,0.660546875,0.0,horizon,0.04917168617248535
copying,none,final,10,128,0,256,1665,0,0.650390625,0.0,horizon,0.05703544616699219
copying,none,final,10,192,0,256,1672,0,0.653125,0.0,horizon,0.08137130737304688
copying,none,final,10,256,0,256,1590,0,0.62109375,0.0,horizon,0.12446856498718262
copying,none,final,10,384,0,256,1642,0,0.64140625,0.0,horizon,0.18038630485534668
copying,none,final,10,512,0,256,1614,0,0.63046875,0.0,horizon,0.2706875801086426
copying,none,final,10,768,0,256,1614,1,0.63046875,0.00390625,horizon,0.3789236545562744
copying,none,final,10,1024,0,256,1615,0,0.630859375,0.0,horizon,0.539076566696167
copying,none,final,10,1536,0,256,1609,0,0.628515625,0.0,horizon,0.82425856590271
copying,none,final,10,2048,0,256,1613,0,0.630078125,0.0,horizon,1.1147434711456299
copying,none,final,10,3072,0,256,1566,1,0.61171875,0.00390625,horizon,1.661921501159668
copying,none,final,10,4096,0,256,1559,0,0.608984375,0.0,horizon,2.450814962387085
copying,none,final,10,6144,0,256,1544,0,0.603125,0.0,horizon,3.641406774520874
copying,none,final,10,8192,0,256,1572,0,0.6140625,0.0,horizon,4.86396861076355
copying,none,final,10,12288,0,256,1540,0,0.6015625,0.0,horizon,7.259089231491089
copying,none,final,10,16384,0,256,1474,0,0.57578125,0.0,horizon,9.95174264907837
copying,none,final,10,24576,0,256,1471,0,0.574609375,0.0,horizon,15.174616575241089
copying,none,final,10,32768,0,256,1426,0,0.55703125,0.0,horizon,20.739900588989258
copying,none,final,10,49152,0,256,1478,0,0.57734375,0.0,horizon,31.346651792526245
copying,none,final,10,65536,0,256,1274,0,0.49765625,0.0,horizon,42.69007897377014
copying,none,final,10,98304,0,256,1263,0,0.493359375,0.0,horizon,65.79424452781677
copying,none,final,10,131072,0,256,1295,0,0.505859375,0.0,horizon,166.97512865066528
copying,none,final,16,1,0,256,1575,0,0.384521484375,0.0,horizon,0.03848671913146973
copying,none,final,16,2,0,256,1683,0,0.410888671875,0.0,horizon,0.03700542449951172
copying,none,final,16,3,0,256,1792,0,0.4375,0.0,horizon,0.03812766075134277
copying,none,final,16,4,0,256,1798,0,0.43896484375,0.0,horizon,0.03626894950866699
copying,none,final,16,5,0,256,1693,0,0.413330078125,0.0,horizon,0.03771233558654785
copying,none,final,16,6,0,256,2000,0,0.48828125,0.0,horizon,0.03814578056335449
copying,none,final,16,7,0,256,1729,0,0.422119140625,0.0,horizon,0.039252519607543945
copying,none,final,16,8,0,256,1698,0,0.41455078125,0.0,horizon,0.036681413650512695
copying,none,final,16,9,0,256,1672,0,0.408203125,0.0,horizon,0.03713488578796387
copying,none,final,16,10,0,256,2011,0,0.490966796875,0.0,horizon,0.036913394927978516
copying,none,final,16,11,0,256,1702,0,0.41552734375,0.0,horizon,0.037302255630493164
copying,none,final,16,12,0,256,1732,0,0.4228515625,0.0,horizon,0.03689908981323242
copying,none,final,16,13,0,256,1605,0,0.391845703125,0.0,horizon,0.03788185119628906
copying,none,final,16,14,0,256,1801,0,0.439697265625,0.0,horizon,0.039246320724487305
copying,none,final,16,16,0,256,1724,0,0.4208984375,0.0,horizon,0.036934614181518555
copying,none,final,16,24,0,256,1748,0,0.4267578125,0.0,horizon,0.038085222244262695
copying,none,final,16,32,0,256,1780,0,0.4345703125,0.0,horizon,0.04663491249084473
copying,none,final,16,48,0,256,1208,0,0.294921875,0.0,horizon,0.045961618423461914
copying,none,final,16,64,0,256,1577,0,0.385009765625,0.0,horizon,0.04718899726867676
copying,none,final,16,96,0,256,1826,0,0.44580078125,0.0,horizon,0.05277085304260254
copying,none,final,16,128,0,256,1679,0,0.409912109375,0.0,horizon,0.0778195858001709
copying,none,final,16,192,0,256,1700,0,0.4150390625,0.0,horizon,0.10507583618164062
copying,none,final,16,256,0,256,1471,0,0.359130859375,0.0,horizon,0.13819241523742676
copying,none,final,16,384,0,256,1667,0,0.406982421875,0.0,horizon,0.19459176063537598
copying,none,final,16,512,0,256,1488,0,0.36328125,0.0,horizon,0.25486254692077637
copying,none,final,16,768,0,256,1502,0,0.36669921875,0.0,horizon,0.3853902816772461
copying,none,final,16,1024,0,256,1400,0,0.341796875,0.0,horizon,0.5581276416778564
copying,none,final,16,1536,0,256,1479,0,0.361083984375,0.0,horizon,0.8409690856933594
copying,none,final,16,2048,0,256,1389,0,0.339111328125,0.0,horizon,1.1165969371795654
copying,none,final,16,3072,0,256,1421,0,0.346923828125,0.0,horizon,1.686316967010498
copying,none,final,16,4096,0,256,1377,0,0.336181640625,0.0,horizon,2.489046096801758
copying,none,final,16,6144,0,256,1438,0,0.35107421875,0.0,horizon,3.67036771774292
copying,none,final,16,8192,0,256,1377,0,0.336181640625,0.0,horizon,4.886858940124512
copying,none,final,16,12288,0,256,1401,0,0.342041015625,0.0,horizon,7.305145978927612
copying,none,final,16,16384,0,256,1351,0,0.329833984375,0.0,horizon,10.026899576187134
copying,none,final,16,24576,0,256,1404,0,0.3427734375,0.0,horizon,15.260529279708862
copying,none,final,16,32768,0,256,1354,0,0.33056640625,0.0,horizon,20.827646493911743
copying,none,final,16,49152,0,256,1381,0,0.337158203125,0.0,horizon,31.457554817199707
copying,none,final,16,65536,0,256,1336,0,0.326171875,0.0,horizon,42.81422972679138
copying,none,final,16,98304,0,256,1344,0,0.328125,0.0,horizon,66.05421900749207
copying,none,final,16,131072,0,256,1334,0,0.32568359375,0.0,horizon,166.26331734657288
copying,none,final,32,1,0,256,2331,0,0.2845458984375,0.0,horizon,0.046196699142456055
copying,none,final,32,2,0,256,2737,0,0.3341064453125,0.0,horizon,0.04602789878845215
copying,none,final,32,3,0,256,2622,0,0.320068359375,0.0,horizon,0.04774975776672363
copying,none,final,32,4,0,256,2677,0,0.3267822265625,0.0,horizon,0.04695582389831543
copying,none,final,32,5,0,256,2589,0,0.3160400390625,0.0,horizon,0.04788947105407715
copying,none,final,32,6,0,256,2865,0,0.3497314453125,0.0,horizon,0.047982215881347656
copying,none,final,32,7,0,256,2537,0,0.3096923828125,0.0,horizon,0.04648137092590332
copying,none,final,32,8,0,256,2558,0,0.312255859375,0.0,horizon,0.04587125778198242
copying,none,final,32,9,0,256,2548,0,0.31103515625,0.0,horizon,0.046518802642822266
copying,none,final,32,10,0,256,2883,0,0.3519287109375,0.0,horizon,0.045297861099243164
copying,none,final,32,11,0,256,2705,0,0.3302001953125,0.0,horizon,0.045420169830322266
copying,none,final,32,12,0,256,2654,0,0.323974609375,0.0,horizon,0.045384883880615234
copying,none,final,32,13,0,256,2724,0,0.33251953125,0.0,horizon,0.0465390682220459
copying,none,final,32,14,0,256,2781,0,0.3394775390625,0.0,horizon,0.045862674713134766
copying,none,final,32,16,0,256,2740,0,0.33447265625,0.0,horizon,0.045601606369018555
copying,none,final,32,24,0,256,2558,0,0.312255859375,0.0,horizon,0.048182010650634766
copying,none,final,32,32,0,256,1951,0,0.2381591796875,0.0,horizon,0.0463254451751709
copying,none,final,32,48,0,256,2268,0,0.27685546875,0.0,horizon,0.0475156307220459
copying,none,final,32,64,0,256,2493,0,0.3043212890625,0.0,horizon,0.05602455139160156
copying,none,final,32,96,0,256,2002,0,0.244384765625,0.0,horizon,0.06858325004577637
copying,none,final,32,128,0,256,2477,0,0.3023681640625,0.0,horizon,0.08039522171020508
copying,none,final,32,192,0,256,2451,0,0.2991943359375,0.0,horizon,0.12470579147338867
copying,none,final,32,256,0,256,2502,0,0.305419921875,0.0,horizon,0.1517810821533203
copying,none,final,32,384,0,256,2495,0,0.3045654296875,0.0,horizon,0.21361327171325684
copying,none,final,32,512,0,256,2561,0,0.3126220703125,0.0,horizon,0.2737395763397217
copying,none,final,32,768,0,256,2493,0,0.3043212890625,0.0,horizon,0.4011349678039551
copying,none,final,32,1024,0,256,2491,0,0.3040771484375,0.0,horizon,0.5781030654907227
copying,none,final,32,1536,0,256,2557,0,0.3121337890625,0.0,horizon,0.8613541126251221
copying,none,final,32,2048,0,256,2468,0,0.30126953125,0.0,horizon,1.1392791271209717
copying,none,final,32,3072,0,256,2462,0,0.300537109375,0.0,horizon,1.7050740718841553
copying,none,final,32,4096,0,256,2476,0,0.30224609375,0.0,horizon,2.503546953201294
copying,none,final,32,6144,0,256,2526,0,0.308349609375,0.0,horizon,3.7134485244750977
copying,none,final,32,8192,0,256,2492,0,0.30419921875,0.0,horizon,4.941946983337402
copying,none,final,32,12288,0,256,2464,0,0.30078125,0.0,horizon,7.374302625656128
copying,none,final,32,16384,0,256,2533,0,0.3092041015625,0.0,horizon,10.099584579467773
copying,none,final,32,24576,0,256,2443,0,0.2982177734375,0.0,horizon,15.326748847961426
copying,none,final,32,32768,0,256,2418,0,0.295166015625,0.0,horizon,20.871629238128662
copying,none,final,32,49152,0,256,2466,0,0.301025390625,0.0,horizon,31.488553524017334
copying,none,final,32,65536,0,256,2425,0,0.2960205078125,0.0,horizon,43.02704071998596
copying,none,final,32,98304,0,256,2468,0,0.30126953125,0.0,horizon,66.18080735206604
copying,none,final,32,131072,0,256,2428,0,0.29638671875,0.0,horizon,164.2117280960083
copying,none,final,64,1,0,256,3326,0,0.2030029296875,0.0,horizon,0.052040815353393555
copying,none,final,64,2,0,256,3780,0,0.230712890625,0.0,horizon,0.06043553352355957
copying,none,final,64,3,0,256,3961,0,0.24176025390625,0.0,horizon,0.05570340156555176
copying,none,final,64,4,0,256,3958,0,0.2415771484375,0.0,horizon,0.057161808013916016
copying,none,final,64,5,0,256,3902,0,0.2381591796875,0.0,horizon,0.060205698013305664
copying,none,final,64,6,0,256,4146,0,0.2530517578125,0.0,horizon,0.058107852935791016
copying,none,final,64,7,0,256,3855,0,0.23529052734375,0.0,horizon,0.05608177185058594
copying,none,final,64,8,0,256,3936,0,0.240234375,0.0,horizon,0.057013511657714844
copying,none,final,64,9,0,256,3768,0,0.22998046875,0.0,horizon,0.05827784538269043
copying,none,final,64,10,0,256,4124,0,0.251708984375,0.0,horizon,0.05940365791320801
copying,none,final,64,11,0,256,3755,0,0.22918701171875,0.0,horizon,0.0603785514831543
copying,none,final,64,12,0,256,3810,0,0.2325439453125,0.0,horizon,0.05754685401916504
copying,none,final,64,13,0,256,3665,0,0.22369384765625,0.0,horizon,0.05890297889709473
copying,none,final,64,14,0,256,3767,0,0.22991943359375,0.0,horizon,0.05994057655334473
copying,none,final,64,16,0,256,3477,0,0.21221923828125,0.0,horizon,0.05994915962219238
copying,none,final,64,24,0,256,3847,0,0.23480224609375,0.0,horizon,0.06073164939880371
copying,none,final,64,32,0,256,3810,0,0.2325439453125,0.0,horizon,0.06410503387451172
copying,none,final,64,48,0,256,3953,0,0.24127197265625,0.0,horizon,0.07291126251220703
copying,none,final,64,64,0,256,3274,0,0.1998291015625,0.0,horizon,0.08099102973937988
copying,none,final,64,96,0,256,3859,0,0.23553466796875,0.0,horizon,0.09667849540710449
copying,none,final,64,128,0,256,3414,0,0.2083740234375,0.0,horizon,0.1218116283416748
copying,none,final,64,192,0,256,3010,0,0.1837158203125,0.0,horizon,0.15157270431518555
copying,none,final,64,256,0,256,3314,0,0.2022705078125,0.0,horizon,0.18077516555786133
copying,none,final,64,384,0,256,3376,0,0.2060546875,0.0,horizon,0.24272537231445312
copying,none,final,64,512,0,256,3303,0,0.20159912109375,0.0,horizon,0.308243989944458
copying,none,final,64,768,0,256,3344,0,0.2041015625,0.0,horizon,0.4257237911224365
copying,none,final,64,1024,0,256,3270,0,0.1995849609375,0.0,horizon,0.6137657165527344
copying,none,final,64,1536,0,256,3380,0,0.206298828125,0.0,horizon,0.8973822593688965
copying,none,final,64,2048,0,256,3293,0,0.20098876953125,0.0,horizon,1.1658227443695068
copying,none,final,64,3072,0,256,3282,0,0.2003173828125,0.0,horizon,1.7413761615753174
copying,none,final,64,4096,0,256,3297,0,0.20123291015625,0.0,horizon,2.542504072189331
copying,none,final,64,6144,0,256,3270,0,0.1995849609375,0.0,horizon,3.741692543029785
copying,none,final,64,8192,0,256,3263,0,0.19915771484375,0.0,horizon,4.973149061203003
copying,none,final,64,12288,0,256,3301,0,0.20147705078125,0.0,horizon,7.3949174880981445
copying,none,final,64,16384,0,256,3264,0,0.19921875,0.0,horizon,10.125470876693726
copying,none,final,64,24576,0,256,3197,0,0.19512939453125,0.0,horizon,15.371716022491455
copying,none,final,64,32768,0,256,3287,0,0.20062255859375,0.0,horizon,20.9277560710907
copying,none,final,64,49152,0,256,3207,0,0.19573974609375,0.0,horizon,31.479013681411743
copying,none,final,64,65536,0,256,3237,0,0.19757080078125,0.0,horizon,42.97195267677307
copying,none,final,64,98304,0,256,3296,0,0.201171875,0.0,horizon,66.21499347686768
copying,none,final,64,131072,0,256,3258,0,0.1988525390625,0.0,horizon,165.5705292224884
copying,none,final,10,16,7,256,1396,0,0.5453125,0.0,prefix,0.03662419319152832
copying,none,final,10,16,15,256,1464,0,0.571875,0.0,prefix,0.036283016204833984
copying,none,final,10,16,63,256,1410,0,0.55078125,0.0,prefix,0.04816007614135742
copying,none,final,10,64,7,256,1345,0,0.525390625,0.0,prefix,0.04734945297241211
copying,none,final,10,64,15,256,1490,0,0.58203125,0.0,prefix,0.047179222106933594
copying,none,final,10,64,63,256,1397,0,0.545703125,0.0,prefix,0.05822277069091797
copying,none,final,10,256,7,256,1191,0,0.465234375,0.0,prefix,0.13778901100158691
copying,none,final,10,256,15,256,1422,0,0.55546875,0.0,prefix,0.1423337459564209
copying,none,final,10,256,63,256,1369,0,0.534765625,0.0,prefix,0.15969109535217285
copying,none,final,10,2048,7,256,1173,0,0.458203125,0.0,prefix,1.1424009799957275
copying,none,final,10,2048,15,256,1399,0,0.546484375,0.0,prefix,1.1365172863006592
copying,none,final,10,2048,63,256,1314,0,0.51328125,0.0,prefix,1.1683154106140137
copying,none,final,16,16,7,256,1790,0,0.43701171875,0.0,prefix,0.03952479362487793
copying,none,final,16,16,15,256,1865,0,0.455322265625,0.0,prefix,0.03755760192871094
copying,none,final,16,16,63,256,1815,0,0.443115234375,0.0,prefix,0.05096769332885742
copying,none,final,16,64,7,256,1862,0,0.45458984375,0.0,prefix,0.047014474868774414
copying,none,final,16,64,15,256,1837,0,0.448486328125,0.0,prefix,0.04871630668640137
copying,none,final,16,64,63,256,1786,0,0.43603515625,0.0,prefix,0.06009960174560547
copying,none,final,16,256,7,256,1867,0,0.455810546875,0.0,prefix,0.13486981391906738
copying,none,final,16,256,15,256,1848,0,0.451171875,0.0,prefix,0.14075636863708496
copying,none,final,16,256,63,256,1817,0,0.443603515625,0.0,prefix,0.16777896881103516
copying,none,final,16,2048,7,256,1859,0,0.453857421875,0.0,prefix,1.1568784713745117
copying,none,final,16,2048,15,256,1827,0,0.446044921875,0.0,prefix,1.1499791145324707
copying,none,final,16,2048,63,256,1788,0,0.4365234375,0.0,prefix,1.1751527786254883
copying,none,final,32,16,7,256,2613,0,0.3189697265625,0.0,prefix,0.0515894889831543
copying,none,final,32,16,15,256,2197,0,0.2681884765625,0.0,prefix,0.04809379577636719
copying,none,final,32,16,63,256,2721,0,0.3321533203125,0.0,prefix,0.05695700645446777
copying,none,final,32,64,7,256,2622,0,0.320068359375,0.0,prefix,0.05623006820678711
copying,none,final,32,64,15,256,2725,0,0.3326416015625,0.0,prefix,0.0590817928314209
copying,none,final,32,64,63,256,2509,0,0.3062744140625,0.0,prefix,0.07610368728637695
copying,none,final,32,256,7,256,2509,0,0.3062744140625,0.0,prefix,0.15300297737121582
copying,none,final,32,256,15,256,2727,0,0.3328857421875,0.0,prefix,0.16276025772094727
copying,none,final,32,256,63,256,2579,0,0.3148193359375,0.0,prefix,0.18485260009765625
copying,none,final,32,2048,7,256,2531,0,0.3089599609375,0.0,prefix,1.1695585250854492
copying,none,final,32,2048,15,256,2727,0,0.3328857421875,0.0,prefix,1.170353889465332
copying,none,final,32,2048,63,256,2602,0,0.317626953125,0.0,prefix,1.1861798763275146
copying,none,final,64,16,7,256,3817,0,0.23297119140625,0.0,prefix,0.06422185897827148
copying,none,final,64,16,15,256,3930,0,0.2398681640625,0.0,prefix,0.06558537483215332
copying,none,final,64,16,63,256,3774,0,0.2303466796875,0.0,prefix,0.08540821075439453
copying,none,final,64,64,7,256,4074,0,0.2486572265625,0.0,prefix,0.08499860763549805
copying,none,final,64,64,15,256,4034,0,0.2462158203125,0.0,prefix,0.0874485969543457
copying,none,final,64,64,63,256,3498,0,0.2135009765625,0.0,prefix,0.10947465896606445
copying,none,final,64,256,7,256,3989,0,0.24346923828125,0.0,prefix,0.19121623039245605
copying,none,final,64,256,15,256,3874,0,0.2364501953125,0.0,prefix,0.19391918182373047
copying,none,final,64,256,63,256,3493,0,0.21319580078125,0.0,prefix,0.21729493141174316
copying,none,final,64,2048,7,256,3934,0,0.2401123046875,0.0,prefix,1.2080485820770264
copying,none,final,64,2048,15,256,3887,0,0.23724365234375,0.0,prefix,1.203892707824707
copying,none,final,64,2048,63,256,3610,0,0.2203369140625,0.0,prefix,1.2315001487731934
copying,none,final,128,16,0,256,6277,0,0.191558837890625,0.0,unseen-memory,0.12407207489013672
copying,none,final,128,16,15,256,6529,0,0.199249267578125,0.0,unseen-memory,0.13712430000305176
copying,none,final,128,64,0,256,6107,0,0.186370849609375,0.0,unseen-memory,0.1501600742340088
copying,none,final,128,64,15,256,6616,0,0.201904296875,0.0,unseen-memory,0.16333341598510742
copying,none,final,128,256,0,256,5693,0,0.173736572265625,0.0,unseen-memory,0.2479877471923828
copying,none,final,128,256,15,256,6465,0,0.197296142578125,0.0,unseen-memory,0.25925493240356445
copying,none,final,128,2048,0,256,5804,0,0.1771240234375,0.0,unseen-memory,1.2546982765197754
copying,none,final,128,2048,15,256,6389,0,0.194976806640625,0.0,unseen-memory,1.2758615016937256
copying,phase2,best,10,1,0,256,2553,249,0.997265625,0.97265625,horizon,0.6072423458099365
copying,phase2,best,10,2,0,256,2545,242,0.994140625,0.9453125,horizon,0.04130983352661133
copying,phase2,best,10,3,0,256,2536,233,0.990625,0.91015625,horizon,0.040793657302856445
copying,phase2,best,10,4,0,256,2555,251,0.998046875,0.98046875,horizon,0.03901314735412598
copying,phase2,best,10,5,0,256,2554,250,0.99765625,0.9765625,horizon,0.03794145584106445
copying,phase2,best,10,6,0,256,2556,252,0.9984375,0.984375,horizon,0.037853240966796875
copying,phase2,best,10,7,0,256,2550,247,0.99609375,0.96484375,horizon,0.039209604263305664
copying,phase2,best,10,8,0,256,2559,255,0.999609375,0.99609375,horizon,0.039998769760131836
copying,phase2,best,10,9,0,256,2556,252,0.9984375,0.984375,horizon,0.04098939895629883
copying,phase2,best,10,10,0,256,2557,253,0.998828125,0.98828125,horizon,0.03968667984008789
copying,phase2,best,10,11,0,256,2546,242,0.99453125,0.9453125,horizon,0.04154157638549805
copying,phase2,best,10,12,0,256,2554,250,0.99765625,0.9765625,horizon,0.03950691223144531
copying,phase2,best,10,13,0,256,2554,251,0.99765625,0.98046875,horizon,0.03862786293029785
copying,phase2,best,10,14,0,256,2552,249,0.996875,0.97265625,horizon,0.04048585891723633
copying,phase2,best,10,16,0,256,2558,254,0.99921875,0.9921875,horizon,0.03966069221496582
copying,phase2,best,10,24,0,256,2555,251,0.998046875,0.98046875,horizon,0.04035162925720215
copying,phase2,best,10,32,0,256,2553,249,0.997265625,0.97265625,horizon,0.0406641960144043
copying,phase2,best,10,48,0,256,2560,256,1.0,1.0,horizon,0.048243045806884766
copying,phase2,best,10,64,0,256,2558,254,0.99921875,0.9921875,horizon,0.052648305892944336
copying,phase2,best,10,96,0,256,2556,252,0.9984375,0.984375,horizon,0.0503544807434082
copying,phase2,best,10,128,0,256,2557,253,0.998828125,0.98828125,horizon,0.05768871307373047
copying,phase2,best,10,192,0,256,2555,251,0.998046875,0.98046875,horizon,0.08811521530151367
copying,phase2,best,10,256,0,256,2557,253,0.998828125,0.98828125,horizon,0.1309671401977539
copying,phase2,best,10,384,0,256,2554,251,0.99765625,0.98046875,horizon,0.19400835037231445
copying,phase2,best,10,512,0,256,2551,248,0.996484375,0.96875,horizon,0.31653571128845215
copying,phase2,best,10,768,0,256,2557,253,0.998828125,0.98828125,horizon,0.3822929859161377
copying,phase2,best,10,1024,0,256,2550,246,0.99609375,0.9609375,horizon,0.6016781330108643
copying,phase2,best,10,1536,0,256,2554,250,0.99765625,0.9765625,horizon,0.8740878105163574
copying,phase2,best,10,2048,0,256,2552,248,0.996875,0.96875,horizon,1.1889984607696533
copying,phase2,best,10,3072,0,256,2553,250,0.997265625,0.9765625,horizon,1.7791578769683838
copying,phase2,best,10,4096,0,256,2493,193,0.973828125,0.75390625,horizon,2.624999523162842
copying,phase2,best,10,6144,0,256,2502,201,0.97734375,0.78515625,horizon,3.897507905960083
copying,phase2,best,10,8192,0,256,2491,190,0.973046875,0.7421875,horizon,5.201042175292969
copying,phase2,best,10,12288,0,256,2486,184,0.97109375,0.71875,horizon,7.767016887664795
copying,phase2,best,10,16384,0,256,2086,29,0.81484375,0.11328125,horizon,10.640475988388062
copying,phase2,best,10,24576,0,256,2043,14,0.798046875,0.0546875,horizon,16.246010065078735
copying,phase2,best,10,32768,0,256,2078,29,0.81171875,0.11328125,horizon,22.40656876564026
copying,phase2,best,10,49152,0,256,2076,25,0.8109375,0.09765625,horizon,33.803571701049805
copying,phase2,best,10,65536,0,256,1699,0,0.663671875,0.0,horizon,46.09454870223999
copying,phase2,best,10,98304,0,256,1660,0,0.6484375,0.0,horizon,71.06006455421448
copying,phase2,best,10,131072,0,256,1714,1,0.66953125,0.00390625,horizon,171.19996404647827
copying,phase2,best,16,1,0,256,3455,3,0.843505859375,0.01171875,horizon,0.038025856018066406
copying,phase2,best,16,2,0,256,3479,3,0.849365234375,0.01171875,horizon,0.0369570255279541
copying,phase2,best,16,3,0,256,3457,5,0.843994140625,0.01953125,horizon,0.039153337478637695
copying,phase2,best,16,4,0,256,3465,4,0.845947265625,0.015625,horizon,0.03777050971984863
copying,phase2,best,16,5,0,256,3424,4,0.8359375,0.015625,horizon,0.03863835334777832
copying,phase2,best,16,6,0,256,3455,4,0.843505859375,0.015625,horizon,0.03882884979248047
copying,phase2,best,16,7,0,256,3459,3,0.844482421875,0.01171875,horizon,0.03879976272583008
copying,phase2,best,16,8,0,256,3476,0,0.8486328125,0.0,horizon,0.03786897659301758
copying,phase2,best,16,9,0,256,3484,4,0.8505859375,0.015625,horizon,0.03898763656616211
copying,phase2,best,16,10,0,256,3481,2,0.849853515625,0.0078125,horizon,0.039209604263305664
copying,phase2,best,16,11,0,256,3499,7,0.854248046875,0.02734375,horizon,0.03902268409729004
copying,phase2,best,16,12,0,256,3500,4,0.8544921875,0.015625,horizon,0.03858780860900879
copying,phase2,best,16,13,0,256,3452,3,0.8427734375,0.01171875,horizon,0.039374589920043945
copying,phase2,best,16,14,0,256,3459,4,0.844482421875,0.015625,horizon,0.04111170768737793
copying,phase2,best,16,16,0,256,3499,5,0.854248046875,0.01953125,horizon,0.03905034065246582
copying,phase2,best,16,24,0,256,3444,2,0.8408203125,0.0078125,horizon,0.039742231369018555
copying,phase2,best,16,32,0,256,3437,4,0.839111328125,0.015625,horizon,0.047821998596191406
copying,phase2,best,16,48,0,256,3477,4,0.848876953125,0.015625,horizon,0.04974985122680664
copying,phase2,best,16,64,0,256,3472,5,0.84765625,0.01953125,horizon,0.0493166446685791
copying,phase2,best,16,96,0,256,3435,3,0.838623046875,0.01171875,horizon,0.055513858795166016
copying,phase2,best,16,128,0,256,3482,6,0.85009765625,0.0234375,horizon,0.08627986907958984
copying,phase2,best,16,192,0,256,3472,1,0.84765625,0.00390625,horizon,0.11253523826599121
copying,phase2,best,16,256,0,256,3489,4,0.851806640625,0.015625,horizon,0.14585018157958984
copying,phase2,best,16,384,0,256,3479,6,0.849365234375,0.0234375,horizon,0.20546793937683105
copying,phase2,best,16,512,0,256,3472,4,0.84765625,0.015625,horizon,0.265472412109375
copying,phase2,best,16,768,0,256,3486,3,0.85107421875,0.01171875,horizon,0.42200684547424316
copying,phase2,best,16,1024,0,256,3436,3,0.8388671875,0.01171875,horizon,0.5757424831390381
copying,phase2,best,16,1536,0,256,3455,5,0.843505859375,0.01953125,horizon,0.8990199565887451
copying,phase2,best,16,2048,0,256,3504,6,0.85546875,0.0234375,horizon,1.1892054080963135
copying,phase2,best,16,3072,0,256,3450,4,0.84228515625,0.015625,horizon,1.7968981266021729
copying,phase2,best,16,4096,0,256,3488,3,0.8515625,0.01171875,horizon,2.651216506958008
copying,phase2,best,16,6144,0,256,3456,2,0.84375,0.0078125,horizon,3.9022057056427
copying,phase2,best,16,8192,0,256,3445,6,0.841064453125,0.0234375,horizon,5.186711072921753
copying,phase2,best,16,12288,0,256,3436,3,0.8388671875,0.01171875,horizon,7.765941619873047
copying,phase2,best,16,16384,0,256,3274,3,0.79931640625,0.01171875,horizon,10.682337999343872
copying,phase2,best,16,24576,0,256,3292,3,0.8037109375,0.01171875,horizon,16.24065065383911
copying,phase2,best,16,32768,0,256,3255,0,0.794677734375,0.0,horizon,22.329153299331665
copying,phase2,best,16,49152,0,256,3280,2,0.80078125,0.0078125,horizon,33.57013297080994
copying,phase2,best,16,65536,0,256,2675,0,0.653076171875,0.0,horizon,46.03579664230347
copying,phase2,best,16,98304,0,256,2622,0,0.64013671875,0.0,horizon,71.27621293067932
copying,phase2,best,16,131072,0,256,2634,0,0.64306640625,0.0,horizon,171.75510239601135
copying,phase2,best,32,1,0,256,4295,0,0.5242919921875,0.0,horizon,0.04756045341491699
copying,phase2,best,32,2,0,256,4359,0,0.5321044921875,0.0,horizon,0.050762176513671875
copying,phase2,best,32,3,0,256,4371,0,0.5335693359375,0.0,horizon,0.05440497398376465
copying,phase2,best,32,4,0,256,4328,0,0.5283203125,0.0,horizon,0.05193185806274414
copying,phase2,best,32,5,0,256,4322,0,0.527587890625,0.0,horizon,0.04835915565490723
copying,phase2,best,32,6,0,256,4433,0,0.5411376953125,0.0,horizon,0.050423383712768555
copying,phase2,best,32,7,0,256,4356,0,0.53173828125,0.0,horizon,0.0505831241607666
copying,phase2,best,32,8,0,256,4360,0,0.5322265625,0.0,horizon,0.049349069595336914
copying,phase2,best,32,9,0,256,4267,0,0.5208740234375,0.0,horizon,0.05009150505065918
copying,phase2,best,32,10,0,256,4292,0,0.52392578125,0.0,horizon,0.04806184768676758
copying,phase2,best,32,11,0,256,4292,0,0.52392578125,0.0,horizon,0.04804205894470215
copying,phase2,best,32,12,0,256,4317,0,0.5269775390625,0.0,horizon,0.04705977439880371
copying,phase2,best,32,13,0,256,4307,0,0.5257568359375,0.0,horizon,0.048647165298461914
copying,phase2,best,32,14,0,256,4349,0,0.5308837890625,0.0,horizon,0.05005168914794922
copying,phase2,best,32,16,0,256,4279,0,0.5223388671875,0.0,horizon,0.04702425003051758
copying,phase2,best,32,24,0,256,4111,0,0.5018310546875,0.0,horizon,0.04850506782531738
copying,phase2,best,32,32,0,256,4109,0,0.5015869140625,0.0,horizon,0.04831385612487793
copying,phase2,best,32,48,0,256,4124,0,0.50341796875,0.0,horizon,0.0507044792175293
copying,phase2,best,32,64,0,256,4139,0,0.5052490234375,0.0,horizon,0.05953359603881836
copying,phase2,best,32,96,0,256,4118,0,0.502685546875,0.0,horizon,0.07423639297485352
copying,phase2,best,32,128,0,256,4121,0,0.5030517578125,0.0,horizon,0.08533596992492676
copying,phase2,best,32,192,0,256,4118,0,0.502685546875,0.0,horizon,0.12833023071289062
copying,phase2,best,32,256,0,256,4085,0,0.4986572265625,0.0,horizon,0.16025710105895996
copying,phase2,best,32,384,0,256,4121,0,0.5030517578125,0.0,horizon,0.23085451126098633
copying,phase2,best,32,512,0,256,4136,0,0.5048828125,0.0,horizon,0.2951083183288574
copying,phase2,best,32,768,0,256,4166,0,0.508544921875,0.0,horizon,0.4198439121246338
copying,phase2,best,32,1024,0,256,4146,0,0.506103515625,0.0,horizon,0.6190757751464844
copying,phase2,best,32,1536,0,256,4129,0,0.5040283203125,0.0,horizon,0.9087741374969482
copying,phase2,best,32,2048,0,256,4143,0,0.5057373046875,0.0,horizon,1.2015070915222168
copying,phase2,best,32,3072,0,256,4167,0,0.5086669921875,0.0,horizon,1.792710304260254
copying,phase2,best,32,4096,0,256,4101,0,0.5006103515625,0.0,horizon,2.6340036392211914
copying,phase2,best,32,6144,0,256,4108,0,0.50146484375,0.0,horizon,3.9052441120147705
copying,phase2,best,32,8192,0,256,4135,0,0.5047607421875,0.0,horizon,5.2163074016571045
copying,phase2,best,32,12288,0,256,4106,0,0.501220703125,0.0,horizon,7.756289005279541
copying,phase2,best,32,16384,0,256,3927,0,0.4793701171875,0.0,horizon,10.622243165969849
copying,phase2,best,32,24576,0,256,3895,0,0.4754638671875,0.0,horizon,16.216381788253784
copying,phase2,best,32,32768,0,256,3892,0,0.47509765625,0.0,horizon,22.29998517036438
copying,phase2,best,32,49152,0,256,3850,0,0.469970703125,0.0,horizon,33.43054509162903
copying,phase2,best,32,65536,0,256,3266,0,0.398681640625,0.0,horizon,45.80122470855713
copying,phase2,best,32,98304,0,256,3237,0,0.3951416015625,0.0,horizon,70.861887216568
copying,phase2,best,32,131072,0,256,3222,0,0.393310546875,0.0,horizon,171.622163772583
copying,phase2,best,64,1,0,256,5225,0,0.31890869140625,0.0,horizon,0.05390334129333496
copying,phase2,best,64,2,0,256,5314,0,0.3243408203125,0.0,horizon,0.06076788902282715
copying,phase2,best,64,3,0,256,5328,0,0.3251953125,0.0,horizon,0.06028580665588379
copying,phase2,best,64,4,0,256,5329,0,0.32525634765625,0.0,horizon,0.0615086555480957
copying,phase2,best,64,5,0,256,5268,0,0.321533203125,0.0,horizon,0.059651851654052734
copying,phase2,best,64,6,0,256,5247,0,0.32025146484375,0.0,horizon,0.05969691276550293
copying,phase2,best,64,7,0,256,5261,0,0.32110595703125,0.0,horizon,0.060544729232788086
copying,phase2,best,64,8,0,256,5243,0,0.32000732421875,0.0,horizon,0.061664581298828125
copying,phase2,best,64,9,0,256,5283,0,0.32244873046875,0.0,horizon,0.06055259704589844
copying,phase2,best,64,10,0,256,5326,0,0.3250732421875,0.0,horizon,0.06057381629943848
copying,phase2,best,64,11,0,256,5236,0,0.319580078125,0.0,horizon,0.06156754493713379
copying,phase2,best,64,12,0,256,5261,0,0.32110595703125,0.0,horizon,0.06170201301574707
copying,phase2,best,64,13,0,256,5297,0,0.32330322265625,0.0,horizon,0.06253361701965332
copying,phase2,best,64,14,0,256,5300,0,0.323486328125,0.0,horizon,0.0665431022644043
copying,phase2,best,64,16,0,256,5235,0,0.31951904296875,0.0,horizon,0.06317520141601562
copying,phase2,best,64,24,0,256,5185,0,0.31646728515625,0.0,horizon,0.06261920928955078
copying,phase2,best,64,32,0,256,5232,0,0.3193359375,0.0,horizon,0.06848454475402832
copying,phase2,best,64,48,0,256,5273,0,0.32183837890625,0.0,horizon,0.07579731941223145
copying,phase2,best,64,64,0,256,5294,0,0.3231201171875,0.0,horizon,0.08561038970947266
copying,phase2,best,64,96,0,256,5340,0,0.325927734375,0.0,horizon,0.09836196899414062
copying,phase2,best,64,128,0,256,5353,0,0.32672119140625,0.0,horizon,0.12855100631713867
copying,phase2,best,64,192,0,256,5260,0,0.321044921875,0.0,horizon,0.15834307670593262
copying,phase2,best,64,256,0,256,5301,0,0.32354736328125,0.0,horizon,0.1932058334350586
copying,phase2,best,64,384,0,256,5291,0,0.32293701171875,0.0,horizon,0.2573971748352051
copying,phase2,best,64,512,0,256,5342,0,0.3260498046875,0.0,horizon,0.3159470558166504
copying,phase2,best,64,768,0,256,5291,0,0.32293701171875,0.0,horizon,0.45035386085510254
copying,phase2,best,64,1024,0,256,5297,0,0.32330322265625,0.0,horizon,0.642864465713501
copying,phase2,best,64,1536,0,256,5358,0,0.3270263671875,0.0,horizon,0.9394049644470215
copying,phase2,best,64,2048,0,256,5385,0,0.32867431640625,0.0,horizon,1.2432634830474854
copying,phase2,best,64,3072,0,256,5223,0,0.31878662109375,0.0,horizon,1.8252875804901123
copying,phase2,best,64,4096,0,256,5332,0,0.325439453125,0.0,horizon,2.6782572269439697
copying,phase2,best,64,6144,0,256,5346,0,0.3262939453125,0.0,horizon,3.937856912612915
copying,phase2,best,64,8192,0,256,5230,0,0.3192138671875,0.0,horizon,5.231257915496826
copying,phase2,best,64,12288,0,256,5303,0,0.32366943359375,0.0,horizon,7.783745288848877
copying,phase2,best,64,16384,0,256,5103,0,0.31146240234375,0.0,horizon,10.735841989517212
copying,phase2,best,64,24576,0,256,5131,0,0.31317138671875,0.0,horizon,16.21037745475769
copying,phase2,best,64,32768,0,256,5074,0,0.3096923828125,0.0,horizon,22.234363317489624
copying,phase2,best,64,49152,0,256,5162,0,0.3150634765625,0.0,horizon,33.505924463272095
copying,phase2,best,64,65536,0,256,4418,0,0.2696533203125,0.0,horizon,46.01993012428284
copying,phase2,best,64,98304,0,256,4498,0,0.2745361328125,0.0,horizon,71.21641063690186
copying,phase2,best,64,131072,0,256,4518,0,0.2757568359375,0.0,horizon,173.09100770950317
copying,phase2,best,10,16,7,256,2546,242,0.99453125,0.9453125,prefix,0.04099297523498535
copying,phase2,best,10,16,15,256,2546,244,0.99453125,0.953125,prefix,0.0384976863861084
copying,phase2,best,10,16,63,256,2491,206,0.973046875,0.8046875,prefix,0.05343198776245117
copying,phase2,best,10,64,7,256,2547,243,0.994921875,0.94921875,prefix,0.05362081527709961
copying,phase2,best,10,64,15,256,2551,247,0.996484375,0.96484375,prefix,0.05060863494873047
copying,phase2,best,10,64,63,256,2543,241,0.993359375,0.94140625,prefix,0.0645303726196289
copying,phase2,best,10,256,7,256,2555,252,0.998046875,0.984375,prefix,0.14633464813232422
copying,phase2,best,10,256,15,256,2552,248,0.996875,0.96875,prefix,0.14650273323059082
copying,phase2,best,10,256,63,256,2542,240,0.99296875,0.9375,prefix,0.1721642017364502
copying,phase2,best,10,2048,7,256,2539,236,0.991796875,0.921875,prefix,1.2176399230957031
copying,phase2,best,10,2048,15,256,2541,238,0.992578125,0.9296875,prefix,1.2052440643310547
copying,phase2,best,10,2048,63,256,2543,241,0.993359375,0.94140625,prefix,1.2453274726867676
copying,phase2,best,16,16,7,256,3466,3,0.84619140625,0.01171875,prefix,0.04053997993469238
copying,phase2,best,16,16,15,256,3528,8,0.861328125,0.03125,prefix,0.03953123092651367
copying,phase2,best,16,16,63,256,3453,7,0.843017578125,0.02734375,prefix,0.05199146270751953
copying,phase2,best,16,64,7,256,3462,2,0.84521484375,0.0078125,prefix,0.05141782760620117
copying,phase2,best,16,64,15,256,3539,7,0.864013671875,0.02734375,prefix,0.05202889442443848
copying,phase2,best,16,64,63,256,3487,6,0.851318359375,0.0234375,prefix,0.0686028003692627
copying,phase2,best,16,256,7,256,3438,5,0.83935546875,0.01953125,prefix,0.14681267738342285
copying,phase2,best,16,256,15,256,3511,7,0.857177734375,0.02734375,prefix,0.15254998207092285
copying,phase2,best,16,256,63,256,3519,9,0.859130859375,0.03515625,prefix,0.1790018081665039
copying,phase2,best,16,2048,7,256,3468,7,0.8466796875,0.02734375,prefix,1.2402911186218262
copying,phase2,best,16,2048,15,256,3554,5,0.86767578125,0.01953125,prefix,1.2204442024230957
copying,phase2,best,16,2048,63,256,3487,8,0.851318359375,0.03125,prefix,1.252263069152832
copying,phase2,best,32,16,7,256,4108,0,0.50146484375,0.0,prefix,0.05072307586669922
copying,phase2,best,32,16,15,256,4221,0,0.5152587890625,0.0,prefix,0.04986929893493652
copying,phase2,best,32,16,63,256,4401,0,0.5372314453125,0.0,prefix,0.05919384956359863
copying,phase2,best,32,64,7,256,4157,0,0.5074462890625,0.0,prefix,0.060030221939086914
copying,phase2,best,32,64,15,256,4250,0,0.518798828125,0.0,prefix,0.0608515739440918
copying,phase2,best,32,64,63,256,4250,0,0.518798828125,0.0,prefix,0.0842890739440918
copying,phase2,best,32,256,7,256,4139,0,0.5052490234375,0.0,prefix,0.17008566856384277
copying,phase2,best,32,256,15,256,4246,0,0.518310546875,0.0,prefix,0.17227888107299805
copying,phase2,best,32,256,63,256,4195,0,0.5120849609375,0.0,prefix,0.1963520050048828
copying,phase2,best,32,2048,7,256,4107,0,0.5013427734375,0.0,prefix,1.2498540878295898
copying,phase2,best,32,2048,15,256,4269,0,0.5211181640625,0.0,prefix,1.240666151046753
copying,phase2,best,32,2048,63,256,4290,0,0.523681640625,0.0,prefix,1.2615430355072021
copying,phase2,best,64,16,7,256,5466,0,0.3336181640625,0.0,prefix,0.0679774284362793
copying,phase2,best,64,16,15,256,5415,0,0.33050537109375,0.0,prefix,0.0692741870880127
copying,phase2,best,64,16,63,256,5439,0,0.33197021484375,0.0,prefix,0.09102439880371094
copying,phase2,best,64,64,7,256,5215,0,0.31829833984375,0.0,prefix,0.08989405632019043
copying,phase2,best,64,64,15,256,5393,0,0.32916259765625,0.0,prefix,0.09554123878479004
copying,phase2,best,64,64,63,256,5413,0,0.33038330078125,0.0,prefix,0.11285853385925293
copying,phase2,best,64,256,7,256,5301,0,0.32354736328125,0.0,prefix,0.20274996757507324
copying,phase2,best,64,256,15,256,5369,0,0.32769775390625,0.0,prefix,0.20798277854919434
copying,phase2,best,64,256,63,256,5404,0,0.329833984375,0.0,prefix,0.23001766204833984
copying,phase2,best,64,2048,7,256,5276,0,0.322021484375,0.0,prefix,1.278531789779663
copying,phase2,best,64,2048,15,256,5364,0,0.327392578125,0.0,prefix,1.2742419242858887
copying,phase2,best,64,2048,63,256,5341,0,0.32598876953125,0.0,prefix,1.3057339191436768
copying,phase2,best,128,16,0,256,7757,0,0.236724853515625,0.0,unseen-memory,0.13404107093811035
copying,phase2,best,128,16,15,256,7810,0,0.23834228515625,0.0,unseen-memory,0.1456131935119629
copying,phase2,best,128,64,0,256,7536,0,0.22998046875,0.0,unseen-memory,0.15993332862854004
copying,phase2,best,128,64,15,256,7773,0,0.237213134765625,0.0,unseen-memory,0.17054224014282227
copying,phase2,best,128,256,0,256,7404,0,0.2259521484375,0.0,unseen-memory,0.2610750198364258
copying,phase2,best,128,256,15,256,7512,0,0.229248046875,0.0,unseen-memory,0.2763204574584961
copying,phase2,best,128,2048,0,256,7484,0,0.2283935546875,0.0,unseen-memory,1.324369192123413
copying,phase2,best,128,2048,15,256,7607,0,0.232147216796875,0.0,unseen-memory,1.355921745300293
copying,phase2,final,10,1,0,256,2553,249,0.997265625,0.97265625,horizon,0.5984430313110352
copying,phase2,final,10,2,0,256,2549,245,0.995703125,0.95703125,horizon,0.04247450828552246
copying,phase2,final,10,3,0,256,2531,232,0.988671875,0.90625,horizon,0.04392576217651367
copying,phase2,final,10,4,0,256,2553,249,0.997265625,0.97265625,horizon,0.04132437705993652
copying,phase2,final,10,5,0,256,2559,255,0.999609375,0.99609375,horizon,0.04059410095214844
copying,phase2,final,10,6,0,256,2552,248,0.996875,0.96875,horizon,0.04041790962219238
copying,phase2,final,10,7,0,256,2551,248,0.996484375,0.96875,horizon,0.040961265563964844
copying,phase2,final,10,8,0,256,2552,249,0.996875,0.97265625,horizon,0.03931164741516113
copying,phase2,final,10,9,0,256,2555,252,0.998046875,0.984375,horizon,0.04045510292053223
copying,phase2,final,10,10,0,256,2559,255,0.999609375,0.99609375,horizon,0.040199995040893555
copying,phase2,final,10,11,0,256,2554,250,0.99765625,0.9765625,horizon,0.04168891906738281
copying,phase2,final,10,12,0,256,2554,251,0.99765625,0.98046875,horizon,0.04047274589538574
copying,phase2,final,10,13,0,256,2554,253,0.99765625,0.98828125,horizon,0.039629220962524414
copying,phase2,final,10,14,0,256,2552,248,0.996875,0.96875,horizon,0.04155993461608887
copying,phase2,final,10,16,0,256,2548,246,0.9953125,0.9609375,horizon,0.041015625
copying,phase2,final,10,24,0,256,2555,251,0.998046875,0.98046875,horizon,0.04065990447998047
copying,phase2,final,10,32,0,256,2557,253,0.998828125,0.98828125,horizon,0.04170107841491699
copying,phase2,final,10,48,0,256,2556,252,0.9984375,0.984375,horizon,0.05014848709106445
copying,phase2,final,10,64,0,256,2551,249,0.996484375,0.97265625,horizon,0.05326128005981445
copying,phase2,final,10,96,0,256,2551,248,0.996484375,0.96875,horizon,0.054460763931274414
copying,phase2,final,10,128,0,256,2553,250,0.997265625,0.9765625,horizon,0.06013035774230957
copying,phase2,final,10,192,0,256,2551,247,0.996484375,0.96484375,horizon,0.08785891532897949
copying,phase2,final,10,256,0,256,2545,241,0.994140625,0.94140625,horizon,0.13207602500915527
copying,phase2,final,10,384,0,256,2548,244,0.9953125,0.953125,horizon,0.19358253479003906
copying,phase2,final,10,512,0,256,2545,243,0.994140625,0.94921875,horizon,0.3077392578125
copying,phase2,final,10,768,0,256,2547,243,0.994921875,0.94921875,horizon,0.3868892192840576
copying,phase2,final,10,1024,0,256,2407,109,0.940234375,0.42578125,horizon,0.5924966335296631
copying,phase2,final,10,1536,0,256,2405,104,0.939453125,0.40625,horizon,0.8776929378509521
copying,phase2,final,10,2048,0,256,2406,109,0.93984375,0.42578125,horizon,1.190270185470581
copying,phase2,final,10,3072,0,256,2410,112,0.94140625,0.4375,horizon,1.7689154148101807
copying,phase2,final,10,4096,0,256,2259,36,0.882421875,0.140625,horizon,2.6219875812530518
copying,phase2,final,10,6144,0,256,2262,47,0.88359375,0.18359375,horizon,3.899808406829834
copying,phase2,final,10,8192,0,256,2255,35,0.880859375,0.13671875,horizon,5.195236921310425
copying,phase2,final,10,12288,0,256,2262,36,0.88359375,0.140625,horizon,7.770251274108887
copying,phase2,final,10,16384,0,256,1802,0,0.70390625,0.0,horizon,10.654623746871948
copying,phase2,final,10,24576,0,256,1761,2,0.687890625,0.0078125,horizon,16.235223293304443
copying,phase2,final,10,32768,0,256,1779,0,0.694921875,0.0,horizon,22.361308574676514
copying,phase2,final,10,49152,0,256,1809,0,0.706640625,0.0,horizon,33.76422691345215
copying,phase2,final,10,65536,0,256,1356,0,0.5296875,0.0,horizon,46.17727875709534
copying,phase2,final,10,98304,0,256,1322,0,0.51640625,0.0,horizon,71.27033185958862
copying,phase2,final,10,131072,0,256,1352,0,0.528125,0.0,horizon,171.49479937553406
copying,phase2,final,16,1,0,256,3546,7,0.86572265625,0.02734375,horizon,0.04153704643249512
copying,phase2,final,16,2,0,256,3591,7,0.876708984375,0.02734375,horizon,0.0421450138092041
copying,phase2,final,16,3,0,256,3603,11,0.879638671875,0.04296875,horizon,0.04199028015136719
copying,phase2,final,16,4,0,256,3592,7,0.876953125,0.02734375,horizon,0.040529489517211914
copying,phase2,final,16,5,0,256,3497,2,0.853759765625,0.0078125,horizon,0.04138445854187012
copying,phase2,final,16,6,0,256,3537,2,0.863525390625,0.0078125,horizon,0.04167342185974121
copying,phase2,final,16,7,0,256,3568,10,0.87109375,0.0390625,horizon,0.041420698165893555
copying,phase2,final,16,8,0,256,3589,6,0.876220703125,0.0234375,horizon,0.039792537689208984
copying,phase2,final,16,9,0,256,3520,3,0.859375,0.01171875,horizon,0.03854489326477051
copying,phase2,final,16,10,0,256,3552,7,0.8671875,0.02734375,horizon,0.04055976867675781
copying,phase2,final,16,11,0,256,3597,11,0.878173828125,0.04296875,horizon,0.04155588150024414
copying,phase2,final,16,12,0,256,3581,8,0.874267578125,0.03125,horizon,0.03957819938659668
copying,phase2,final,16,13,0,256,3452,2,0.8427734375,0.0078125,horizon,0.038953304290771484
copying,phase2,final,16,14,0,256,3586,10,0.87548828125,0.0390625,horizon,0.04203915596008301
copying,phase2,final,16,16,0,256,3609,19,0.881103515625,0.07421875,horizon,0.040008544921875
copying,phase2,final,16,24,0,256,3533,6,0.862548828125,0.0234375,horizon,0.04119110107421875
copying,phase2,final,16,32,0,256,3580,4,0.8740234375,0.015625,horizon,0.04886364936828613
copying,phase2,final,16,48,0,256,3558,4,0.86865234375,0.015625,horizon,0.04951977729797363
copying,phase2,final,16,64,0,256,3592,9,0.876953125,0.03515625,horizon,0.050444602966308594
copying,phase2,final,16,96,0,256,3564,4,0.8701171875,0.015625,horizon,0.05771589279174805
copying,phase2,final,16,128,0,256,3627,9,0.885498046875,0.03515625,horizon,0.08447599411010742
copying,phase2,final,16,192,0,256,3589,9,0.876220703125,0.03515625,horizon,0.10950398445129395
copying,phase2,final,16,256,0,256,3605,10,0.880126953125,0.0390625,horizon,0.14317965507507324
copying,phase2,final,16,384,0,256,3590,8,0.87646484375,0.03125,horizon,0.20584702491760254
copying,phase2,final,16,512,0,256,3593,6,0.877197265625,0.0234375,horizon,0.27246546745300293
copying,phase2,final,16,768,0,256,3614,7,0.88232421875,0.02734375,horizon,0.4191601276397705
copying,phase2,final,16,1024,0,256,3563,6,0.869873046875,0.0234375,horizon,0.5838155746459961
copying,phase2,final,16,1536,0,256,3602,13,0.87939453125,0.05078125,horizon,0.8896205425262451
copying,phase2,final,16,2048,0,256,3624,11,0.884765625,0.04296875,horizon,1.202235460281372
copying,phase2,final,16,3072,0,256,3594,12,0.87744140625,0.046875,horizon,1.8024671077728271
copying,phase2,final,16,4096,0,256,3509,5,0.856689453125,0.01953125,horizon,2.639676570892334
copying,phase2,final,16,6144,0,256,3491,9,0.852294921875,0.03515625,horizon,3.9037981033325195
copying,phase2,final,16,8192,0,256,3458,7,0.84423828125,0.02734375,horizon,5.235803604125977
copying,phase2,final,16,12288,0,256,3464,3,0.845703125,0.01171875,horizon,7.786278247833252
copying,phase2,final,16,16384,0,256,3108,0,0.7587890625,0.0,horizon,10.701634645462036
copying,phase2,final,16,24576,0,256,3141,0,0.766845703125,0.0,horizon,16.336146116256714
copying,phase2,final,16,32768,0,256,3144,0,0.767578125,0.0,horizon,22.430772304534912
copying,phase2,final,16,49152,0,256,3179,0,0.776123046875,0.0,horizon,33.79744553565979
copying,phase2,final,16,65536,0,256,2623,0,0.640380859375,0.0,horizon,46.24510431289673
copying,phase2,final,16,98304,0,256,2623,0,0.640380859375,0.0,horizon,71.31467700004578
copying,phase2,final,16,131072,0,256,2652,0,0.6474609375,0.0,horizon,169.26710510253906
copying,phase2,final,32,1,0,256,4373,0,0.5338134765625,0.0,horizon,0.048476457595825195
copying,phase2,final,32,2,0,256,4509,0,0.5504150390625,0.0,horizon,0.05008721351623535
copying,phase2,final,32,3,0,256,4506,0,0.550048828125,0.0,horizon,0.04841923713684082
copying,phase2,final,32,4,0,256,4397,0,0.5367431640625,0.0,horizon,0.048673391342163086
copying,phase2,final,32,5,0,256,4313,0,0.5264892578125,0.0,horizon,0.048374176025390625
copying,phase2,final,32,6,0,256,4525,0,0.5523681640625,0.0,horizon,0.0500338077545166
copying,phase2,final,32,7,0,256,4501,0,0.5494384765625,0.0,horizon,0.047724246978759766
copying,phase2,final,32,8,0,256,4456,0,0.5439453125,0.0,horizon,0.04942464828491211
copying,phase2,final,32,9,0,256,4303,0,0.5252685546875,0.0,horizon,0.048055410385131836
copying,phase2,final,32,10,0,256,4453,0,0.5435791015625,0.0,horizon,0.05029940605163574
copying,phase2,final,32,11,0,256,4453,0,0.5435791015625,0.0,horizon,0.04885363578796387
copying,phase2,final,32,12,0,256,4453,0,0.5435791015625,0.0,horizon,0.048027753829956055
copying,phase2,final,32,13,0,256,4296,0,0.5244140625,0.0,horizon,0.05074787139892578
copying,phase2,final,32,14,0,256,4508,0,0.55029296875,0.0,horizon,0.048958539962768555
copying,phase2,final,32,16,0,256,4478,0,0.546630859375,0.0,horizon,0.04871201515197754
copying,phase2,final,32,24,0,256,4149,0,0.5064697265625,0.0,horizon,0.04886770248413086
copying,phase2,final,32,32,0,256,4174,0,0.509521484375,0.0,horizon,0.04771828651428223
copying,phase2,final,32,48,0,256,4247,0,0.5184326171875,0.0,horizon,0.05262112617492676
copying,phase2,final,32,64,0,256,4230,0,0.516357421875,0.0,horizon,0.058319091796875
copying,phase2,final,32,96,0,256,4215,0,0.5145263671875,0.0,horizon,0.07342338562011719
copying,phase2,final,32,128,0,256,4221,0,0.5152587890625,0.0,horizon,0.08682441711425781
copying,phase2,final,32,192,0,256,4216,0,0.5146484375,0.0,horizon,0.12962698936462402
copying,phase2,final,32,256,0,256,4214,0,0.514404296875,0.0,horizon,0.15904712677001953
copying,phase2,final,32,384,0,256,4228,0,0.51611328125,0.0,horizon,0.22458863258361816
copying,phase2,final,32,512,0,256,4186,0,0.510986328125,0.0,horizon,0.29897546768188477
copying,phase2,final,32,768,0,256,4246,0,0.518310546875,0.0,horizon,0.42139673233032227
copying,phase2,final,32,1024,0,256,4218,0,0.514892578125,0.0,horizon,0.614238977432251
copying,phase2,final,32,1536,0,256,4234,0,0.516845703125,0.0,horizon,0.91288161277771
copying,phase2,final,32,2048,0,256,4231,0,0.5164794921875,0.0,horizon,1.2111279964447021
copying,phase2,final,32,3072,0,256,4237,0,0.5172119140625,0.0,horizon,1.8049914836883545
copying,phase2,final,32,4096,0,256,4027,0,0.4915771484375,0.0,horizon,2.6655030250549316
copying,phase2,final,32,6144,0,256,4095,0,0.4998779296875,0.0,horizon,3.9379940032958984
copying,phase2,final,32,8192,0,256,4100,0,0.50048828125,0.0,horizon,5.237650394439697
copying,phase2,final,32,12288,0,256,4062,0,0.495849609375,0.0,horizon,7.800617218017578
copying,phase2,final,32,16384,0,256,3714,0,0.453369140625,0.0,horizon,10.67878270149231
copying,phase2,final,32,24576,0,256,3741,0,0.4566650390625,0.0,horizon,16.27106237411499
copying,phase2,final,32,32768,0,256,3659,0,0.4466552734375,0.0,horizon,22.340906143188477
copying,phase2,final,32,49152,0,256,3725,0,0.4547119140625,0.0,horizon,33.67676496505737
copying,phase2,final,32,65536,0,256,3172,0,0.38720703125,0.0,horizon,46.052135705947876
copying,phase2,final,32,98304,0,256,3270,0,0.399169921875,0.0,horizon,71.12496542930603
copying,phase2,final,32,131072,0,256,3202,0,0.390869140625,0.0,horizon,172.07966423034668
copying,phase2,final,64,1,0,256,5413,0,0.33038330078125,0.0,horizon,0.054789066314697266
copying,phase2,final,64,2,0,256,5413,0,0.33038330078125,0.0,horizon,0.06194496154785156
copying,phase2,final,64,3,0,256,5396,0,0.329345703125,0.0,horizon,0.05986285209655762
copying,phase2,final,64,4,0,256,5351,0,0.32659912109375,0.0,horizon,0.06241035461425781
copying,phase2,final,64,5,0,256,5339,0,0.32586669921875,0.0,horizon,0.062247276306152344
copying,phase2,final,64,6,0,256,5276,0,0.322021484375,0.0,horizon,0.06029939651489258
copying,phase2,final,64,7,0,256,5263,0,0.32122802734375,0.0,horizon,0.06033444404602051
copying,phase2,final,64,8,0,256,5241,0,0.31988525390625,0.0,horizon,0.06082916259765625
copying,phase2,final,64,9,0,256,5372,0,0.327880859375,0.0,horizon,0.06262493133544922
copying,phase2,final,64,10,0,256,5350,0,0.3265380859375,0.0,horizon,0.06145954132080078
copying,phase2,final,64,11,0,256,5286,0,0.3226318359375,0.0,horizon,0.0613558292388916
copying,phase2,final,64,12,0,256,5337,0,0.32574462890625,0.0,horizon,0.06161308288574219
copying,phase2,final,64,13,0,256,5304,0,0.32373046875,0.0,horizon,0.06257820129394531
copying,phase2,final,64,14,0,256,5299,0,0.32342529296875,0.0,horizon,0.06695222854614258
copying,phase2,final,64,16,0,256,5333,0,0.32550048828125,0.0,horizon,0.06215095520019531
copying,phase2,final,64,24,0,256,5216,0,0.318359375,0.0,horizon,0.06455206871032715
copying,phase2,final,64,32,0,256,5313,0,0.32427978515625,0.0,horizon,0.06851530075073242
copying,phase2,final,64,48,0,256,5406,0,0.3299560546875,0.0,horizon,0.0802309513092041
copying,phase2,final,64,64,0,256,5432,0,0.33154296875,0.0,horizon,0.08539152145385742
copying,phase2,final,64,96,0,256,5388,0,0.328857421875,0.0,horizon,0.10076498985290527
copying,phase2,final,64,128,0,256,5370,0,0.3277587890625,0.0,horizon,0.12932300567626953
copying,phase2,final,64,192,0,256,5291,0,0.32293701171875,0.0,horizon,0.1595020294189453
copying,phase2,final,64,256,0,256,5345,0,0.32623291015625,0.0,horizon,0.19299697875976562
copying,phase2,final,64,384,0,256,5399,0,0.32952880859375,0.0,horizon,0.2594127655029297
copying,phase2,final,64,512,0,256,5398,0,0.3294677734375,0.0,horizon,0.3206906318664551
copying,phase2,final,64,768,0,256,5318,0,0.3245849609375,0.0,horizon,0.4536857604980469
copying,phase2,final,64,1024,0,256,5338,0,0.3258056640625,0.0,horizon,0.6514358520507812
copying,phase2,final,64,1536,0,256,5340,0,0.325927734375,0.0,horizon,0.9521701335906982
copying,phase2,final,64,2048,0,256,5443,0,0.33221435546875,0.0,horizon,1.2448608875274658
copying,phase2,final,64,3072,0,256,5411,0,0.33026123046875,0.0,horizon,1.841071605682373
copying,phase2,final,64,4096,0,256,5248,0,0.3203125,0.0,horizon,2.6923205852508545
copying,phase2,final,64,6144,0,256,5336,0,0.32568359375,0.0,horizon,3.9703190326690674
copying,phase2,final,64,8192,0,256,5248,0,0.3203125,0.0,horizon,5.2764036655426025
copying,phase2,final,64,12288,0,256,5278,0,0.3221435546875,0.0,horizon,7.848217487335205
copying,phase2,final,64,16384,0,256,4883,0,0.29803466796875,0.0,horizon,10.734920501708984
copying,phase2,final,64,24576,0,256,4956,0,0.302490234375,0.0,horizon,16.331496238708496
copying,phase2,final,64,32768,0,256,4953,0,0.30230712890625,0.0,horizon,22.415364980697632
copying,phase2,final,64,49152,0,256,5003,0,0.30535888671875,0.0,horizon,33.67431306838989
copying,phase2,final,64,65536,0,256,4393,0,0.26812744140625,0.0,horizon,46.08460187911987
copying,phase2,final,64,98304,0,256,4404,0,0.268798828125,0.0,horizon,71.2755126953125
copying,phase2,final,64,131072,0,256,4459,0,0.27215576171875,0.0,horizon,169.81919598579407
copying,phase2,final,10,16,7,256,2549,245,0.995703125,0.95703125,prefix,0.041266679763793945
copying,phase2,final,10,16,15,256,2550,247,0.99609375,0.96484375,prefix,0.040235042572021484
copying,phase2,final,10,16,63,256,2531,234,0.988671875,0.9140625,prefix,0.05151677131652832
copying,phase2,final,10,64,7,256,2551,247,0.996484375,0.96484375,prefix,0.05144214630126953
copying,phase2,final,10,64,15,256,2556,252,0.9984375,0.984375,prefix,0.05143308639526367
copying,phase2,final,10,64,63,256,2544,241,0.99375,0.94140625,prefix,0.06325960159301758
copying,phase2,final,10,256,7,256,2559,255,0.999609375,0.99609375,prefix,0.14451980590820312
copying,phase2,final,10,256,15,256,2550,247,0.99609375,0.96484375,prefix,0.14497613906860352
copying,phase2,final,10,256,63,256,2546,244,0.99453125,0.953125,prefix,0.17135095596313477
copying,phase2,final,10,2048,7,256,2546,243,0.99453125,0.94921875,prefix,1.2133188247680664
copying,phase2,final,10,2048,15,256,2549,246,0.995703125,0.9609375,prefix,1.207265853881836
copying,phase2,final,10,2048,63,256,2541,239,0.992578125,0.93359375,prefix,1.2279188632965088
copying,phase2,final,16,16,7,256,3689,23,0.900634765625,0.08984375,prefix,0.041188955307006836
copying,phase2,final,16,16,15,256,3720,24,0.908203125,0.09375,prefix,0.04029536247253418
copying,phase2,final,16,16,63,256,3726,30,0.90966796875,0.1171875,prefix,0.050940513610839844
copying,phase2,final,16,64,7,256,3708,24,0.9052734375,0.09375,prefix,0.05090188980102539
copying,phase2,final,16,64,15,256,3714,28,0.90673828125,0.109375,prefix,0.052239418029785156
copying,phase2,final,16,64,63,256,3690,20,0.90087890625,0.078125,prefix,0.06667304039001465
copying,phase2,final,16,256,7,256,3723,29,0.908935546875,0.11328125,prefix,0.14887595176696777
copying,phase2,final,16,256,15,256,3674,17,0.89697265625,0.06640625,prefix,0.1527266502380371
copying,phase2,final,16,256,63,256,3731,25,0.910888671875,0.09765625,prefix,0.17479681968688965
copying,phase2,final,16,2048,7,256,3726,26,0.90966796875,0.1015625,prefix,1.2278227806091309
copying,phase2,final,16,2048,15,256,3697,19,0.902587890625,0.07421875,prefix,1.2141220569610596
copying,phase2,final,16,2048,63,256,3724,27,0.9091796875,0.10546875,prefix,1.2421207427978516
copying,phase2,final,32,16,7,256,4262,0,0.520263671875,0.0,prefix,0.051447391510009766
copying,phase2,final,32,16,15,256,4294,0,0.524169921875,0.0,prefix,0.05352592468261719
copying,phase2,final,32,16,63,256,4630,0,0.565185546875,0.0,prefix,0.059769392013549805
copying,phase2,final,32,64,7,256,4294,0,0.524169921875,0.0,prefix,0.058095455169677734
copying,phase2,final,32,64,15,256,4305,0,0.5255126953125,0.0,prefix,0.06053519248962402
copying,phase2,final,32,64,63,256,4326,0,0.528076171875,0.0,prefix,0.0823204517364502
copying,phase2,final,32,256,7,256,4321,0,0.5274658203125,0.0,prefix,0.1684887409210205
copying,phase2,final,32,256,15,256,4343,0,0.5301513671875,0.0,prefix,0.17264461517333984
copying,phase2,final,32,256,63,256,4367,0,0.5330810546875,0.0,prefix,0.1988844871520996
copying,phase2,final,32,2048,7,256,4213,0,0.5142822265625,0.0,prefix,1.242016315460205
copying,phase2,final,32,2048,15,256,4327,0,0.5281982421875,0.0,prefix,1.2384819984436035
copying,phase2,final,32,2048,63,256,4337,0,0.5294189453125,0.0,prefix,1.2597806453704834
copying,phase2,final,64,16,7,256,5501,0,0.33575439453125,0.0,prefix,0.0663912296295166
copying,phase2,final,64,16,15,256,5450,0,0.3326416015625,0.0,prefix,0.07003498077392578
copying,phase2,final,64,16,63,256,5604,0,0.342041015625,0.0,prefix,0.09113526344299316
copying,phase2,final,64,64,7,256,5304,0,0.32373046875,0.0,prefix,0.09071660041809082
copying,phase2,final,64,64,15,256,5593,0,0.34136962890625,0.0,prefix,0.09172296524047852
copying,phase2,final,64,64,63,256,5578,0,0.3404541015625,0.0,prefix,0.11313366889953613
copying,phase2,final,64,256,7,256,5357,0,0.32696533203125,0.0,prefix,0.1986691951751709
copying,phase2,final,64,256,15,256,5386,0,0.3287353515625,0.0,prefix,0.20841097831726074
copying,phase2,final,64,256,63,256,5531,0,0.33758544921875,0.0,prefix,0.23322272300720215
copying,phase2,final,64,2048,7,256,5316,0,0.324462890625,0.0,prefix,1.268320083618164
copying,phase2,final,64,2048,15,256,5414,0,0.3304443359375,0.0,prefix,1.2750072479248047
copying,phase2,final,64,2048,63,256,5511,0,0.33636474609375,0.0,prefix,1.298220157623291
copying,phase2,final,128,16,0,256,7848,0,0.239501953125,0.0,unseen-memory,0.13021206855773926
copying,phase2,final,128,16,15,256,7814,0,0.23846435546875,0.0,unseen-memory,0.1441199779510498
copying,phase2,final,128,64,0,256,7617,0,0.232452392578125,0.0,unseen-memory,0.15887832641601562
copying,phase2,final,128,64,15,256,7915,0,0.241546630859375,0.0,unseen-memory,0.172593355178833
copying,phase2,final,128,256,0,256,7488,0,0.228515625,0.0,unseen-memory,0.25994348526000977
copying,phase2,final,128,256,15,256,7573,0,0.231109619140625,0.0,unseen-memory,0.273226261138916
copying,phase2,final,128,2048,0,256,7544,0,0.230224609375,0.0,unseen-memory,1.3161752223968506
copying,phase2,final,128,2048,15,256,7570,0,0.23101806640625,0.0,unseen-memory,1.3464481830596924
copying,binding,best,10,1,0,256,1476,0,0.5765625,0.0,horizon,0.6178324222564697
copying,binding,best,10,2,0,256,1538,1,0.60078125,0.00390625,horizon,0.04968595504760742
copying,binding,best,10,3,0,256,1436,0,0.5609375,0.0,horizon,0.0523686408996582
copying,binding,best,10,4,0,256,1431,0,0.558984375,0.0,horizon,0.04854440689086914
copying,binding,best,10,5,0,256,1415,0,0.552734375,0.0,horizon,0.050496578216552734
copying,binding,best,10,6,0,256,1397,0,0.545703125,0.0,horizon,0.05017399787902832
copying,binding,best,10,7,0,256,1396,0,0.5453125,0.0,horizon,0.05051422119140625
copying,binding,best,10,8,0,256,1529,0,0.597265625,0.0,horizon,0.048599958419799805
copying,binding,best,10,9,0,256,1550,1,0.60546875,0.00390625,horizon,0.05225706100463867
copying,binding,best,10,10,0,256,1574,2,0.61484375,0.0078125,horizon,0.05029654502868652
copying,binding,best,10,11,0,256,1568,1,0.6125,0.00390625,horizon,0.05147981643676758
copying,binding,best,10,12,0,256,1548,0,0.6046875,0.0,horizon,0.051241397857666016
copying,binding,best,10,13,0,256,1484,0,0.5796875,0.0,horizon,0.04856300354003906
copying,binding,best,10,14,0,256,1559,0,0.608984375,0.0,horizon,0.05067157745361328
copying,binding,best,10,16,0,256,1568,0,0.6125,0.0,horizon,0.04986763000488281
copying,binding,best,10,24,0,256,1514,1,0.59140625,0.00390625,horizon,0.05213570594787598
copying,binding,best,10,32,0,256,1556,0,0.6078125,0.0,horizon,0.05151939392089844
copying,binding,best,10,48,0,256,1426,0,0.55703125,0.0,horizon,0.0652318000793457
copying,binding,best,10,64,0,256,1187,0,0.463671875,0.0,horizon,0.06755256652832031
copying,binding,best,10,96,0,256,1174,0,0.45859375,0.0,horizon,0.0700538158416748
copying,binding,best,10,128,0,256,1201,0,0.469140625,0.0,horizon,0.08746671676635742
copying,binding,best,10,192,0,256,1156,0,0.4515625,0.0,horizon,0.13175153732299805
copying,binding,best,10,256,0,256,952,0,0.371875,0.0,horizon,0.20092320442199707
copying,binding,best,10,384,0,256,998,0,0.38984375,0.0,horizon,0.3647785186767578
copying,binding,best,10,512,0,256,1002,0,0.39140625,0.0,horizon,0.38600659370422363
copying,binding,best,10,768,0,256,926,0,0.36171875,0.0,horizon,0.6186270713806152
copying,binding,best,10,1024,0,256,775,0,0.302734375,0.0,horizon,0.8759236335754395
copying,binding,best,10,1536,0,256,739,0,0.288671875,0.0,horizon,1.3310585021972656
copying,binding,best,10,2048,0,256,798,0,0.31171875,0.0,horizon,1.7777345180511475
copying,binding,best,10,3072,0,256,770,0,0.30078125,0.0,horizon,2.6849284172058105
copying,binding,best,10,4096,0,256,473,0,0.184765625,0.0,horizon,3.894850492477417
copying,binding,best,10,6144,0,256,433,0,0.169140625,0.0,horizon,5.8118579387664795
copying,binding,best,10,8192,0,256,501,0,0.195703125,0.0,horizon,7.768092155456543
copying,binding,best,10,12288,0,256,471,0,0.183984375,0.0,horizon,11.641818761825562
copying,binding,best,10,16384,0,256,392,0,0.153125,0.0,horizon,15.901122570037842
copying,binding,best,10,24576,0,256,335,0,0.130859375,0.0,horizon,24.14820098876953
copying,binding,best,10,32768,0,256,370,0,0.14453125,0.0,horizon,33.16819930076599
copying,binding,best,10,49152,0,256,395,0,0.154296875,0.0,horizon,49.77100491523743
copying,binding,best,10,65536,0,256,312,0,0.121875,0.0,horizon,67.5525450706482
copying,binding,best,10,98304,0,256,299,0,0.116796875,0.0,horizon,102.96587657928467
copying,binding,best,10,131072,0,256,351,0,0.137109375,0.0,horizon,251.03210377693176
copying,binding,best,16,1,0,256,1786,0,0.43603515625,0.0,horizon,0.052469730377197266
copying,binding,best,16,2,0,256,1851,0,0.451904296875,0.0,horizon,0.05176877975463867
copying,binding,best,16,3,0,256,1888,0,0.4609375,0.0,horizon,0.053436994552612305
copying,binding,best,16,4,0,256,1927,0,0.470458984375,0.0,horizon,0.05145549774169922
copying,binding,best,16,5,0,256,1821,0,0.444580078125,0.0,horizon,0.05272030830383301
copying,binding,best,16,6,0,256,1839,0,0.448974609375,0.0,horizon,0.0552365779876709
copying,binding,best,16,7,0,256,1896,0,0.462890625,0.0,horizon,0.0556333065032959
copying,binding,best,16,8,0,256,1867,0,0.455810546875,0.0,horizon,0.053848981857299805
copying,binding,best,16,9,0,256,1819,0,0.444091796875,0.0,horizon,0.054192304611206055
copying,binding,best,16,10,0,256,1833,0,0.447509765625,0.0,horizon,0.052941083908081055
copying,binding,best,16,11,0,256,1882,0,0.45947265625,0.0,horizon,0.054291725158691406
copying,binding,best,16,12,0,256,1869,0,0.456298828125,0.0,horizon,0.052770137786865234
copying,binding,best,16,13,0,256,1812,0,0.4423828125,0.0,horizon,0.0541529655456543
copying,binding,best,16,14,0,256,1879,0,0.458740234375,0.0,horizon,0.05198979377746582
copying,binding,best,16,16,0,256,1821,0,0.444580078125,0.0,horizon,0.0510103702545166
copying,binding,best,16,24,0,256,1881,0,0.459228515625,0.0,horizon,0.054360151290893555
copying,binding,best,16,32,0,256,1867,0,0.455810546875,0.0,horizon,0.06882047653198242
copying,binding,best,16,48,0,256,1267,0,0.309326171875,0.0,horizon,0.06688714027404785
copying,binding,best,16,64,0,256,1557,0,0.380126953125,0.0,horizon,0.06997323036193848
copying,binding,best,16,96,0,256,1568,0,0.3828125,0.0,horizon,0.07950544357299805
copying,binding,best,16,128,0,256,1589,0,0.387939453125,0.0,horizon,0.12827754020690918
copying,binding,best,16,192,0,256,1552,0,0.37890625,0.0,horizon,0.18222403526306152
copying,binding,best,16,256,0,256,1211,0,0.295654296875,0.0,horizon,0.24133515357971191
copying,binding,best,16,384,0,256,1285,0,0.313720703125,0.0,horizon,0.31329965591430664
copying,binding,best,16,512,0,256,1228,0,0.2998046875,0.0,horizon,0.451678991317749
copying,binding,best,16,768,0,256,1265,0,0.308837890625,0.0,horizon,0.633798360824585
copying,binding,best,16,1024,0,256,944,0,0.23046875,0.0,horizon,0.9344494342803955
copying,binding,best,16,1536,0,256,988,0,0.2412109375,0.0,horizon,1.3936145305633545
copying,binding,best,16,2048,0,256,936,0,0.228515625,0.0,horizon,1.8454136848449707
copying,binding,best,16,3072,0,256,894,0,0.21826171875,0.0,horizon,2.7707555294036865
copying,binding,best,16,4096,0,256,798,0,0.19482421875,0.0,horizon,3.988658905029297
copying,binding,best,16,6144,0,256,620,0,0.1513671875,0.0,horizon,5.935887336730957
copying,binding,best,16,8192,0,256,721,0,0.176025390625,0.0,horizon,7.885610818862915
copying,binding,best,16,12288,0,256,693,0,0.169189453125,0.0,horizon,11.770334243774414
copying,binding,best,16,16384,0,256,526,0,0.12841796875,0.0,horizon,16.042376041412354
copying,binding,best,16,24576,0,256,619,0,0.151123046875,0.0,horizon,24.193604230880737
copying,binding,best,16,32768,0,256,593,0,0.144775390625,0.0,horizon,33.015798568725586
copying,binding,best,16,49152,0,256,570,0,0.13916015625,0.0,horizon,49.481245279312134
copying,binding,best,16,65536,0,256,533,0,0.130126953125,0.0,horizon,67.26583814620972
copying,binding,best,16,98304,0,256,498,0,0.12158203125,0.0,horizon,102.77223420143127
copying,binding,best,16,131072,0,256,531,0,0.129638671875,0.0,horizon,253.3025233745575
copying,binding,best,32,1,0,256,2544,0,0.310546875,0.0,horizon,0.0654904842376709
copying,binding,best,32,2,0,256,2478,0,0.302490234375,0.0,horizon,0.06555318832397461
copying,binding,best,32,3,0,256,2423,0,0.2957763671875,0.0,horizon,0.06517434120178223
copying,binding,best,32,4,0,256,2389,0,0.2916259765625,0.0,horizon,0.06753301620483398
copying,binding,best,32,5,0,256,2355,0,0.2874755859375,0.0,horizon,0.06993484497070312
copying,binding,best,32,6,0,256,2392,0,0.2919921875,0.0,horizon,0.06793761253356934
copying,binding,best,32,7,0,256,2391,0,0.2918701171875,0.0,horizon,0.06650495529174805
copying,binding,best,32,8,0,256,2463,0,0.3006591796875,0.0,horizon,0.06560659408569336
copying,binding,best,32,9,0,256,2485,0,0.3033447265625,0.0,horizon,0.06634950637817383
copying,binding,best,32,10,0,256,2484,0,0.30322265625,0.0,horizon,0.0669097900390625
copying,binding,best,32,11,0,256,2562,0,0.312744140625,0.0,horizon,0.06620550155639648
copying,binding,best,32,12,0,256,2554,0,0.311767578125,0.0,horizon,0.06661438941955566
copying,binding,best,32,13,0,256,2575,0,0.3143310546875,0.0,horizon,0.0687570571899414
copying,binding,best,32,14,0,256,2554,0,0.311767578125,0.0,horizon,0.06633329391479492
copying,binding,best,32,16,0,256,2586,0,0.315673828125,0.0,horizon,0.06603288650512695
copying,binding,best,32,24,0,256,2608,0,0.318359375,0.0,horizon,0.06972837448120117
copying,binding,best,32,32,0,256,2160,0,0.263671875,0.0,horizon,0.06729269027709961
copying,binding,best,32,48,0,256,2476,0,0.30224609375,0.0,horizon,0.07201075553894043
copying,binding,best,32,64,0,256,2411,0,0.2943115234375,0.0,horizon,0.09346985816955566
copying,binding,best,32,96,0,256,2366,0,0.288818359375,0.0,horizon,0.11333060264587402
copying,binding,best,32,128,0,256,2491,0,0.3040771484375,0.0,horizon,0.13599872589111328
copying,binding,best,32,192,0,256,2470,0,0.301513671875,0.0,horizon,0.20431923866271973
copying,binding,best,32,256,0,256,2079,0,0.2537841796875,0.0,horizon,0.258406400680542
copying,binding,best,32,384,0,256,2037,0,0.2486572265625,0.0,horizon,0.3538706302642822
copying,binding,best,32,512,0,256,2006,0,0.244873046875,0.0,horizon,0.47353553771972656
copying,binding,best,32,768,0,256,2044,0,0.24951171875,0.0,horizon,0.6654672622680664
copying,binding,best,32,1024,0,256,1700,0,0.20751953125,0.0,horizon,0.9565300941467285
copying,binding,best,32,1536,0,256,1754,0,0.214111328125,0.0,horizon,1.4322121143341064
copying,binding,best,32,2048,0,256,1722,0,0.210205078125,0.0,horizon,1.8742084503173828
copying,binding,best,32,3072,0,256,1660,0,0.20263671875,0.0,horizon,2.7972400188446045
copying,binding,best,32,4096,0,256,1379,0,0.1683349609375,0.0,horizon,4.0322253704071045
copying,binding,best,32,6144,0,256,1158,0,0.141357421875,0.0,horizon,5.960829496383667
copying,binding,best,32,8192,0,256,1421,0,0.1734619140625,0.0,horizon,7.923462152481079
copying,binding,best,32,12288,0,256,1361,0,0.1661376953125,0.0,horizon,11.80518651008606
copying,binding,best,32,16384,0,256,1124,0,0.13720703125,0.0,horizon,16.09452486038208
copying,binding,best,32,24576,0,256,1055,0,0.1287841796875,0.0,horizon,24.32499933242798
copying,binding,best,32,32768,0,256,1122,0,0.136962890625,0.0,horizon,33.13327479362488
copying,binding,best,32,49152,0,256,1098,0,0.134033203125,0.0,horizon,49.665507555007935
copying,binding,best,32,65536,0,256,1054,0,0.128662109375,0.0,horizon,67.28197312355042
copying,binding,best,32,98304,0,256,1061,0,0.1295166015625,0.0,horizon,102.68406629562378
copying,binding,best,32,131072,0,256,1018,0,0.124267578125,0.0,horizon,251.4709117412567
copying,binding,best,64,1,0,256,3817,0,0.23297119140625,0.0,horizon,0.08269858360290527
copying,binding,best,64,2,0,256,3898,0,0.2379150390625,0.0,horizon,0.09668970108032227
copying,binding,best,64,3,0,256,3790,0,0.2313232421875,0.0,horizon,0.09497976303100586
copying,binding,best,64,4,0,256,3876,0,0.236572265625,0.0,horizon,0.09420108795166016
copying,binding,best,64,5,0,256,3785,0,0.23101806640625,0.0,horizon,0.09449052810668945
copying,binding,best,64,6,0,256,3811,0,0.23260498046875,0.0,horizon,0.09482908248901367
copying,binding,best,64,7,0,256,3693,0,0.22540283203125,0.0,horizon,0.09397101402282715
copying,binding,best,64,8,0,256,3759,0,0.22943115234375,0.0,horizon,0.09516596794128418
copying,binding,best,64,9,0,256,3686,0,0.2249755859375,0.0,horizon,0.1001729965209961
copying,binding,best,64,10,0,256,3771,0,0.23016357421875,0.0,horizon,0.10049295425415039
copying,binding,best,64,11,0,256,3741,0,0.22833251953125,0.0,horizon,0.09150815010070801
copying,binding,best,64,12,0,256,3769,0,0.23004150390625,0.0,horizon,0.09770607948303223
copying,binding,best,64,13,0,256,3652,0,0.222900390625,0.0,horizon,0.10054588317871094
copying,binding,best,64,14,0,256,3669,0,0.22393798828125,0.0,horizon,0.10204887390136719
copying,binding,best,64,16,0,256,3724,0,0.227294921875,0.0,horizon,0.10184597969055176
copying,binding,best,64,24,0,256,3729,0,0.22760009765625,0.0,horizon,0.10551905632019043
copying,binding,best,64,32,0,256,3782,0,0.2308349609375,0.0,horizon,0.11039924621582031
copying,binding,best,64,48,0,256,3575,0,0.21820068359375,0.0,horizon,0.1278703212738037
copying,binding,best,64,64,0,256,3714,0,0.2266845703125,0.0,horizon,0.133986234664917
copying,binding,best,64,96,0,256,3769,0,0.23004150390625,0.0,horizon,0.15734291076660156
copying,binding,best,64,128,0,256,3749,0,0.22882080078125,0.0,horizon,0.20028448104858398
copying,binding,best,64,192,0,256,3091,0,0.18865966796875,0.0,horizon,0.25171875953674316
copying,binding,best,64,256,0,256,3131,0,0.19110107421875,0.0,horizon,0.30377984046936035
copying,binding,best,64,384,0,256,3272,0,0.19970703125,0.0,horizon,0.40990471839904785
copying,binding,best,64,512,0,256,3215,0,0.19622802734375,0.0,horizon,0.5066969394683838
copying,binding,best,64,768,0,256,3202,0,0.1954345703125,0.0,horizon,0.7160134315490723
copying,binding,best,64,1024,0,256,2788,0,0.170166015625,0.0,horizon,1.0100157260894775
copying,binding,best,64,1536,0,256,2938,0,0.1793212890625,0.0,horizon,1.4744935035705566
copying,binding,best,64,2048,0,256,2732,0,0.166748046875,0.0,horizon,1.9246594905853271
copying,binding,best,64,3072,0,256,2717,0,0.16583251953125,0.0,horizon,2.846278667449951
copying,binding,best,64,4096,0,256,2448,0,0.1494140625,0.0,horizon,4.077963590621948
copying,binding,best,64,6144,0,256,2189,0,0.13360595703125,0.0,horizon,6.003710746765137
copying,binding,best,64,8192,0,256,2465,0,0.15045166015625,0.0,horizon,7.967702150344849
copying,binding,best,64,12288,0,256,2369,0,0.14459228515625,0.0,horizon,11.837596893310547
copying,binding,best,64,16384,0,256,2064,0,0.1259765625,0.0,horizon,16.12554168701172
copying,binding,best,64,24576,0,256,2109,0,0.12872314453125,0.0,horizon,24.30643606185913
copying,binding,best,64,32768,0,256,2145,0,0.13092041015625,0.0,horizon,33.14608716964722
copying,binding,best,64,49152,0,256,2104,0,0.12841796875,0.0,horizon,49.53689169883728
copying,binding,best,64,65536,0,256,2082,0,0.1270751953125,0.0,horizon,67.28155422210693
copying,binding,best,64,98304,0,256,2079,0,0.12689208984375,0.0,horizon,103.04010725021362
copying,binding,best,64,131072,0,256,2061,0,0.12579345703125,0.0,horizon,252.08064794540405
copying,binding,best,10,16,7,256,1485,0,0.580078125,0.0,prefix,0.053908348083496094
copying,binding,best,10,16,15,256,1505,0,0.587890625,0.0,prefix,0.051674604415893555
copying,binding,best,10,16,63,256,1502,0,0.58671875,0.0,prefix,0.06628561019897461
copying,binding,best,10,64,7,256,1128,0,0.440625,0.0,prefix,0.07088136672973633
copying,binding,best,10,64,15,256,1251,0,0.488671875,0.0,prefix,0.06983089447021484
copying,binding,best,10,64,63,256,1171,0,0.457421875,0.0,prefix,0.10222458839416504
copying,binding,best,10,256,7,256,932,0,0.3640625,0.0,prefix,0.22818517684936523
copying,binding,best,10,256,15,256,1081,0,0.422265625,0.0,prefix,0.24054908752441406
copying,binding,best,10,256,63,256,912,0,0.35625,0.0,prefix,0.271376371383667
copying,binding,best,10,2048,7,256,733,0,0.286328125,0.0,prefix,1.884472370147705
copying,binding,best,10,2048,15,256,808,0,0.315625,0.0,prefix,1.8705856800079346
copying,binding,best,10,2048,63,256,707,0,0.276171875,0.0,prefix,1.9194159507751465
copying,binding,best,16,16,7,256,1744,0,0.42578125,0.0,prefix,0.05209660530090332
copying,binding,best,16,16,15,256,1917,0,0.468017578125,0.0,prefix,0.050930023193359375
copying,binding,best,16,16,63,256,1804,0,0.4404296875,0.0,prefix,0.0686180591583252
copying,binding,best,16,64,7,256,1595,0,0.389404296875,0.0,prefix,0.06923174858093262
copying,binding,best,16,64,15,256,1716,0,0.4189453125,0.0,prefix,0.07022309303283691
copying,binding,best,16,64,63,256,1611,0,0.393310546875,0.0,prefix,0.10121726989746094
copying,binding,best,16,256,7,256,1348,0,0.3291015625,0.0,prefix,0.2321460247039795
copying,binding,best,16,256,15,256,1382,0,0.33740234375,0.0,prefix,0.24591326713562012
copying,binding,best,16,256,63,256,1242,0,0.30322265625,0.0,prefix,0.2891998291015625
copying,binding,best,16,2048,7,256,1056,0,0.2578125,0.0,prefix,1.8719861507415771
copying,binding,best,16,2048,15,256,1099,0,0.268310546875,0.0,prefix,1.8776497840881348
copying,binding,best,16,2048,63,256,998,0,0.24365234375,0.0,prefix,1.926013708114624
copying,binding,best,32,16,7,256,2539,0,0.3099365234375,0.0,prefix,0.07171392440795898
copying,binding,best,32,16,15,256,2443,0,0.2982177734375,0.0,prefix,0.06866145133972168
copying,binding,best,32,16,63,256,2495,0,0.3045654296875,0.0,prefix,0.08698797225952148
copying,binding,best,32,64,7,256,2442,0,0.298095703125,0.0,prefix,0.09153008460998535
copying,binding,best,32,64,15,256,2566,0,0.313232421875,0.0,prefix,0.09562897682189941
copying,binding,best,32,64,63,256,2403,0,0.2933349609375,0.0,prefix,0.13740301132202148
copying,binding,best,32,256,7,256,2066,0,0.252197265625,0.0,prefix,0.26001429557800293
copying,binding,best,32,256,15,256,2101,0,0.2564697265625,0.0,prefix,0.27417683601379395
copying,binding,best,32,256,63,256,1925,0,0.2349853515625,0.0,prefix,0.291933536529541
copying,binding,best,32,2048,7,256,1745,0,0.2130126953125,0.0,prefix,1.9153587818145752
copying,binding,best,32,2048,15,256,1799,0,0.2196044921875,0.0,prefix,1.9082450866699219
copying,binding,best,32,2048,63,256,1698,0,0.207275390625,0.0,prefix,1.9527654647827148
copying,binding,best,64,16,7,256,3893,0,0.23760986328125,0.0,prefix,0.10038304328918457
copying,binding,best,64,16,15,256,4096,0,0.25,0.0,prefix,0.10449528694152832
copying,binding,best,64,16,63,256,3729,0,0.22760009765625,0.0,prefix,0.1470646858215332
copying,binding,best,64,64,7,256,3844,0,0.234619140625,0.0,prefix,0.14258790016174316
copying,binding,best,64,64,15,256,3602,0,0.2198486328125,0.0,prefix,0.14526820182800293
copying,binding,best,64,64,63,256,3760,0,0.2294921875,0.0,prefix,0.18150544166564941
copying,binding,best,64,256,7,256,3460,0,0.211181640625,0.0,prefix,0.31331920623779297
copying,binding,best,64,256,15,256,3473,0,0.21197509765625,0.0,prefix,0.32048511505126953
copying,binding,best,64,256,63,256,3179,0,0.19403076171875,0.0,prefix,0.35630202293395996
copying,binding,best,64,2048,7,256,2838,0,0.1732177734375,0.0,prefix,1.959991216659546
copying,binding,best,64,2048,15,256,3050,0,0.1861572265625,0.0,prefix,1.9709219932556152
copying,binding,best,64,2048,63,256,2882,0,0.1759033203125,0.0,prefix,2.0067896842956543
copying,binding,best,128,16,0,256,6051,0,0.184661865234375,0.0,unseen-memory,0.19781875610351562
copying,binding,best,128,16,15,256,5861,0,0.178863525390625,0.0,unseen-memory,0.22379565238952637
copying,binding,best,128,64,0,256,6066,0,0.18511962890625,0.0,unseen-memory,0.24728059768676758
copying,binding,best,128,64,15,256,5751,0,0.175506591796875,0.0,unseen-memory,0.2679576873779297
copying,binding,best,128,256,0,256,5579,0,0.170257568359375,0.0,unseen-memory,0.4006667137145996
copying,binding,best,128,256,15,256,5792,0,0.1767578125,0.0,unseen-memory,0.4273412227630615
copying,binding,best,128,2048,0,256,5135,0,0.156707763671875,0.0,unseen-memory,2.0306880474090576
copying,binding,best,128,2048,15,256,5299,0,0.161712646484375,0.0,unseen-memory,2.0721564292907715
copying,binding,final,10,1,0,256,1067,0,0.416796875,0.0,horizon,0.610353946685791
copying,binding,final,10,2,0,256,1013,0,0.395703125,0.0,horizon,0.05057048797607422
copying,binding,final,10,3,0,256,981,0,0.383203125,0.0,horizon,0.0520930290222168
copying,binding,final,10,4,0,256,982,0,0.38359375,0.0,horizon,0.04970097541809082
copying,binding,final,10,5,0,256,1119,0,0.437109375,0.0,horizon,0.05262041091918945
copying,binding,final,10,6,0,256,1052,0,0.4109375,0.0,horizon,0.05151224136352539
copying,binding,final,10,7,0,256,1126,0,0.43984375,0.0,horizon,0.05154728889465332
copying,binding,final,10,8,0,256,1230,0,0.48046875,0.0,horizon,0.049805402755737305
copying,binding,final,10,9,0,256,1359,0,0.530859375,0.0,horizon,0.050817012786865234
copying,binding,final,10,10,0,256,1364,2,0.5328125,0.0078125,horizon,0.05079388618469238
copying,binding,final,10,11,0,256,1275,0,0.498046875,0.0,horizon,0.05267596244812012
copying,binding,final,10,12,0,256,1254,0,0.48984375,0.0,horizon,0.050890207290649414
copying,binding,final,10,13,0,256,1294,0,0.50546875,0.0,horizon,0.05137038230895996
copying,binding,final,10,14,0,256,1304,0,0.509375,0.0,horizon,0.05052804946899414
copying,binding,final,10,16,0,256,1285,0,0.501953125,0.0,horizon,0.05109238624572754
copying,binding,final,10,24,0,256,1268,0,0.4953125,0.0,horizon,0.05086255073547363
copying,binding,final,10,32,0,256,1287,0,0.502734375,0.0,horizon,0.05162954330444336
copying,binding,final,10,48,0,256,1136,0,0.44375,0.0,horizon,0.06767416000366211
copying,binding,final,10,64,0,256,966,0,0.37734375,0.0,horizon,0.07006645202636719
copying,binding,final,10,96,0,256,1016,0,0.396875,0.0,horizon,0.06976819038391113
copying,binding,final,10,128,0,256,1025,0,0.400390625,0.0,horizon,0.0853114128112793
copying,binding,final,10,192,0,256,997,0,0.389453125,0.0,horizon,0.13267159461975098
copying,binding,final,10,256,0,256,841,0,0.328515625,0.0,horizon,0.19731354713439941
copying,binding,final,10,384,0,256,962,0,0.37578125,0.0,horizon,0.3629913330078125
copying,binding,final,10,512,0,256,880,0,0.34375,0.0,horizon,0.38359498977661133
copying,binding,final,10,768,0,256,881,0,0.344140625,0.0,horizon,0.6127991676330566
copying,binding,final,10,1024,0,256,666,0,0.26015625,0.0,horizon,0.8664712905883789
copying,binding,final,10,1536,0,256,640,0,0.25,0.0,horizon,1.326314926147461
copying,binding,final,10,2048,0,256,642,0,0.25078125,0.0,horizon,1.7663908004760742
copying,binding,final,10,3072,0,256,610,0,0.23828125,0.0,horizon,2.663438558578491
copying,binding,final,10,4096,0,256,453,0,0.176953125,0.0,horizon,3.8726727962493896
copying,binding,final,10,6144,0,256,385,0,0.150390625,0.0,horizon,5.787088632583618
copying,binding,final,10,8192,0,256,429,0,0.167578125,0.0,horizon,7.7319018840789795
copying,binding,final,10,12288,0,256,381,0,0.148828125,0.0,horizon,11.614857196807861
copying,binding,final,10,16384,0,256,386,0,0.15078125,0.0,horizon,15.90476107597351
copying,binding,final,10,24576,0,256,300,0,0.1171875,0.0,horizon,24.153029203414917
copying,binding,final,10,32768,0,256,318,0,0.12421875,0.0,horizon,33.073261737823486
copying,binding,final,10,49152,0,256,306,0,0.11953125,0.0,horizon,49.49673938751221
copying,binding,final,10,65536,0,256,348,0,0.1359375,0.0,horizon,67.32018256187439
copying,binding,final,10,98304,0,256,293,0,0.114453125,0.0,horizon,102.86198592185974
copying,binding,final,10,131072,0,256,352,0,0.1375,0.0,horizon,251.7660689353943
copying,binding,final,16,1,0,256,1514,0,0.36962890625,0.0,horizon,0.04944562911987305
copying,binding,final,16,2,0,256,1491,0,0.364013671875,0.0,horizon,0.05001068115234375
copying,binding,final,16,3,0,256,1620,0,0.3955078125,0.0,horizon,0.04952859878540039
copying,binding,final,16,4,0,256,1602,0,0.39111328125,0.0,horizon,0.05066275596618652
copying,binding,final,16,5,0,256,1525,0,0.372314453125,0.0,horizon,0.05030345916748047
copying,binding,final,16,6,0,256,1531,0,0.373779296875,0.0,horizon,0.05058908462524414
copying,binding,final,16,7,0,256,1602,0,0.39111328125,0.0,horizon,0.05213332176208496
copying,binding,final,16,8,0,256,1572,0,0.3837890625,0.0,horizon,0.05074334144592285
copying,binding,final,16,9,0,256,1538,0,0.37548828125,0.0,horizon,0.05190467834472656
copying,binding,final,16,10,0,256,1544,0,0.376953125,0.0,horizon,0.053182363510131836
copying,binding,final,16,11,0,256,1593,0,0.388916015625,0.0,horizon,0.055203914642333984
copying,binding,final,16,12,0,256,1559,0,0.380615234375,0.0,horizon,0.05614590644836426
copying,binding,final,16,13,0,256,1431,0,0.349365234375,0.0,horizon,0.054024696350097656
copying,binding,final,16,14,0,256,1565,0,0.382080078125,0.0,horizon,0.054900169372558594
copying,binding,final,16,16,0,256,1565,0,0.382080078125,0.0,horizon,0.04910898208618164
copying,binding,final,16,24,0,256,1637,0,0.399658203125,0.0,horizon,0.05045962333679199
copying,binding,final,16,32,0,256,1525,0,0.372314453125,0.0,horizon,0.06374239921569824
copying,binding,final,16,48,0,256,1289,0,0.314697265625,0.0,horizon,0.06709122657775879
copying,binding,final,16,64,0,256,1401,0,0.342041015625,0.0,horizon,0.06807374954223633
copying,binding,final,16,96,0,256,1431,0,0.349365234375,0.0,horizon,0.08499288558959961
copying,binding,final,16,128,0,256,1436,0,0.3505859375,0.0,horizon,0.12675952911376953
copying,binding,final,16,192,0,256,1425,0,0.347900390625,0.0,horizon,0.17848706245422363
copying,binding,final,16,256,0,256,1151,0,0.281005859375,0.0,horizon,0.24166083335876465
copying,binding,final,16,384,0,256,1251,0,0.305419921875,0.0,horizon,0.31876397132873535
copying,binding,final,16,512,0,256,1162,0,0.28369140625,0.0,horizon,0.45023512840270996
copying,binding,final,16,768,0,256,1185,0,0.289306640625,0.0,horizon,0.6306948661804199
copying,binding,final,16,1024,0,256,876,0,0.2138671875,0.0,horizon,0.9391708374023438
copying,binding,final,16,1536,0,256,909,0,0.221923828125,0.0,horizon,1.3882346153259277
copying,binding,final,16,2048,0,256,862,0,0.21044921875,0.0,horizon,1.848261833190918
copying,binding,final,16,3072,0,256,848,0,0.20703125,0.0,horizon,2.757979393005371
copying,binding,final,16,4096,0,256,752,0,0.18359375,0.0,horizon,3.9868011474609375
copying,binding,final,16,6144,0,256,602,0,0.14697265625,0.0,horizon,5.9066550731658936
copying,binding,final,16,8192,0,256,707,0,0.172607421875,0.0,horizon,7.856343507766724
copying,binding,final,16,12288,0,256,620,0,0.1513671875,0.0,horizon,11.742568492889404
copying,binding,final,16,16384,0,256,494,0,0.12060546875,0.0,horizon,16.005091905593872
copying,binding,final,16,24576,0,256,566,0,0.13818359375,0.0,horizon,24.224278688430786
copying,binding,final,16,32768,0,256,547,0,0.133544921875,0.0,horizon,33.13621759414673
copying,binding,final,16,49152,0,256,518,0,0.12646484375,0.0,horizon,49.691805601119995
copying,binding,final,16,65536,0,256,540,0,0.1318359375,0.0,horizon,67.52060580253601
copying,binding,final,16,98304,0,256,506,0,0.12353515625,0.0,horizon,102.65032815933228
copying,binding,final,16,131072,0,256,541,0,0.132080078125,0.0,horizon,254.91699528694153
copying,binding,final,32,1,0,256,2352,0,0.287109375,0.0,horizon,0.0718693733215332
copying,binding,final,32,2,0,256,2173,0,0.2652587890625,0.0,horizon,0.07306981086730957
copying,binding,final,32,3,0,256,2169,0,0.2647705078125,0.0,horizon,0.06854844093322754
copying,binding,final,32,4,0,256,2092,0,0.25537109375,0.0,horizon,0.0704336166381836
copying,binding,final,32,5,0,256,2062,0,0.251708984375,0.0,horizon,0.07045888900756836
copying,binding,final,32,6,0,256,2087,0,0.2547607421875,0.0,horizon,0.07045364379882812
copying,binding,final,32,7,0,256,2148,0,0.26220703125,0.0,horizon,0.06875824928283691
copying,binding,final,32,8,0,256,2165,0,0.2642822265625,0.0,horizon,0.06806015968322754
copying,binding,final,32,9,0,256,2191,0,0.2674560546875,0.0,horizon,0.06980013847351074
copying,binding,final,32,10,0,256,2258,0,0.275634765625,0.0,horizon,0.07088160514831543
copying,binding,final,32,11,0,256,2309,0,0.2818603515625,0.0,horizon,0.06804800033569336
copying,binding,final,32,12,0,256,2230,0,0.272216796875,0.0,horizon,0.06542372703552246
copying,binding,final,32,13,0,256,2232,0,0.2724609375,0.0,horizon,0.06726384162902832
copying,binding,final,32,14,0,256,2266,0,0.276611328125,0.0,horizon,0.06804418563842773
copying,binding,final,32,16,0,256,2325,0,0.2838134765625,0.0,horizon,0.0694270133972168
copying,binding,final,32,24,0,256,2353,0,0.2872314453125,0.0,horizon,0.06922626495361328
copying,binding,final,32,32,0,256,2262,0,0.276123046875,0.0,horizon,0.06977987289428711
copying,binding,final,32,48,0,256,2323,0,0.2835693359375,0.0,horizon,0.07138776779174805
copying,binding,final,32,64,0,256,2353,0,0.2872314453125,0.0,horizon,0.09264826774597168
copying,binding,final,32,96,0,256,2316,0,0.28271484375,0.0,horizon,0.11572766304016113
copying,binding,final,32,128,0,256,2344,0,0.2861328125,0.0,horizon,0.1355586051940918
copying,binding,final,32,192,0,256,2331,0,0.2845458984375,0.0,horizon,0.20485305786132812
copying,binding,final,32,256,0,256,2080,0,0.25390625,0.0,horizon,0.26032423973083496
copying,binding,final,32,384,0,256,1939,0,0.2366943359375,0.0,horizon,0.35497522354125977
copying,binding,final,32,512,0,256,2028,0,0.24755859375,0.0,horizon,0.4760732650756836
copying,binding,final,32,768,0,256,2027,0,0.2474365234375,0.0,horizon,0.6583826541900635
copying,binding,final,32,1024,0,256,1686,0,0.205810546875,0.0,horizon,0.9547600746154785
copying,binding,final,32,1536,0,256,1719,0,0.2098388671875,0.0,horizon,1.4244871139526367
copying,binding,final,32,2048,0,256,1726,0,0.210693359375,0.0,horizon,1.8780107498168945
copying,binding,final,32,3072,0,256,1716,0,0.20947265625,0.0,horizon,2.791855812072754
copying,binding,final,32,4096,0,256,1415,0,0.1727294921875,0.0,horizon,4.0277650356292725
copying,binding,final,32,6144,0,256,1234,0,0.150634765625,0.0,horizon,5.965510129928589
copying,binding,final,32,8192,0,256,1419,0,0.1732177734375,0.0,horizon,7.897524356842041
copying,binding,final,32,12288,0,256,1407,0,0.1717529296875,0.0,horizon,11.790660619735718
copying,binding,final,32,16384,0,256,1043,0,0.1273193359375,0.0,horizon,16.05416440963745
copying,binding,final,32,24576,0,256,1057,0,0.1290283203125,0.0,horizon,24.22269058227539
copying,binding,final,32,32768,0,256,1068,0,0.13037109375,0.0,horizon,33.21864581108093
copying,binding,final,32,49152,0,256,1031,0,0.1258544921875,0.0,horizon,49.76313614845276
copying,binding,final,32,65536,0,256,1049,0,0.1280517578125,0.0,horizon,67.22796702384949
copying,binding,final,32,98304,0,256,1046,0,0.127685546875,0.0,horizon,102.58427214622498
copying,binding,final,32,131072,0,256,1045,0,0.1275634765625,0.0,horizon,253.4291160106659
copying,binding,final,64,1,0,256,3666,0,0.2237548828125,0.0,horizon,0.0889284610748291
copying,binding,final,64,2,0,256,3651,0,0.22283935546875,0.0,horizon,0.1032569408416748
copying,binding,final,64,3,0,256,3694,0,0.2254638671875,0.0,horizon,0.09813427925109863
copying,binding,final,64,4,0,256,3662,0,0.2235107421875,0.0,horizon,0.09434366226196289
copying,binding,final,64,5,0,256,3645,0,0.22247314453125,0.0,horizon,0.09433746337890625
copying,binding,final,64,6,0,256,3549,0,0.21661376953125,0.0,horizon,0.09583711624145508
copying,binding,final,64,7,0,256,3506,0,0.2139892578125,0.0,horizon,0.09442996978759766
copying,binding,final,64,8,0,256,3576,0,0.21826171875,0.0,horizon,0.09301209449768066
copying,binding,final,64,9,0,256,3560,0,0.21728515625,0.0,horizon,0.10047197341918945
copying,binding,final,64,10,0,256,3527,0,0.21527099609375,0.0,horizon,0.0948801040649414
copying,binding,final,64,11,0,256,3539,0,0.21600341796875,0.0,horizon,0.09405875205993652
copying,binding,final,64,12,0,256,3608,0,0.22021484375,0.0,horizon,0.09866642951965332
copying,binding,final,64,13,0,256,3596,0,0.219482421875,0.0,horizon,0.10408520698547363
copying,binding,final,64,14,0,256,3515,0,0.21453857421875,0.0,horizon,0.10207557678222656
copying,binding,final,64,16,0,256,3664,0,0.2236328125,0.0,horizon,0.09939026832580566
copying,binding,final,64,24,0,256,3544,0,0.21630859375,0.0,horizon,0.10649394989013672
copying,binding,final,64,32,0,256,3777,0,0.23052978515625,0.0,horizon,0.11056208610534668
copying,binding,final,64,48,0,256,3604,0,0.219970703125,0.0,horizon,0.12490963935852051
copying,binding,final,64,64,0,256,3682,0,0.2247314453125,0.0,horizon,0.13354015350341797
copying,binding,final,64,96,0,256,3711,0,0.22650146484375,0.0,horizon,0.15995144844055176
copying,binding,final,64,128,0,256,3795,0,0.23162841796875,0.0,horizon,0.20453262329101562
copying,binding,final,64,192,0,256,3137,0,0.19146728515625,0.0,horizon,0.2516133785247803
copying,binding,final,64,256,0,256,3172,0,0.193603515625,0.0,horizon,0.3023681640625
copying,binding,final,64,384,0,256,3307,0,0.20184326171875,0.0,horizon,0.4116382598876953
copying,binding,final,64,512,0,256,3200,0,0.1953125,0.0,horizon,0.5071136951446533
copying,binding,final,64,768,0,256,3257,0,0.19879150390625,0.0,horizon,0.719907283782959
copying,binding,final,64,1024,0,256,2899,0,0.17694091796875,0.0,horizon,1.011181116104126
copying,binding,final,64,1536,0,256,2992,0,0.1826171875,0.0,horizon,1.472757339477539
copying,binding,final,64,2048,0,256,2894,0,0.1766357421875,0.0,horizon,1.9198477268218994
copying,binding,final,64,3072,0,256,2828,0,0.172607421875,0.0,horizon,2.8539528846740723
copying,binding,final,64,4096,0,256,2530,0,0.1544189453125,0.0,horizon,4.092970609664917
copying,binding,final,64,6144,0,256,2197,0,0.13409423828125,0.0,horizon,6.015191555023193
copying,binding,final,64,8192,0,256,2457,0,0.14996337890625,0.0,horizon,7.9956841468811035
copying,binding,final,64,12288,0,256,2336,0,0.142578125,0.0,horizon,11.850948810577393
copying,binding,final,64,16384,0,256,2016,0,0.123046875,0.0,horizon,16.130029678344727
copying,binding,final,64,24576,0,256,2148,0,0.131103515625,0.0,horizon,24.35801339149475
copying,binding,final,64,32768,0,256,2046,0,0.1248779296875,0.0,horizon,33.23437428474426
copying,binding,final,64,49152,0,256,2056,0,0.12548828125,0.0,horizon,49.66509175300598
copying,binding,final,64,65536,0,256,2093,0,0.12774658203125,0.0,horizon,67.50642728805542
copying,binding,final,64,98304,0,256,2076,0,0.126708984375,0.0,horizon,102.92674016952515
copying,binding,final,64,131072,0,256,2099,0,0.12811279296875,0.0,horizon,256.04399394989014
copying,binding,final,10,16,7,256,1499,0,0.585546875,0.0,prefix,0.05533933639526367
copying,binding,final,10,16,15,256,1405,0,0.548828125,0.0,prefix,0.054819345474243164
copying,binding,final,10,16,63,256,1418,0,0.55390625,0.0,prefix,0.07250595092773438
copying,binding,final,10,64,7,256,1148,0,0.4484375,0.0,prefix,0.0697627067565918
copying,binding,final,10,64,15,256,1262,0,0.49296875,0.0,prefix,0.06921768188476562
copying,binding,final,10,64,63,256,1098,0,0.42890625,0.0,prefix,0.10522079467773438
copying,binding,final,10,256,7,256,939,0,0.366796875,0.0,prefix,0.22747421264648438
copying,binding,final,10,256,15,256,1045,0,0.408203125,0.0,prefix,0.24773740768432617
copying,binding,final,10,256,63,256,928,0,0.3625,0.0,prefix,0.26984405517578125
copying,binding,final,10,2048,7,256,791,0,0.308984375,0.0,prefix,1.9037859439849854
copying,binding,final,10,2048,15,256,774,0,0.30234375,0.0,prefix,1.8847050666809082
copying,binding,final,10,2048,63,256,558,0,0.21796875,0.0,prefix,1.9313127994537354
copying,binding,final,16,16,7,256,1823,0,0.445068359375,0.0,prefix,0.054349422454833984
copying,binding,final,16,16,15,256,1879,0,0.458740234375,0.0,prefix,0.054610490798950195
copying,binding,final,16,16,63,256,1764,0,0.4306640625,0.0,prefix,0.0730428695678711
copying,binding,final,16,64,7,256,1660,0,0.4052734375,0.0,prefix,0.0722663402557373
copying,binding,final,16,64,15,256,1697,0,0.414306640625,0.0,prefix,0.07296228408813477
copying,binding,final,16,64,63,256,1619,0,0.395263671875,0.0,prefix,0.0950934886932373
copying,binding,final,16,256,7,256,1413,0,0.344970703125,0.0,prefix,0.23391938209533691
copying,binding,final,16,256,15,256,1372,0,0.3349609375,0.0,prefix,0.24647927284240723
copying,binding,final,16,256,63,256,1262,0,0.30810546875,0.0,prefix,0.2966346740722656
copying,binding,final,16,2048,7,256,971,0,0.237060546875,0.0,prefix,1.8749563694000244
copying,binding,final,16,2048,15,256,1077,0,0.262939453125,0.0,prefix,1.890458106994629
copying,binding,final,16,2048,63,256,917,0,0.223876953125,0.0,prefix,1.9281234741210938
copying,binding,final,32,16,7,256,2710,0,0.330810546875,0.0,prefix,0.07187485694885254
copying,binding,final,32,16,15,256,2516,0,0.30712890625,0.0,prefix,0.06990814208984375
copying,binding,final,32,16,63,256,2483,0,0.3031005859375,0.0,prefix,0.08749747276306152
copying,binding,final,32,64,7,256,2577,0,0.3145751953125,0.0,prefix,0.0925445556640625
copying,binding,final,32,64,15,256,2563,0,0.3128662109375,0.0,prefix,0.09683871269226074
copying,binding,final,32,64,63,256,2497,0,0.3048095703125,0.0,prefix,0.1387491226196289
copying,binding,final,32,256,7,256,2136,0,0.2607421875,0.0,prefix,0.26079392433166504
copying,binding,final,32,256,15,256,2094,0,0.255615234375,0.0,prefix,0.2738304138183594
copying,binding,final,32,256,63,256,1977,0,0.2413330078125,0.0,prefix,0.2911341190338135
copying,binding,final,32,2048,7,256,1684,0,0.20556640625,0.0,prefix,1.9197230339050293
copying,binding,final,32,2048,15,256,1698,0,0.207275390625,0.0,prefix,1.9158399105072021
copying,binding,final,32,2048,63,256,1548,0,0.18896484375,0.0,prefix,1.9557981491088867
copying,binding,final,64,16,7,256,4001,0,0.24420166015625,0.0,prefix,0.10103988647460938
copying,binding,final,64,16,15,256,4118,0,0.2513427734375,0.0,prefix,0.10628890991210938
copying,binding,final,64,16,63,256,3876,0,0.236572265625,0.0,prefix,0.14864301681518555
copying,binding,final,64,64,7,256,3960,0,0.24169921875,0.0,prefix,0.14037346839904785
copying,binding,final,64,64,15,256,3724,0,0.227294921875,0.0,prefix,0.14829421043395996
copying,binding,final,64,64,63,256,3794,0,0.2315673828125,0.0,prefix,0.18120765686035156
copying,binding,final,64,256,7,256,3469,0,0.21173095703125,0.0,prefix,0.3122220039367676
copying,binding,final,64,256,15,256,3550,0,0.2166748046875,0.0,prefix,0.31841063499450684
copying,binding,final,64,256,63,256,3169,0,0.19342041015625,0.0,prefix,0.36232972145080566
copying,binding,final,64,2048,7,256,2808,0,0.17138671875,0.0,prefix,1.9646246433258057
copying,binding,final,64,2048,15,256,3015,0,0.18402099609375,0.0,prefix,1.9664127826690674
copying,binding,final,64,2048,63,256,2515,0,0.15350341796875,0.0,prefix,2.011340618133545
copying,binding,final,128,16,0,256,5698,0,0.17388916015625,0.0,unseen-memory,0.19991016387939453
copying,binding,final,128,16,15,256,6016,0,0.18359375,0.0,unseen-memory,0.22518706321716309
copying,binding,final,128,64,0,256,6058,0,0.18487548828125,0.0,unseen-memory,0.25140905380249023
copying,binding,final,128,64,15,256,5947,0,0.181488037109375,0.0,unseen-memory,0.26791977882385254
copying,binding,final,128,256,0,256,5544,0,0.169189453125,0.0,unseen-memory,0.402874231338501
copying,binding,final,128,256,15,256,5746,0,0.17535400390625,0.0,unseen-memory,0.4301297664642334
copying,binding,final,128,2048,0,256,4905,0,0.149688720703125,0.0,unseen-memory,2.038975238800049
copying,binding,final,128,2048,15,256,4887,0,0.149139404296875,0.0,unseen-memory,2.090101718902588
copying,relative-kv,best,10,1,0,256,2000,23,0.78125,0.08984375,horizon,0.5666701793670654
copying,relative-kv,best,10,2,0,256,2088,40,0.815625,0.15625,horizon,0.05660414695739746
copying,relative-kv,best,10,3,0,256,2098,36,0.81953125,0.140625,horizon,0.05635190010070801
copying,relative-kv,best,10,4,0,256,2178,65,0.85078125,0.25390625,horizon,0.04806661605834961
copying,relative-kv,best,10,5,0,256,2215,54,0.865234375,0.2109375,horizon,0.0492091178894043
copying,relative-kv,best,10,6,0,256,2197,53,0.858203125,0.20703125,horizon,0.0479586124420166
copying,relative-kv,best,10,7,0,256,2209,52,0.862890625,0.203125,horizon,0.04803824424743652
copying,relative-kv,best,10,8,0,256,2249,63,0.878515625,0.24609375,horizon,0.047295331954956055
copying,relative-kv,best,10,9,0,256,2268,74,0.8859375,0.2890625,horizon,0.0475614070892334
copying,relative-kv,best,10,10,0,256,2201,51,0.859765625,0.19921875,horizon,0.047577619552612305
copying,relative-kv,best,10,11,0,256,2274,77,0.88828125,0.30078125,horizon,0.04716944694519043
copying,relative-kv,best,10,12,0,256,2257,66,0.881640625,0.2578125,horizon,0.0471491813659668
copying,relative-kv,best,10,13,0,256,2286,78,0.89296875,0.3046875,horizon,0.04645228385925293
copying,relative-kv,best,10,14,0,256,2230,59,0.87109375,0.23046875,horizon,0.04472208023071289
copying,relative-kv,best,10,16,0,256,2274,65,0.88828125,0.25390625,horizon,0.04582834243774414
copying,relative-kv,best,10,24,0,256,2288,74,0.89375,0.2890625,horizon,0.04600048065185547
copying,relative-kv,best,10,32,0,256,2272,72,0.8875,0.28125,horizon,0.04781675338745117
copying,relative-kv,best,10,48,0,256,2258,66,0.88203125,0.2578125,horizon,0.06102132797241211
copying,relative-kv,best,10,64,0,256,2250,60,0.87890625,0.234375,horizon,0.06465554237365723
copying,relative-kv,best,10,96,0,256,2239,53,0.874609375,0.20703125,horizon,0.06803011894226074
copying,relative-kv,best,10,128,0,256,2262,64,0.88359375,0.25,horizon,0.09134149551391602
copying,relative-kv,best,10,192,0,256,2274,60,0.88828125,0.234375,horizon,0.1341569423675537
copying,relative-kv,best,10,256,0,256,2277,77,0.889453125,0.30078125,horizon,0.2054429054260254
copying,relative-kv,best,10,384,0,256,2246,66,0.87734375,0.2578125,horizon,0.3679330348968506
copying,relative-kv,best,10,512,0,256,2276,75,0.8890625,0.29296875,horizon,0.4182157516479492
copying,relative-kv,best,10,768,0,256,2271,75,0.887109375,0.29296875,horizon,0.6687533855438232
copying,relative-kv,best,10,1024,0,256,2268,62,0.8859375,0.2421875,horizon,0.9934098720550537
copying,relative-kv,best,10,1536,0,256,2240,60,0.875,0.234375,horizon,1.4836878776550293
copying,relative-kv,best,10,2048,0,256,2151,41,0.840234375,0.16015625,horizon,1.9981980323791504
copying,relative-kv,best,10,3072,0,256,2039,28,0.796484375,0.109375,horizon,3.044839859008789
copying,relative-kv,best,10,4096,0,256,2102,29,0.82109375,0.11328125,horizon,4.56095027923584
copying,relative-kv,best,10,6144,0,256,2075,32,0.810546875,0.125,horizon,6.713320732116699
copying,relative-kv,best,10,8192,0,256,1787,3,0.698046875,0.01171875,horizon,8.98123812675476
copying,relative-kv,best,10,12288,0,256,1569,1,0.612890625,0.00390625,horizon,13.421382665634155
copying,relative-kv,best,10,16384,0,256,1633,3,0.637890625,0.01171875,horizon,18.578679084777832
copying,relative-kv,best,10,24576,0,256,1619,1,0.632421875,0.00390625,horizon,28.631147384643555
copying,relative-kv,best,10,32768,0,256,1063,0,0.415234375,0.0,horizon,39.360371112823486
copying,relative-kv,best,10,49152,0,256,935,0,0.365234375,0.0,horizon,60.08776879310608
copying,relative-kv,best,10,65536,0,256,992,0,0.3875,0.0,horizon,83.5337028503418
copying,relative-kv,best,10,98304,0,256,979,0,0.382421875,0.0,horizon,133.66033244132996
copying,relative-kv,best,10,131072,0,256,690,0,0.26953125,0.0,horizon,222.19212460517883
copying,relative-kv,best,16,1,0,256,2648,0,0.646484375,0.0,horizon,0.05195498466491699
copying,relative-kv,best,16,2,0,256,2638,0,0.64404296875,0.0,horizon,0.04906749725341797
copying,relative-kv,best,16,3,0,256,2631,0,0.642333984375,0.0,horizon,0.049295902252197266
copying,relative-kv,best,16,4,0,256,2698,0,0.65869140625,0.0,horizon,0.049126625061035156
copying,relative-kv,best,16,5,0,256,2627,0,0.641357421875,0.0,horizon,0.048957109451293945
copying,relative-kv,best,16,6,0,256,2630,0,0.64208984375,0.0,horizon,0.049083709716796875
copying,relative-kv,best,16,7,0,256,2639,0,0.644287109375,0.0,horizon,0.049471139907836914
copying,relative-kv,best,16,8,0,256,2606,0,0.63623046875,0.0,horizon,0.04893136024475098
copying,relative-kv,best,16,9,0,256,2507,0,0.612060546875,0.0,horizon,0.04923701286315918
copying,relative-kv,best,16,10,0,256,2624,0,0.640625,0.0,horizon,0.04819345474243164
copying,relative-kv,best,16,11,0,256,2666,0,0.65087890625,0.0,horizon,0.05010080337524414
copying,relative-kv,best,16,12,0,256,2604,0,0.6357421875,0.0,horizon,0.04781627655029297
copying,relative-kv,best,16,13,0,256,2585,0,0.631103515625,0.0,horizon,0.049349069595336914
copying,relative-kv,best,16,14,0,256,2638,0,0.64404296875,0.0,horizon,0.04771733283996582
copying,relative-kv,best,16,16,0,256,2621,0,0.639892578125,0.0,horizon,0.0471646785736084
copying,relative-kv,best,16,24,0,256,2608,0,0.63671875,0.0,horizon,0.0482938289642334
copying,relative-kv,best,16,32,0,256,2643,0,0.645263671875,0.0,horizon,0.0584867000579834
copying,relative-kv,best,16,48,0,256,2631,0,0.642333984375,0.0,horizon,0.061203718185424805
copying,relative-kv,best,16,64,0,256,2632,0,0.642578125,0.0,horizon,0.08325409889221191
copying,relative-kv,best,16,96,0,256,2629,0,0.641845703125,0.0,horizon,0.09798288345336914
copying,relative-kv,best,16,128,0,256,2647,0,0.646240234375,0.0,horizon,0.11040711402893066
copying,relative-kv,best,16,192,0,256,2689,0,0.656494140625,0.0,horizon,0.14550089836120605
copying,relative-kv,best,16,256,0,256,2634,0,0.64306640625,0.0,horizon,0.21899056434631348
copying,relative-kv,best,16,384,0,256,2610,0,0.63720703125,0.0,horizon,0.33160829544067383
copying,relative-kv,best,16,512,0,256,2653,0,0.647705078125,0.0,horizon,0.4710266590118408
copying,relative-kv,best,16,768,0,256,2681,0,0.654541015625,0.0,horizon,0.6776108741760254
copying,relative-kv,best,16,1024,0,256,2580,0,0.6298828125,0.0,horizon,1.0220527648925781
copying,relative-kv,best,16,1536,0,256,2577,0,0.629150390625,0.0,horizon,1.5203731060028076
copying,relative-kv,best,16,2048,0,256,2627,0,0.641357421875,0.0,horizon,2.030393600463867
copying,relative-kv,best,16,3072,0,256,2631,0,0.642333984375,0.0,horizon,3.137352705001831
copying,relative-kv,best,16,4096,0,256,2634,0,0.64306640625,0.0,horizon,4.625053405761719
copying,relative-kv,best,16,6144,0,256,2611,0,0.637451171875,0.0,horizon,6.810337066650391
copying,relative-kv,best,16,8192,0,256,2518,0,0.61474609375,0.0,horizon,9.065674781799316
copying,relative-kv,best,16,12288,0,256,2412,0,0.5888671875,0.0,horizon,13.569115161895752
copying,relative-kv,best,16,16384,0,256,2451,0,0.598388671875,0.0,horizon,18.714030265808105
copying,relative-kv,best,16,24576,0,256,2450,0,0.59814453125,0.0,horizon,28.740810871124268
copying,relative-kv,best,16,32768,0,256,1959,0,0.478271484375,0.0,horizon,39.39309215545654
copying,relative-kv,best,16,49152,0,256,1625,0,0.396728515625,0.0,horizon,60.14670705795288
copying,relative-kv,best,16,65536,0,256,1708,0,0.4169921875,0.0,horizon,83.62612247467041
copying,relative-kv,best,16,98304,0,256,1681,0,0.410400390625,0.0,horizon,133.52091336250305
copying,relative-kv,best,16,131072,0,256,1194,0,0.29150390625,0.0,horizon,219.6894187927246
copying,relative-kv,best,32,1,0,256,3610,0,0.440673828125,0.0,horizon,0.05804109573364258
copying,relative-kv,best,32,2,0,256,3511,0,0.4285888671875,0.0,horizon,0.05826234817504883
copying,relative-kv,best,32,3,0,256,3523,0,0.4300537109375,0.0,horizon,0.05619359016418457
copying,relative-kv,best,32,4,0,256,3556,0,0.43408203125,0.0,horizon,0.05835127830505371
copying,relative-kv,best,32,5,0,256,3508,0,0.42822265625,0.0,horizon,0.06056714057922363
copying,relative-kv,best,32,6,0,256,3537,0,0.4317626953125,0.0,horizon,0.06151294708251953
copying,relative-kv,best,32,7,0,256,3445,0,0.4205322265625,0.0,horizon,0.05893135070800781
copying,relative-kv,best,32,8,0,256,3415,0,0.4168701171875,0.0,horizon,0.06101703643798828
copying,relative-kv,best,32,9,0,256,3422,0,0.417724609375,0.0,horizon,0.05723166465759277
copying,relative-kv,best,32,10,0,256,3536,0,0.431640625,0.0,horizon,0.05922579765319824
copying,relative-kv,best,32,11,0,256,3512,0,0.4287109375,0.0,horizon,0.0638115406036377
copying,relative-kv,best,32,12,0,256,3435,0,0.4193115234375,0.0,horizon,0.06191563606262207
copying,relative-kv,best,32,13,0,256,3430,0,0.418701171875,0.0,horizon,0.06607723236083984
copying,relative-kv,best,32,14,0,256,3453,0,0.4215087890625,0.0,horizon,0.06512093544006348
copying,relative-kv,best,32,16,0,256,3399,0,0.4149169921875,0.0,horizon,0.05667304992675781
copying,relative-kv,best,32,24,0,256,3310,0,0.404052734375,0.0,horizon,0.0629119873046875
copying,relative-kv,best,32,32,0,256,3356,0,0.40966796875,0.0,horizon,0.06790614128112793
copying,relative-kv,best,32,48,0,256,3378,0,0.412353515625,0.0,horizon,0.07607460021972656
copying,relative-kv,best,32,64,0,256,3443,0,0.4202880859375,0.0,horizon,0.08635807037353516
copying,relative-kv,best,32,96,0,256,3318,0,0.405029296875,0.0,horizon,0.10486984252929688
copying,relative-kv,best,32,128,0,256,3408,0,0.416015625,0.0,horizon,0.12764358520507812
copying,relative-kv,best,32,192,0,256,3372,0,0.41162109375,0.0,horizon,0.1995987892150879
copying,relative-kv,best,32,256,0,256,3456,0,0.421875,0.0,horizon,0.25604248046875
copying,relative-kv,best,32,384,0,256,3344,0,0.408203125,0.0,horizon,0.3641178607940674
copying,relative-kv,best,32,512,0,256,3444,0,0.42041015625,0.0,horizon,0.48241424560546875
copying,relative-kv,best,32,768,0,256,3474,0,0.424072265625,0.0,horizon,0.699030876159668
copying,relative-kv,best,32,1024,0,256,3369,0,0.4112548828125,0.0,horizon,1.0505225658416748
copying,relative-kv,best,32,1536,0,256,3398,0,0.414794921875,0.0,horizon,1.5553245544433594
copying,relative-kv,best,32,2048,0,256,3363,0,0.4105224609375,0.0,horizon,2.0613481998443604
copying,relative-kv,best,32,3072,0,256,3377,0,0.4122314453125,0.0,horizon,3.1787586212158203
copying,relative-kv,best,32,4096,0,256,3376,0,0.412109375,0.0,horizon,4.654809236526489
copying,relative-kv,best,32,6144,0,256,3407,0,0.4158935546875,0.0,horizon,6.857628345489502
copying,relative-kv,best,32,8192,0,256,3301,0,0.4029541015625,0.0,horizon,9.097116947174072
copying,relative-kv,best,32,12288,0,256,3146,0,0.384033203125,0.0,horizon,13.596991300582886
copying,relative-kv,best,32,16384,0,256,3193,0,0.3897705078125,0.0,horizon,18.681732892990112
copying,relative-kv,best,32,24576,0,256,3204,0,0.39111328125,0.0,horizon,28.768147706985474
copying,relative-kv,best,32,32768,0,256,2645,0,0.3228759765625,0.0,horizon,39.48773765563965
copying,relative-kv,best,32,49152,0,256,2259,0,0.2757568359375,0.0,horizon,60.35266065597534
copying,relative-kv,best,32,65536,0,256,2253,0,0.2750244140625,0.0,horizon,83.82031655311584
copying,relative-kv,best,32,98304,0,256,2263,0,0.2762451171875,0.0,horizon,134.04832983016968
copying,relative-kv,best,32,131072,0,256,1952,0,0.23828125,0.0,horizon,221.42086505889893
copying,relative-kv,best,64,1,0,256,4691,0,0.28631591796875,0.0,horizon,0.08218002319335938
copying,relative-kv,best,64,2,0,256,4800,0,0.29296875,0.0,horizon,0.08984732627868652
copying,relative-kv,best,64,3,0,256,4736,0,0.2890625,0.0,horizon,0.08576536178588867
copying,relative-kv,best,64,4,0,256,4787,0,0.29217529296875,0.0,horizon,0.08567023277282715
copying,relative-kv,best,64,5,0,256,4790,0,0.2923583984375,0.0,horizon,0.08761858940124512
copying,relative-kv,best,64,6,0,256,4803,0,0.29315185546875,0.0,horizon,0.08995962142944336
copying,relative-kv,best,64,7,0,256,4730,0,0.2886962890625,0.0,horizon,0.09160542488098145
copying,relative-kv,best,64,8,0,256,4789,0,0.29229736328125,0.0,horizon,0.09220623970031738
copying,relative-kv,best,64,9,0,256,4689,0,0.28619384765625,0.0,horizon,0.09489917755126953
copying,relative-kv,best,64,10,0,256,4827,0,0.29461669921875,0.0,horizon,0.10282683372497559
copying,relative-kv,best,64,11,0,256,4840,0,0.29541015625,0.0,horizon,0.09351658821105957
copying,relative-kv,best,64,12,0,256,4753,0,0.29010009765625,0.0,horizon,0.09154748916625977
copying,relative-kv,best,64,13,0,256,4691,0,0.28631591796875,0.0,horizon,0.09368658065795898
copying,relative-kv,best,64,14,0,256,4686,0,0.2860107421875,0.0,horizon,0.09400033950805664
copying,relative-kv,best,64,16,0,256,4736,0,0.2890625,0.0,horizon,0.09498476982116699
copying,relative-kv,best,64,24,0,256,4756,0,0.290283203125,0.0,horizon,0.1016852855682373
copying,relative-kv,best,64,32,0,256,4766,0,0.2908935546875,0.0,horizon,0.10599541664123535
copying,relative-kv,best,64,48,0,256,4721,0,0.28814697265625,0.0,horizon,0.11958575248718262
copying,relative-kv,best,64,64,0,256,4698,0,0.2867431640625,0.0,horizon,0.13364100456237793
copying,relative-kv,best,64,96,0,256,4814,0,0.2938232421875,0.0,horizon,0.15124058723449707
copying,relative-kv,best,64,128,0,256,4629,0,0.28253173828125,0.0,horizon,0.19955992698669434
copying,relative-kv,best,64,192,0,256,4598,0,0.2806396484375,0.0,horizon,0.2479865550994873
copying,relative-kv,best,64,256,0,256,4658,0,0.2843017578125,0.0,horizon,0.30709338188171387
copying,relative-kv,best,64,384,0,256,4731,0,0.28875732421875,0.0,horizon,0.4218482971191406
copying,relative-kv,best,64,512,0,256,4670,0,0.2850341796875,0.0,horizon,0.5372538566589355
copying,relative-kv,best,64,768,0,256,4704,0,0.287109375,0.0,horizon,0.7467234134674072
copying,relative-kv,best,64,1024,0,256,4694,0,0.2864990234375,0.0,horizon,1.123450517654419
copying,relative-kv,best,64,1536,0,256,4769,0,0.29107666015625,0.0,horizon,1.6121668815612793
copying,relative-kv,best,64,2048,0,256,4748,0,0.289794921875,0.0,horizon,2.1150388717651367
copying,relative-kv,best,64,3072,0,256,4724,0,0.288330078125,0.0,horizon,3.2488350868225098
copying,relative-kv,best,64,4096,0,256,4715,0,0.28778076171875,0.0,horizon,4.735846281051636
copying,relative-kv,best,64,6144,0,256,4646,0,0.2835693359375,0.0,horizon,6.917127370834351
copying,relative-kv,best,64,8192,0,256,4642,0,0.2833251953125,0.0,horizon,9.175561428070068
copying,relative-kv,best,64,12288,0,256,4490,0,0.2740478515625,0.0,horizon,13.6925528049469
copying,relative-kv,best,64,16384,0,256,4422,0,0.2698974609375,0.0,horizon,18.859121561050415
copying,relative-kv,best,64,24576,0,256,4418,0,0.2696533203125,0.0,horizon,28.922585010528564
copying,relative-kv,best,64,32768,0,256,3962,0,0.2418212890625,0.0,horizon,39.6536066532135
copying,relative-kv,best,64,49152,0,256,3684,0,0.224853515625,0.0,horizon,60.51449990272522
copying,relative-kv,best,64,65536,0,256,3740,0,0.228271484375,0.0,horizon,84.03798151016235
copying,relative-kv,best,64,98304,0,256,3797,0,0.23175048828125,0.0,horizon,134.2650065422058
copying,relative-kv,best,64,131072,0,256,3444,0,0.210205078125,0.0,horizon,219.86315512657166
copying,relative-kv,best,10,16,7,256,2247,76,0.877734375,0.296875,prefix,0.048340559005737305
copying,relative-kv,best,10,16,15,256,2162,38,0.84453125,0.1484375,prefix,0.04809427261352539
copying,relative-kv,best,10,16,63,256,2267,74,0.885546875,0.2890625,prefix,0.06265735626220703
copying,relative-kv,best,10,64,7,256,2197,47,0.858203125,0.18359375,prefix,0.06381535530090332
copying,relative-kv,best,10,64,15,256,2205,60,0.861328125,0.234375,prefix,0.06714057922363281
copying,relative-kv,best,10,64,63,256,2266,65,0.88515625,0.25390625,prefix,0.09797382354736328
copying,relative-kv,best,10,256,7,256,2222,59,0.86796875,0.23046875,prefix,0.2268993854522705
copying,relative-kv,best,10,256,15,256,2123,38,0.829296875,0.1484375,prefix,0.2397933006286621
copying,relative-kv,best,10,256,63,256,2218,53,0.86640625,0.20703125,prefix,0.276400089263916
copying,relative-kv,best,10,2048,7,256,2160,39,0.84375,0.15234375,prefix,2.0531985759735107
copying,relative-kv,best,10,2048,15,256,1954,13,0.76328125,0.05078125,prefix,2.0519142150878906
copying,relative-kv,best,10,2048,63,256,2099,31,0.819921875,0.12109375,prefix,2.096986770629883
copying,relative-kv,best,16,16,7,256,2677,0,0.653564453125,0.0,prefix,0.049764156341552734
copying,relative-kv,best,16,16,15,256,2742,0,0.66943359375,0.0,prefix,0.04880213737487793
copying,relative-kv,best,16,16,63,256,2712,0,0.662109375,0.0,prefix,0.0666193962097168
copying,relative-kv,best,16,64,7,256,2722,0,0.66455078125,0.0,prefix,0.06616687774658203
copying,relative-kv,best,16,64,15,256,2718,0,0.66357421875,0.0,prefix,0.07094073295593262
copying,relative-kv,best,16,64,63,256,2649,0,0.646728515625,0.0,prefix,0.09974050521850586
copying,relative-kv,best,16,256,7,256,2641,0,0.644775390625,0.0,prefix,0.23192501068115234
copying,relative-kv,best,16,256,15,256,2704,0,0.66015625,0.0,prefix,0.24891090393066406
copying,relative-kv,best,16,256,63,256,2686,0,0.65576171875,0.0,prefix,0.29444026947021484
copying,relative-kv,best,16,2048,7,256,2564,0,0.6259765625,0.0,prefix,2.066741943359375
copying,relative-kv,best,16,2048,15,256,2702,0,0.65966796875,0.0,prefix,2.0692429542541504
copying,relative-kv,best,16,2048,63,256,2666,0,0.65087890625,0.0,prefix,2.120295286178589
copying,relative-kv,best,32,16,7,256,3484,0,0.42529296875,0.0,prefix,0.06427741050720215
copying,relative-kv,best,32,16,15,256,3414,0,0.416748046875,0.0,prefix,0.06465816497802734
copying,relative-kv,best,32,16,63,256,3415,0,0.4168701171875,0.0,prefix,0.08687186241149902
copying,relative-kv,best,32,64,7,256,3553,0,0.4337158203125,0.0,prefix,0.0877525806427002
copying,relative-kv,best,32,64,15,256,3482,0,0.425048828125,0.0,prefix,0.0984036922454834
copying,relative-kv,best,32,64,63,256,3449,0,0.4210205078125,0.0,prefix,0.13094115257263184
copying,relative-kv,best,32,256,7,256,3510,0,0.428466796875,0.0,prefix,0.26525020599365234
copying,relative-kv,best,32,256,15,256,3474,0,0.424072265625,0.0,prefix,0.2771596908569336
copying,relative-kv,best,32,256,63,256,3465,0,0.4229736328125,0.0,prefix,0.2983717918395996
copying,relative-kv,best,32,2048,7,256,3431,0,0.4188232421875,0.0,prefix,2.1099302768707275
copying,relative-kv,best,32,2048,15,256,3437,0,0.4195556640625,0.0,prefix,2.0978176593780518
copying,relative-kv,best,32,2048,63,256,3400,0,0.4150390625,0.0,prefix,2.1568613052368164
copying,relative-kv,best,64,16,7,256,4838,0,0.2952880859375,0.0,prefix,0.0972900390625
copying,relative-kv,best,64,16,15,256,4862,0,0.2967529296875,0.0,prefix,0.1049809455871582
copying,relative-kv,best,64,16,63,256,4702,0,0.2869873046875,0.0,prefix,0.13921546936035156
copying,relative-kv,best,64,64,7,256,5055,0,0.30853271484375,0.0,prefix,0.13539624214172363
copying,relative-kv,best,64,64,15,256,4892,0,0.298583984375,0.0,prefix,0.14499402046203613
copying,relative-kv,best,64,64,63,256,4691,0,0.28631591796875,0.0,prefix,0.17449736595153809
copying,relative-kv,best,64,256,7,256,4884,0,0.298095703125,0.0,prefix,0.31337547302246094
copying,relative-kv,best,64,256,15,256,4801,0,0.29302978515625,0.0,prefix,0.3183302879333496
copying,relative-kv,best,64,256,63,256,4668,0,0.284912109375,0.0,prefix,0.37236666679382324
copying,relative-kv,best,64,2048,7,256,4812,0,0.293701171875,0.0,prefix,2.159825325012207
copying,relative-kv,best,64,2048,15,256,4764,0,0.290771484375,0.0,prefix,2.1595492362976074
copying,relative-kv,best,64,2048,63,256,4625,0,0.28228759765625,0.0,prefix,2.2057299613952637
copying,relative-kv,best,128,16,0,256,7017,0,0.214141845703125,0.0,unseen-memory,0.20836567878723145
copying,relative-kv,best,128,16,15,256,6680,0,0.203857421875,0.0,unseen-memory,0.23120546340942383
copying,relative-kv,best,128,64,0,256,6714,0,0.20489501953125,0.0,unseen-memory,0.24964618682861328
copying,relative-kv,best,128,64,15,256,6933,0,0.211578369140625,0.0,unseen-memory,0.2696678638458252
copying,relative-kv,best,128,256,0,256,7049,0,0.215118408203125,0.0,unseen-memory,0.4231834411621094
copying,relative-kv,best,128,256,15,256,7175,0,0.218963623046875,0.0,unseen-memory,0.4436311721801758
copying,relative-kv,best,128,2048,0,256,7118,0,0.21722412109375,0.0,unseen-memory,2.263753890991211
copying,relative-kv,best,128,2048,15,256,7087,0,0.216278076171875,0.0,unseen-memory,2.2842724323272705
copying,relative-kv,final,10,1,0,256,1867,5,0.729296875,0.01953125,horizon,0.5698573589324951
copying,relative-kv,final,10,2,0,256,1899,11,0.741796875,0.04296875,horizon,0.047392845153808594
copying,relative-kv,final,10,3,0,256,1837,1,0.717578125,0.00390625,horizon,0.05016469955444336
copying,relative-kv,final,10,4,0,256,2009,30,0.784765625,0.1171875,horizon,0.0475306510925293
copying,relative-kv,final,10,5,0,256,2066,29,0.80703125,0.11328125,horizon,0.04678535461425781
copying,relative-kv,final,10,6,0,256,2060,34,0.8046875,0.1328125,horizon,0.04678702354431152
copying,relative-kv,final,10,7,0,256,2204,56,0.8609375,0.21875,horizon,0.04737448692321777
copying,relative-kv,final,10,8,0,256,2185,48,0.853515625,0.1875,horizon,0.046133995056152344
copying,relative-kv,final,10,9,0,256,2130,41,0.83203125,0.16015625,horizon,0.046706438064575195
copying,relative-kv,final,10,10,0,256,2133,33,0.833203125,0.12890625,horizon,0.048978328704833984
copying,relative-kv,final,10,11,0,256,2166,47,0.84609375,0.18359375,horizon,0.04971933364868164
copying,relative-kv,final,10,12,0,256,2213,56,0.864453125,0.21875,horizon,0.048192501068115234
copying,relative-kv,final,10,13,0,256,2164,40,0.8453125,0.15625,horizon,0.04724884033203125
copying,relative-kv,final,10,14,0,256,2179,45,0.851171875,0.17578125,horizon,0.04783201217651367
copying,relative-kv,final,10,16,0,256,2204,55,0.8609375,0.21484375,horizon,0.049671173095703125
copying,relative-kv,final,10,24,0,256,2183,50,0.852734375,0.1953125,horizon,0.04711556434631348
copying,relative-kv,final,10,32,0,256,2221,60,0.867578125,0.234375,horizon,0.04980158805847168
copying,relative-kv,final,10,48,0,256,2171,44,0.848046875,0.171875,horizon,0.06260538101196289
copying,relative-kv,final,10,64,0,256,2154,42,0.84140625,0.1640625,horizon,0.06214165687561035
copying,relative-kv,final,10,96,0,256,2183,36,0.852734375,0.140625,horizon,0.06816339492797852
copying,relative-kv,final,10,128,0,256,2147,42,0.838671875,0.1640625,horizon,0.09155702590942383
copying,relative-kv,final,10,192,0,256,2163,40,0.844921875,0.15625,horizon,0.13450098037719727
copying,relative-kv,final,10,256,0,256,2129,37,0.831640625,0.14453125,horizon,0.20482325553894043
copying,relative-kv,final,10,384,0,256,2141,34,0.836328125,0.1328125,horizon,0.37090420722961426
copying,relative-kv,final,10,512,0,256,2141,44,0.836328125,0.171875,horizon,0.41963624954223633
copying,relative-kv,final,10,768,0,256,2086,32,0.81484375,0.125,horizon,0.6700766086578369
copying,relative-kv,final,10,1024,0,256,2142,43,0.83671875,0.16796875,horizon,1.0007808208465576
copying,relative-kv,final,10,1536,0,256,2095,30,0.818359375,0.1171875,horizon,1.489767074584961
copying,relative-kv,final,10,2048,0,256,2016,28,0.7875,0.109375,horizon,2.013359546661377
copying,relative-kv,final,10,3072,0,256,1942,15,0.75859375,0.05859375,horizon,3.1015055179595947
copying,relative-kv,final,10,4096,0,256,1975,18,0.771484375,0.0703125,horizon,4.560619831085205
copying,relative-kv,final,10,6144,0,256,1921,22,0.750390625,0.0859375,horizon,6.741057634353638
copying,relative-kv,final,10,8192,0,256,1696,5,0.6625,0.01953125,horizon,9.02158260345459
copying,relative-kv,final,10,12288,0,256,1508,1,0.5890625,0.00390625,horizon,13.4985032081604
copying,relative-kv,final,10,16384,0,256,1575,3,0.615234375,0.01171875,horizon,18.642282247543335
copying,relative-kv,final,10,24576,0,256,1564,3,0.6109375,0.01171875,horizon,28.757853984832764
copying,relative-kv,final,10,32768,0,256,1129,0,0.441015625,0.0,horizon,39.45413088798523
copying,relative-kv,final,10,49152,0,256,970,0,0.37890625,0.0,horizon,60.232779026031494
copying,relative-kv,final,10,65536,0,256,1050,0,0.41015625,0.0,horizon,83.707603931427
copying,relative-kv,final,10,98304,0,256,1023,0,0.399609375,0.0,horizon,133.93138766288757
copying,relative-kv,final,10,131072,0,256,717,0,0.280078125,0.0,horizon,216.8170714378357
copying,relative-kv,final,16,1,0,256,2615,0,0.638427734375,0.0,horizon,0.05141448974609375
copying,relative-kv,final,16,2,0,256,2566,0,0.62646484375,0.0,horizon,0.0512087345123291
copying,relative-kv,final,16,3,0,256,2500,0,0.6103515625,0.0,horizon,0.05085349082946777
copying,relative-kv,final,16,4,0,256,2574,0,0.62841796875,0.0,horizon,0.05106353759765625
copying,relative-kv,final,16,5,0,256,2492,0,0.6083984375,0.0,horizon,0.05158257484436035
copying,relative-kv,final,16,6,0,256,2533,0,0.618408203125,0.0,horizon,0.053284406661987305
copying,relative-kv,final,16,7,0,256,2528,0,0.6171875,0.0,horizon,0.05267214775085449
copying,relative-kv,final,16,8,0,256,2519,0,0.614990234375,0.0,horizon,0.0501101016998291
copying,relative-kv,final,16,9,0,256,2520,0,0.615234375,0.0,horizon,0.05006122589111328
copying,relative-kv,final,16,10,0,256,2570,0,0.62744140625,0.0,horizon,0.05095720291137695
copying,relative-kv,final,16,11,0,256,2511,0,0.613037109375,0.0,horizon,0.05085945129394531
copying,relative-kv,final,16,12,0,256,2527,0,0.616943359375,0.0,horizon,0.04990887641906738
copying,relative-kv,final,16,13,0,256,2561,0,0.625244140625,0.0,horizon,0.050348520278930664
copying,relative-kv,final,16,14,0,256,2475,0,0.604248046875,0.0,horizon,0.05093097686767578
copying,relative-kv,final,16,16,0,256,2456,0,0.599609375,0.0,horizon,0.04947614669799805
copying,relative-kv,final,16,24,0,256,2506,0,0.61181640625,0.0,horizon,0.0508723258972168
copying,relative-kv,final,16,32,0,256,2470,0,0.60302734375,0.0,horizon,0.06230807304382324
copying,relative-kv,final,16,48,0,256,2525,0,0.616455078125,0.0,horizon,0.061766862869262695
copying,relative-kv,final,16,64,0,256,2520,0,0.615234375,0.0,horizon,0.06172370910644531
copying,relative-kv,final,16,96,0,256,2457,0,0.599853515625,0.0,horizon,0.07687067985534668
copying,relative-kv,final,16,128,0,256,2521,0,0.615478515625,0.0,horizon,0.09924840927124023
copying,relative-kv,final,16,192,0,256,2576,0,0.62890625,0.0,horizon,0.14263629913330078
copying,relative-kv,final,16,256,0,256,2512,0,0.61328125,0.0,horizon,0.25635457038879395
copying,relative-kv,final,16,384,0,256,2515,0,0.614013671875,0.0,horizon,0.3484044075012207
copying,relative-kv,final,16,512,0,256,2509,0,0.612548828125,0.0,horizon,0.43811702728271484
copying,relative-kv,final,16,768,0,256,2547,0,0.621826171875,0.0,horizon,0.6874167919158936
copying,relative-kv,final,16,1024,0,256,2468,0,0.6025390625,0.0,horizon,1.0263819694519043
copying,relative-kv,final,16,1536,0,256,2475,0,0.604248046875,0.0,horizon,1.5217816829681396
copying,relative-kv,final,16,2048,0,256,2518,0,0.61474609375,0.0,horizon,2.0258219242095947
copying,relative-kv,final,16,3072,0,256,2530,0,0.61767578125,0.0,horizon,3.090233087539673
copying,relative-kv,final,16,4096,0,256,2539,0,0.619873046875,0.0,horizon,4.62565016746521
copying,relative-kv,final,16,6144,0,256,2519,0,0.614990234375,0.0,horizon,6.803745269775391
copying,relative-kv,final,16,8192,0,256,2493,0,0.608642578125,0.0,horizon,9.074190855026245
copying,relative-kv,final,16,12288,0,256,2484,0,0.6064453125,0.0,horizon,13.569058418273926
copying,relative-kv,final,16,16384,0,256,2490,0,0.60791015625,0.0,horizon,18.698607921600342
copying,relative-kv,final,16,24576,0,256,2530,0,0.61767578125,0.0,horizon,28.805302619934082
copying,relative-kv,final,16,32768,0,256,2413,0,0.589111328125,0.0,horizon,39.53410983085632
copying,relative-kv,final,16,49152,0,256,2298,0,0.56103515625,0.0,horizon,60.363786458969116
copying,relative-kv,final,16,65536,0,256,2335,0,0.570068359375,0.0,horizon,83.85760617256165
copying,relative-kv,final,16,98304,0,256,2326,0,0.56787109375,0.0,horizon,134.09588479995728
copying,relative-kv,final,16,131072,0,256,1918,0,0.46826171875,0.0,horizon,215.017169713974
copying,relative-kv,final,32,1,0,256,3690,0,0.450439453125,0.0,horizon,0.056447744369506836
copying,relative-kv,final,32,2,0,256,3546,0,0.432861328125,0.0,horizon,0.06055641174316406
copying,relative-kv,final,32,3,0,256,3451,0,0.4212646484375,0.0,horizon,0.06061220169067383
copying,relative-kv,final,32,4,0,256,3491,0,0.4261474609375,0.0,horizon,0.05861091613769531
copying,relative-kv,final,32,5,0,256,3418,0,0.417236328125,0.0,horizon,0.06307578086853027
copying,relative-kv,final,32,6,0,256,3509,0,0.4283447265625,0.0,horizon,0.05955243110656738
copying,relative-kv,final,32,7,0,256,3450,0,0.421142578125,0.0,horizon,0.05666399002075195
copying,relative-kv,final,32,8,0,256,3355,0,0.4095458984375,0.0,horizon,0.057013750076293945
copying,relative-kv,final,32,9,0,256,3461,0,0.4224853515625,0.0,horizon,0.05991768836975098
copying,relative-kv,final,32,10,0,256,3509,0,0.4283447265625,0.0,horizon,0.06156206130981445
copying,relative-kv,final,32,11,0,256,3382,0,0.412841796875,0.0,horizon,0.06234121322631836
copying,relative-kv,final,32,12,0,256,3398,0,0.414794921875,0.0,horizon,0.05828690528869629
copying,relative-kv,final,32,13,0,256,3479,0,0.4246826171875,0.0,horizon,0.0574800968170166
copying,relative-kv,final,32,14,0,256,3348,0,0.40869140625,0.0,horizon,0.06119346618652344
copying,relative-kv,final,32,16,0,256,3432,0,0.4189453125,0.0,horizon,0.05653119087219238
copying,relative-kv,final,32,24,0,256,3300,0,0.40283203125,0.0,horizon,0.0632638931274414
copying,relative-kv,final,32,32,0,256,3286,0,0.401123046875,0.0,horizon,0.06466960906982422
copying,relative-kv,final,32,48,0,256,3308,0,0.40380859375,0.0,horizon,0.07432198524475098
copying,relative-kv,final,32,64,0,256,3360,0,0.41015625,0.0,horizon,0.08665251731872559
copying,relative-kv,final,32,96,0,256,3220,0,0.39306640625,0.0,horizon,0.10723519325256348
copying,relative-kv,final,32,128,0,256,3351,0,0.4090576171875,0.0,horizon,0.12970924377441406
copying,relative-kv,final,32,192,0,256,3271,0,0.3992919921875,0.0,horizon,0.20253586769104004
copying,relative-kv,final,32,256,0,256,3342,0,0.407958984375,0.0,horizon,0.25370335578918457
copying,relative-kv,final,32,384,0,256,3290,0,0.401611328125,0.0,horizon,0.36132359504699707
copying,relative-kv,final,32,512,0,256,3380,0,0.41259765625,0.0,horizon,0.48781561851501465
copying,relative-kv,final,32,768,0,256,3366,0,0.410888671875,0.0,horizon,0.7026522159576416
copying,relative-kv,final,32,1024,0,256,3301,0,0.4029541015625,0.0,horizon,1.055826187133789
copying,relative-kv,final,32,1536,0,256,3341,0,0.4078369140625,0.0,horizon,1.5586326122283936
copying,relative-kv,final,32,2048,0,256,3335,0,0.4071044921875,0.0,horizon,2.069486379623413
copying,relative-kv,final,32,3072,0,256,3316,0,0.40478515625,0.0,horizon,3.1853020191192627
copying,relative-kv,final,32,4096,0,256,3359,0,0.4100341796875,0.0,horizon,4.693091869354248
copying,relative-kv,final,32,6144,0,256,3345,0,0.4083251953125,0.0,horizon,6.863304615020752
copying,relative-kv,final,32,8192,0,256,3312,0,0.404296875,0.0,horizon,9.132979154586792
copying,relative-kv,final,32,12288,0,256,3246,0,0.396240234375,0.0,horizon,13.650945663452148
copying,relative-kv,final,32,16384,0,256,3311,0,0.4041748046875,0.0,horizon,18.812496185302734
copying,relative-kv,final,32,24576,0,256,3307,0,0.4036865234375,0.0,horizon,28.87847638130188
copying,relative-kv,final,32,32768,0,256,3176,0,0.3876953125,0.0,horizon,39.6202187538147
copying,relative-kv,final,32,49152,0,256,2903,0,0.3543701171875,0.0,horizon,60.412898778915405
copying,relative-kv,final,32,65536,0,256,2890,0,0.352783203125,0.0,horizon,83.98443818092346
copying,relative-kv,final,32,98304,0,256,2907,0,0.3548583984375,0.0,horizon,134.30332279205322
copying,relative-kv,final,32,131072,0,256,2512,0,0.306640625,0.0,horizon,215.6291902065277
copying,relative-kv,final,64,1,0,256,4857,0,0.29644775390625,0.0,horizon,0.08617591857910156
copying,relative-kv,final,64,2,0,256,4790,0,0.2923583984375,0.0,horizon,0.0866396427154541
copying,relative-kv,final,64,3,0,256,4690,0,0.2862548828125,0.0,horizon,0.08572006225585938
copying,relative-kv,final,64,4,0,256,4754,0,0.2901611328125,0.0,horizon,0.08754110336303711
copying,relative-kv,final,64,5,0,256,4691,0,0.28631591796875,0.0,horizon,0.08575892448425293
copying,relative-kv,final,64,6,0,256,4750,0,0.2899169921875,0.0,horizon,0.08930587768554688
copying,relative-kv,final,64,7,0,256,4704,0,0.287109375,0.0,horizon,0.08806395530700684
copying,relative-kv,final,64,8,0,256,4768,0,0.291015625,0.0,horizon,0.08921265602111816
copying,relative-kv,final,64,9,0,256,4751,0,0.28997802734375,0.0,horizon,0.09373188018798828
copying,relative-kv,final,64,10,0,256,4786,0,0.2921142578125,0.0,horizon,0.10454249382019043
copying,relative-kv,final,64,11,0,256,4737,0,0.28912353515625,0.0,horizon,0.0992424488067627
copying,relative-kv,final,64,12,0,256,4726,0,0.2884521484375,0.0,horizon,0.0952138900756836
copying,relative-kv,final,64,13,0,256,4736,0,0.2890625,0.0,horizon,0.09577202796936035
copying,relative-kv,final,64,14,0,256,4644,0,0.283447265625,0.0,horizon,0.09342002868652344
copying,relative-kv,final,64,16,0,256,4738,0,0.2891845703125,0.0,horizon,0.0928652286529541
copying,relative-kv,final,64,24,0,256,4795,0,0.29266357421875,0.0,horizon,0.09835648536682129
copying,relative-kv,final,64,32,0,256,4696,0,0.28662109375,0.0,horizon,0.10424637794494629
copying,relative-kv,final,64,48,0,256,4672,0,0.28515625,0.0,horizon,0.11777853965759277
copying,relative-kv,final,64,64,0,256,4596,0,0.280517578125,0.0,horizon,0.13661432266235352
copying,relative-kv,final,64,96,0,256,4717,0,0.28790283203125,0.0,horizon,0.15932154655456543
copying,relative-kv,final,64,128,0,256,4575,0,0.27923583984375,0.0,horizon,0.20279192924499512
copying,relative-kv,final,64,192,0,256,4593,0,0.28033447265625,0.0,horizon,0.24636244773864746
copying,relative-kv,final,64,256,0,256,4653,0,0.28399658203125,0.0,horizon,0.30536866188049316
copying,relative-kv,final,64,384,0,256,4616,0,0.28173828125,0.0,horizon,0.43081092834472656
copying,relative-kv,final,64,512,0,256,4641,0,0.28326416015625,0.0,horizon,0.5307197570800781
copying,relative-kv,final,64,768,0,256,4602,0,0.2808837890625,0.0,horizon,0.7555572986602783
copying,relative-kv,final,64,1024,0,256,4613,0,0.28155517578125,0.0,horizon,1.1166424751281738
copying,relative-kv,final,64,1536,0,256,4681,0,0.28570556640625,0.0,horizon,1.6273090839385986
copying,relative-kv,final,64,2048,0,256,4670,0,0.2850341796875,0.0,horizon,2.12248158454895
copying,relative-kv,final,64,3072,0,256,4659,0,0.28436279296875,0.0,horizon,3.304893732070923
copying,relative-kv,final,64,4096,0,256,4685,0,0.28594970703125,0.0,horizon,4.77523398399353
copying,relative-kv,final,64,6144,0,256,4642,0,0.2833251953125,0.0,horizon,6.938815355300903
copying,relative-kv,final,64,8192,0,256,4671,0,0.28509521484375,0.0,horizon,9.224260807037354
copying,relative-kv,final,64,12288,0,256,4628,0,0.282470703125,0.0,horizon,13.71718144416809
copying,relative-kv,final,64,16384,0,256,4605,0,0.28106689453125,0.0,horizon,18.88046956062317
copying,relative-kv,final,64,24576,0,256,4555,0,0.27801513671875,0.0,horizon,28.99320077896118
copying,relative-kv,final,64,32768,0,256,4496,0,0.2744140625,0.0,horizon,39.7324743270874
copying,relative-kv,final,64,49152,0,256,4252,0,0.259521484375,0.0,horizon,60.49293231964111
copying,relative-kv,final,64,65536,0,256,4178,0,0.2550048828125,0.0,horizon,84.04356598854065
copying,relative-kv,final,64,98304,0,256,4228,0,0.258056640625,0.0,horizon,134.2229015827179
copying,relative-kv,final,64,131072,0,256,3882,0,0.2369384765625,0.0,horizon,221.39440369606018
copying,relative-kv,final,10,16,7,256,2124,38,0.8296875,0.1484375,prefix,0.048059940338134766
copying,relative-kv,final,10,16,15,256,2275,71,0.888671875,0.27734375,prefix,0.047998666763305664
copying,relative-kv,final,10,16,63,256,2217,53,0.866015625,0.20703125,prefix,0.06214475631713867
copying,relative-kv,final,10,64,7,256,2137,38,0.834765625,0.1484375,prefix,0.06321859359741211
copying,relative-kv,final,10,64,15,256,2284,71,0.8921875,0.27734375,prefix,0.06420540809631348
copying,relative-kv,final,10,64,63,256,2254,68,0.88046875,0.265625,prefix,0.09925031661987305
copying,relative-kv,final,10,256,7,256,2147,39,0.838671875,0.15234375,prefix,0.23423171043395996
copying,relative-kv,final,10,256,15,256,2216,55,0.865625,0.21484375,prefix,0.2313220500946045
copying,relative-kv,final,10,256,63,256,2239,66,0.874609375,0.2578125,prefix,0.281177282333374
copying,relative-kv,final,10,2048,7,256,2086,28,0.81484375,0.109375,prefix,2.059307336807251
copying,relative-kv,final,10,2048,15,256,2113,32,0.825390625,0.125,prefix,2.050447940826416
copying,relative-kv,final,10,2048,63,256,2226,62,0.86953125,0.2421875,prefix,2.1002109050750732
copying,relative-kv,final,16,16,7,256,2601,0,0.635009765625,0.0,prefix,0.04793143272399902
copying,relative-kv,final,16,16,15,256,2601,0,0.635009765625,0.0,prefix,0.048975467681884766
copying,relative-kv,final,16,16,63,256,2622,0,0.64013671875,0.0,prefix,0.06547689437866211
copying,relative-kv,final,16,64,7,256,2655,0,0.648193359375,0.0,prefix,0.06564736366271973
copying,relative-kv,final,16,64,15,256,2541,0,0.620361328125,0.0,prefix,0.07062411308288574
copying,relative-kv,final,16,64,63,256,2653,0,0.647705078125,0.0,prefix,0.09912610054016113
copying,relative-kv,final,16,256,7,256,2578,0,0.62939453125,0.0,prefix,0.2362384796142578
copying,relative-kv,final,16,256,15,256,2542,0,0.62060546875,0.0,prefix,0.24444174766540527
copying,relative-kv,final,16,256,63,256,2623,0,0.640380859375,0.0,prefix,0.2941911220550537
copying,relative-kv,final,16,2048,7,256,2379,0,0.580810546875,0.0,prefix,2.069901466369629
copying,relative-kv,final,16,2048,15,256,2374,0,0.57958984375,0.0,prefix,2.0706570148468018
copying,relative-kv,final,16,2048,63,256,2532,0,0.6181640625,0.0,prefix,2.112672805786133
copying,relative-kv,final,32,16,7,256,3542,0,0.432373046875,0.0,prefix,0.06419491767883301
copying,relative-kv,final,32,16,15,256,3336,0,0.4072265625,0.0,prefix,0.06404781341552734
copying,relative-kv,final,32,16,63,256,3521,0,0.4298095703125,0.0,prefix,0.08558273315429688
copying,relative-kv,final,32,64,7,256,3549,0,0.4332275390625,0.0,prefix,0.08553576469421387
copying,relative-kv,final,32,64,15,256,3439,0,0.4197998046875,0.0,prefix,0.09589934349060059
copying,relative-kv,final,32,64,63,256,3462,0,0.422607421875,0.0,prefix,0.13204622268676758
copying,relative-kv,final,32,256,7,256,3458,0,0.422119140625,0.0,prefix,0.26655077934265137
copying,relative-kv,final,32,256,15,256,3401,0,0.4151611328125,0.0,prefix,0.27524614334106445
copying,relative-kv,final,32,256,63,256,3442,0,0.420166015625,0.0,prefix,0.29762983322143555
copying,relative-kv,final,32,2048,7,256,3345,0,0.4083251953125,0.0,prefix,2.099815845489502
copying,relative-kv,final,32,2048,15,256,3256,0,0.3974609375,0.0,prefix,2.0953714847564697
copying,relative-kv,final,32,2048,63,256,3292,0,0.40185546875,0.0,prefix,2.147543430328369
copying,relative-kv,final,64,16,7,256,4835,0,0.29510498046875,0.0,prefix,0.0979909896850586
copying,relative-kv,final,64,16,15,256,4758,0,0.2904052734375,0.0,prefix,0.1015021800994873
copying,relative-kv,final,64,16,63,256,4704,0,0.287109375,0.0,prefix,0.14085054397583008
copying,relative-kv,final,64,64,7,256,4922,0,0.3004150390625,0.0,prefix,0.136887788772583
copying,relative-kv,final,64,64,15,256,4758,0,0.2904052734375,0.0,prefix,0.14287638664245605
copying,relative-kv,final,64,64,63,256,4727,0,0.28851318359375,0.0,prefix,0.17252802848815918
copying,relative-kv,final,64,256,7,256,4789,0,0.29229736328125,0.0,prefix,0.3180112838745117
copying,relative-kv,final,64,256,15,256,4750,0,0.2899169921875,0.0,prefix,0.31619715690612793
copying,relative-kv,final,64,256,63,256,4634,0,0.2828369140625,0.0,prefix,0.3716104030609131
copying,relative-kv,final,64,2048,7,256,4686,0,0.2860107421875,0.0,prefix,2.1556475162506104
copying,relative-kv,final,64,2048,15,256,4660,0,0.284423828125,0.0,prefix,2.1582701206207275
copying,relative-kv,final,64,2048,63,256,4527,0,0.27630615234375,0.0,prefix,2.2021586894989014
copying,relative-kv,final,128,16,0,256,7044,0,0.2149658203125,0.0,unseen-memory,0.204542875289917
copying,relative-kv,final,128,16,15,256,6659,0,0.203216552734375,0.0,unseen-memory,0.22483372688293457
copying,relative-kv,final,128,64,0,256,6680,0,0.203857421875,0.0,unseen-memory,0.2565276622772217
copying,relative-kv,final,128,64,15,256,6944,0,0.2119140625,0.0,unseen-memory,0.2709996700286865
copying,relative-kv,final,128,256,0,256,7030,0,0.21453857421875,0.0,unseen-memory,0.41612792015075684
copying,relative-kv,final,128,256,15,256,7122,0,0.21734619140625,0.0,unseen-memory,0.4477262496948242
copying,relative-kv,final,128,2048,0,256,7152,0,0.21826171875,0.0,unseen-memory,2.2554514408111572
copying,relative-kv,final,128,2048,15,256,6988,0,0.2132568359375,0.0,unseen-memory,2.280299425125122
copying,combined,best,10,1,0,256,1652,1,0.6453125,0.00390625,horizon,0.6373329162597656
copying,combined,best,10,2,0,256,1723,2,0.673046875,0.0078125,horizon,0.06079387664794922
copying,combined,best,10,3,0,256,1676,0,0.6546875,0.0,horizon,0.06139016151428223
copying,combined,best,10,4,0,256,1703,0,0.665234375,0.0,horizon,0.059915781021118164
copying,combined,best,10,5,0,256,1649,2,0.644140625,0.0078125,horizon,0.06382250785827637
copying,combined,best,10,6,0,256,1679,1,0.655859375,0.00390625,horizon,0.06146430969238281
copying,combined,best,10,7,0,256,1673,0,0.653515625,0.0,horizon,0.06175422668457031
copying,combined,best,10,8,0,256,1723,0,0.673046875,0.0,horizon,0.05956888198852539
copying,combined,best,10,9,0,256,1692,0,0.6609375,0.0,horizon,0.06051921844482422
copying,combined,best,10,10,0,256,1703,3,0.665234375,0.01171875,horizon,0.0606684684753418
copying,combined,best,10,11,0,256,1709,1,0.667578125,0.00390625,horizon,0.061444997787475586
copying,combined,best,10,12,0,256,1715,0,0.669921875,0.0,horizon,0.059984445571899414
copying,combined,best,10,13,0,256,1701,2,0.664453125,0.0078125,horizon,0.061193227767944336
copying,combined,best,10,14,0,256,1638,1,0.63984375,0.00390625,horizon,0.06016135215759277
copying,combined,best,10,16,0,256,1671,2,0.652734375,0.0078125,horizon,0.06084084510803223
copying,combined,best,10,24,0,256,1640,0,0.640625,0.0,horizon,0.06039547920227051
copying,combined,best,10,32,0,256,1528,0,0.596875,0.0,horizon,0.06076669692993164
copying,combined,best,10,48,0,256,1447,0,0.565234375,0.0,horizon,0.07893919944763184
copying,combined,best,10,64,0,256,1298,0,0.50703125,0.0,horizon,0.07990860939025879
copying,combined,best,10,96,0,256,1340,0,0.5234375,0.0,horizon,0.08368372917175293
copying,combined,best,10,128,0,256,1304,0,0.509375,0.0,horizon,0.10553503036499023
copying,combined,best,10,192,0,256,1303,0,0.508984375,0.0,horizon,0.1546313762664795
copying,combined,best,10,256,0,256,1190,0,0.46484375,0.0,horizon,0.27614307403564453
copying,combined,best,10,384,0,256,1269,0,0.495703125,0.0,horizon,0.3762021064758301
copying,combined,best,10,512,0,256,1259,0,0.491796875,0.0,horizon,0.47658705711364746
copying,combined,best,10,768,0,256,1245,0,0.486328125,0.0,horizon,0.7514111995697021
copying,combined,best,10,1024,0,256,996,0,0.3890625,0.0,horizon,1.1130075454711914
copying,combined,best,10,1536,0,256,989,0,0.386328125,0.0,horizon,1.6804733276367188
copying,combined,best,10,2048,0,256,1043,0,0.407421875,0.0,horizon,2.222963809967041
copying,combined,best,10,3072,0,256,988,0,0.3859375,0.0,horizon,3.434194326400757
copying,combined,best,10,4096,0,256,881,0,0.344140625,0.0,horizon,4.964848518371582
copying,combined,best,10,6144,0,256,837,0,0.326953125,0.0,horizon,7.304363965988159
copying,combined,best,10,8192,0,256,881,0,0.344140625,0.0,horizon,9.748623847961426
copying,combined,best,10,12288,0,256,860,0,0.3359375,0.0,horizon,14.648754596710205
copying,combined,best,10,16384,0,256,802,0,0.31328125,0.0,horizon,20.2602961063385
copying,combined,best,10,24576,0,256,814,0,0.31796875,0.0,horizon,31.20886516571045
copying,combined,best,10,32768,0,256,811,0,0.316796875,0.0,horizon,43.0040807723999
copying,combined,best,10,49152,0,256,793,0,0.309765625,0.0,horizon,66.01061296463013
copying,combined,best,10,65536,0,256,704,0,0.275,0.0,horizon,91.41331839561462
copying,combined,best,10,98304,0,256,792,0,0.309375,0.0,horizon,144.43019485473633
copying,combined,best,10,131072,0,256,771,0,0.301171875,0.0,horizon,301.4884397983551
copying,combined,best,16,1,0,256,2297,0,0.560791015625,0.0,horizon,0.060674190521240234
copying,combined,best,16,2,0,256,2230,0,0.54443359375,0.0,horizon,0.062016963958740234
copying,combined,best,16,3,0,256,2173,0,0.530517578125,0.0,horizon,0.06440615653991699
copying,combined,best,16,4,0,256,2147,0,0.524169921875,0.0,horizon,0.062124013900756836
copying,combined,best,16,5,0,256,2091,0,0.510498046875,0.0,horizon,0.061467885971069336
copying,combined,best,16,6,0,256,2102,0,0.51318359375,0.0,horizon,0.06419515609741211
copying,combined,best,16,7,0,256,2038,0,0.49755859375,0.0,horizon,0.06324601173400879
copying,combined,best,16,8,0,256,2034,0,0.49658203125,0.0,horizon,0.06107473373413086
copying,combined,best,16,9,0,256,2091,0,0.510498046875,0.0,horizon,0.06358885765075684
copying,combined,best,16,10,0,256,1883,0,0.459716796875,0.0,horizon,0.06394600868225098
copying,combined,best,16,11,0,256,1850,0,0.45166015625,0.0,horizon,0.06206679344177246
copying,combined,best,16,12,0,256,1829,0,0.446533203125,0.0,horizon,0.060743093490600586
copying,combined,best,16,13,0,256,1933,0,0.471923828125,0.0,horizon,0.061632633209228516
copying,combined,best,16,14,0,256,1837,0,0.448486328125,0.0,horizon,0.061614036560058594
copying,combined,best,16,16,0,256,2102,0,0.51318359375,0.0,horizon,0.06011676788330078
copying,combined,best,16,24,0,256,1941,0,0.473876953125,0.0,horizon,0.06100749969482422
copying,combined,best,16,32,0,256,2069,0,0.505126953125,0.0,horizon,0.07898139953613281
copying,combined,best,16,48,0,256,1667,0,0.406982421875,0.0,horizon,0.08163237571716309
copying,combined,best,16,64,0,256,1686,0,0.41162109375,0.0,horizon,0.07959556579589844
copying,combined,best,16,96,0,256,1705,0,0.416259765625,0.0,horizon,0.10018110275268555
copying,combined,best,16,128,0,256,1692,0,0.4130859375,0.0,horizon,0.1285092830657959
copying,combined,best,16,192,0,256,1689,0,0.412353515625,0.0,horizon,0.17512726783752441
copying,combined,best,16,256,0,256,1578,0,0.38525390625,0.0,horizon,0.26901960372924805
copying,combined,best,16,384,0,256,1521,0,0.371337890625,0.0,horizon,0.3853003978729248
copying,combined,best,16,512,0,256,1532,0,0.3740234375,0.0,horizon,0.5176756381988525
copying,combined,best,16,768,0,256,1501,0,0.366455078125,0.0,horizon,0.761805534362793
copying,combined,best,16,1024,0,256,1300,0,0.3173828125,0.0,horizon,1.145751953125
copying,combined,best,16,1536,0,256,1139,0,0.278076171875,0.0,horizon,1.68878173828125
copying,combined,best,16,2048,0,256,1277,0,0.311767578125,0.0,horizon,2.2467663288116455
copying,combined,best,16,3072,0,256,1265,0,0.308837890625,0.0,horizon,3.4348745346069336
copying,combined,best,16,4096,0,256,1076,0,0.2626953125,0.0,horizon,5.028014659881592
copying,combined,best,16,6144,0,256,998,0,0.24365234375,0.0,horizon,7.423336744308472
copying,combined,best,16,8192,0,256,1063,0,0.259521484375,0.0,horizon,9.91506290435791
copying,combined,best,16,12288,0,256,1044,0,0.2548828125,0.0,horizon,14.75294041633606
copying,combined,best,16,16384,0,256,964,0,0.2353515625,0.0,horizon,20.391374588012695
copying,combined,best,16,24576,0,256,999,0,0.243896484375,0.0,horizon,31.291042804718018
copying,combined,best,16,32768,0,256,990,0,0.24169921875,0.0,horizon,42.91308641433716
copying,combined,best,16,49152,0,256,991,0,0.241943359375,0.0,horizon,65.76720213890076
copying,combined,best,16,65536,0,256,908,0,0.2216796875,0.0,horizon,91.08881688117981
copying,combined,best,16,98304,0,256,1008,0,0.24609375,0.0,horizon,144.80534625053406
copying,combined,best,16,131072,0,256,976,0,0.23828125,0.0,horizon,308.053742647171
copying,combined,best,32,1,0,256,3347,0,0.4085693359375,0.0,horizon,0.08170151710510254
copying,combined,best,32,2,0,256,3343,0,0.4080810546875,0.0,horizon,0.07931089401245117
copying,combined,best,32,3,0,256,3256,0,0.3974609375,0.0,horizon,0.08229351043701172
copying,combined,best,32,4,0,256,3145,0,0.3839111328125,0.0,horizon,0.08226370811462402
copying,combined,best,32,5,0,256,3074,0,0.375244140625,0.0,horizon,0.08362102508544922
copying,combined,best,32,6,0,256,2990,0,0.364990234375,0.0,horizon,0.08290553092956543
copying,combined,best,32,7,0,256,2800,0,0.341796875,0.0,horizon,0.08227753639221191
copying,combined,best,32,8,0,256,2698,0,0.329345703125,0.0,horizon,0.08150577545166016
copying,combined,best,32,9,0,256,2763,0,0.3372802734375,0.0,horizon,0.08301353454589844
copying,combined,best,32,10,0,256,2736,0,0.333984375,0.0,horizon,0.08287739753723145
copying,combined,best,32,11,0,256,2646,0,0.322998046875,0.0,horizon,0.08689546585083008
copying,combined,best,32,12,0,256,2662,0,0.324951171875,0.0,horizon,0.0821230411529541
copying,combined,best,32,13,0,256,2747,0,0.3353271484375,0.0,horizon,0.08130908012390137
copying,combined,best,32,14,0,256,2569,0,0.3135986328125,0.0,horizon,0.08268857002258301
copying,combined,best,32,16,0,256,2830,0,0.345458984375,0.0,horizon,0.08457565307617188
copying,combined,best,32,24,0,256,2663,0,0.3250732421875,0.0,horizon,0.08326220512390137
copying,combined,best,32,32,0,256,2599,0,0.3172607421875,0.0,horizon,0.0830385684967041
copying,combined,best,32,48,0,256,2572,0,0.31396484375,0.0,horizon,0.08686590194702148
copying,combined,best,32,64,0,256,2591,0,0.3162841796875,0.0,horizon,0.10704421997070312
copying,combined,best,32,96,0,256,2530,0,0.308837890625,0.0,horizon,0.13164067268371582
copying,combined,best,32,128,0,256,2572,0,0.31396484375,0.0,horizon,0.1602773666381836
copying,combined,best,32,192,0,256,2514,0,0.306884765625,0.0,horizon,0.23170876502990723
copying,combined,best,32,256,0,256,2360,0,0.2880859375,0.0,horizon,0.27770280838012695
copying,combined,best,32,384,0,256,2248,0,0.2744140625,0.0,horizon,0.4233884811401367
copying,combined,best,32,512,0,256,2311,0,0.2821044921875,0.0,horizon,0.5446867942810059
copying,combined,best,32,768,0,256,2304,0,0.28125,0.0,horizon,0.8007664680480957
copying,combined,best,32,1024,0,256,1988,0,0.24267578125,0.0,horizon,1.1678705215454102
copying,combined,best,32,1536,0,256,1903,0,0.2322998046875,0.0,horizon,1.729306936264038
copying,combined,best,32,2048,0,256,2018,0,0.246337890625,0.0,horizon,2.2783892154693604
copying,combined,best,32,3072,0,256,1911,0,0.2332763671875,0.0,horizon,3.4758803844451904
copying,combined,best,32,4096,0,256,1572,0,0.19189453125,0.0,horizon,5.03617787361145
copying,combined,best,32,6144,0,256,1587,0,0.1937255859375,0.0,horizon,7.453055143356323
copying,combined,best,32,8192,0,256,1586,0,0.193603515625,0.0,horizon,9.919461011886597
copying,combined,best,32,12288,0,256,1558,0,0.190185546875,0.0,horizon,14.792460203170776
copying,combined,best,32,16384,0,256,1483,0,0.1810302734375,0.0,horizon,20.419949531555176
copying,combined,best,32,24576,0,256,1486,0,0.181396484375,0.0,horizon,31.24351978302002
copying,combined,best,32,32768,0,256,1467,0,0.1790771484375,0.0,horizon,42.833664894104004
copying,combined,best,32,49152,0,256,1443,0,0.1761474609375,0.0,horizon,65.61001181602478
copying,combined,best,32,65536,0,256,1454,0,0.177490234375,0.0,horizon,91.04560613632202
copying,combined,best,32,98304,0,256,1468,0,0.17919921875,0.0,horizon,144.50306034088135
copying,combined,best,32,131072,0,256,1410,0,0.172119140625,0.0,horizon,307.7553949356079
copying,combined,best,64,1,0,256,4235,0,0.25848388671875,0.0,horizon,0.0927574634552002
copying,combined,best,64,2,0,256,4218,0,0.2574462890625,0.0,horizon,0.10535597801208496
copying,combined,best,64,3,0,256,4250,0,0.2593994140625,0.0,horizon,0.1064910888671875
copying,combined,best,64,4,0,256,4308,0,0.262939453125,0.0,horizon,0.10245490074157715
copying,combined,best,64,5,0,256,4321,0,0.26373291015625,0.0,horizon,0.10989689826965332
copying,combined,best,64,6,0,256,4233,0,0.25836181640625,0.0,horizon,0.11268019676208496
copying,combined,best,64,7,0,256,4186,0,0.2554931640625,0.0,horizon,0.10999798774719238
copying,combined,best,64,8,0,256,4175,0,0.25482177734375,0.0,horizon,0.10751819610595703
copying,combined,best,64,9,0,256,4163,0,0.25408935546875,0.0,horizon,0.1074819564819336
copying,combined,best,64,10,0,256,4123,0,0.25164794921875,0.0,horizon,0.10306477546691895
copying,combined,best,64,11,0,256,4118,0,0.2513427734375,0.0,horizon,0.10958456993103027
copying,combined,best,64,12,0,256,4190,0,0.2557373046875,0.0,horizon,0.10905861854553223
copying,combined,best,64,13,0,256,4138,0,0.2525634765625,0.0,horizon,0.11314988136291504
copying,combined,best,64,14,0,256,3994,0,0.2437744140625,0.0,horizon,0.11531615257263184
copying,combined,best,64,16,0,256,4116,0,0.251220703125,0.0,horizon,0.11593985557556152
copying,combined,best,64,24,0,256,4027,0,0.24578857421875,0.0,horizon,0.12003278732299805
copying,combined,best,64,32,0,256,3997,0,0.24395751953125,0.0,horizon,0.1252439022064209
copying,combined,best,64,48,0,256,3918,0,0.2391357421875,0.0,horizon,0.13513422012329102
copying,combined,best,64,64,0,256,4120,0,0.25146484375,0.0,horizon,0.14934420585632324
copying,combined,best,64,96,0,256,4070,0,0.2484130859375,0.0,horizon,0.1787419319152832
copying,combined,best,64,128,0,256,3978,0,0.2427978515625,0.0,horizon,0.23646974563598633
copying,combined,best,64,192,0,256,3499,0,0.21356201171875,0.0,horizon,0.28979969024658203
copying,combined,best,64,256,0,256,3560,0,0.21728515625,0.0,horizon,0.3444201946258545
copying,combined,best,64,384,0,256,3578,0,0.2183837890625,0.0,horizon,0.48595499992370605
copying,combined,best,64,512,0,256,3622,0,0.2210693359375,0.0,horizon,0.6063086986541748
copying,combined,best,64,768,0,256,3584,0,0.21875,0.0,horizon,0.8495128154754639
copying,combined,best,64,1024,0,256,3178,0,0.1939697265625,0.0,horizon,1.2382111549377441
copying,combined,best,64,1536,0,256,3138,0,0.1915283203125,0.0,horizon,1.7955129146575928
copying,combined,best,64,2048,0,256,3209,0,0.19586181640625,0.0,horizon,2.342088460922241
copying,combined,best,64,3072,0,256,3136,0,0.19140625,0.0,horizon,3.5507619380950928
copying,combined,best,64,4096,0,256,2647,0,0.16156005859375,0.0,horizon,5.10209321975708
copying,combined,best,64,6144,0,256,2611,0,0.15936279296875,0.0,horizon,7.553975343704224
copying,combined,best,64,8192,0,256,2658,0,0.1622314453125,0.0,horizon,10.007752418518066
copying,combined,best,64,12288,0,256,2574,0,0.1571044921875,0.0,horizon,14.854275703430176
copying,combined,best,64,16384,0,256,2490,0,0.1519775390625,0.0,horizon,20.479097843170166
copying,combined,best,64,24576,0,256,2478,0,0.1512451171875,0.0,horizon,31.379509449005127
copying,combined,best,64,32768,0,256,2503,0,0.15277099609375,0.0,horizon,42.963077783584595
copying,combined,best,64,49152,0,256,2528,0,0.154296875,0.0,horizon,65.85557007789612
copying,combined,best,64,65536,0,256,2421,0,0.14776611328125,0.0,horizon,91.0654137134552
copying,combined,best,64,98304,0,256,2402,0,0.1466064453125,0.0,horizon,144.77316403388977
copying,combined,best,64,131072,0,256,2481,0,0.15142822265625,0.0,horizon,308.1896719932556
copying,combined,best,10,16,7,256,1603,0,0.626171875,0.0,prefix,0.061284542083740234
copying,combined,best,10,16,15,256,1723,3,0.673046875,0.01171875,prefix,0.061959028244018555
copying,combined,best,10,16,63,256,1682,1,0.65703125,0.00390625,prefix,0.0829167366027832
copying,combined,best,10,64,7,256,1385,0,0.541015625,0.0,prefix,0.08197736740112305
copying,combined,best,10,64,15,256,1362,0,0.53203125,0.0,prefix,0.08311700820922852
copying,combined,best,10,64,63,256,1336,0,0.521875,0.0,prefix,0.11862635612487793
copying,combined,best,10,256,7,256,1240,0,0.484375,0.0,prefix,0.2682642936706543
copying,combined,best,10,256,15,256,1237,0,0.483203125,0.0,prefix,0.27665162086486816
copying,combined,best,10,256,63,256,1126,0,0.43984375,0.0,prefix,0.2930724620819092
copying,combined,best,10,2048,7,256,1097,0,0.428515625,0.0,prefix,2.28584623336792
copying,combined,best,10,2048,15,256,1049,0,0.409765625,0.0,prefix,2.2708239555358887
copying,combined,best,10,2048,63,256,977,0,0.381640625,0.0,prefix,2.3171298503875732
copying,combined,best,16,16,7,256,2122,0,0.51806640625,0.0,prefix,0.06751227378845215
copying,combined,best,16,16,15,256,2094,0,0.51123046875,0.0,prefix,0.06644010543823242
copying,combined,best,16,16,63,256,2142,0,0.52294921875,0.0,prefix,0.08433818817138672
copying,combined,best,16,64,7,256,1739,0,0.424560546875,0.0,prefix,0.08614301681518555
copying,combined,best,16,64,15,256,1699,0,0.414794921875,0.0,prefix,0.08652305603027344
copying,combined,best,16,64,63,256,1648,0,0.40234375,0.0,prefix,0.11658906936645508
copying,combined,best,16,256,7,256,1606,0,0.39208984375,0.0,prefix,0.2626316547393799
copying,combined,best,16,256,15,256,1582,0,0.38623046875,0.0,prefix,0.3013904094696045
copying,combined,best,16,256,63,256,1409,0,0.343994140625,0.0,prefix,0.30579137802124023
copying,combined,best,16,2048,7,256,1380,0,0.3369140625,0.0,prefix,2.2774572372436523
copying,combined,best,16,2048,15,256,1299,0,0.317138671875,0.0,prefix,2.274749755859375
copying,combined,best,16,2048,63,256,1319,0,0.322021484375,0.0,prefix,2.32649564743042
copying,combined,best,32,16,7,256,2705,0,0.3302001953125,0.0,prefix,0.08265900611877441
copying,combined,best,32,16,15,256,2712,0,0.3310546875,0.0,prefix,0.08176398277282715
copying,combined,best,32,16,63,256,2809,0,0.3428955078125,0.0,prefix,0.10174894332885742
copying,combined,best,32,64,7,256,2656,0,0.32421875,0.0,prefix,0.10210561752319336
copying,combined,best,32,64,15,256,2727,0,0.3328857421875,0.0,prefix,0.10935235023498535
copying,combined,best,32,64,63,256,2579,0,0.3148193359375,0.0,prefix,0.15307307243347168
copying,combined,best,32,256,7,256,2302,0,0.281005859375,0.0,prefix,0.3073709011077881
copying,combined,best,32,256,15,256,2240,0,0.2734375,0.0,prefix,0.2986881732940674
copying,combined,best,32,256,63,256,2180,0,0.26611328125,0.0,prefix,0.33960914611816406
copying,combined,best,32,2048,7,256,1983,0,0.2420654296875,0.0,prefix,2.314134359359741
copying,combined,best,32,2048,15,256,2037,0,0.2486572265625,0.0,prefix,2.3111443519592285
copying,combined,best,32,2048,63,256,1974,0,0.240966796875,0.0,prefix,2.360041379928589
copying,combined,best,64,16,7,256,4089,0,0.24957275390625,0.0,prefix,0.11233830451965332
copying,combined,best,64,16,15,256,4213,0,0.25714111328125,0.0,prefix,0.11883735656738281
copying,combined,best,64,16,63,256,4168,0,0.25439453125,0.0,prefix,0.16113567352294922
copying,combined,best,64,64,7,256,4157,0,0.25372314453125,0.0,prefix,0.15682697296142578
copying,combined,best,64,64,15,256,4134,0,0.2523193359375,0.0,prefix,0.1654815673828125
copying,combined,best,64,64,63,256,4201,0,0.25640869140625,0.0,prefix,0.20692873001098633
copying,combined,best,64,256,7,256,3603,0,0.21990966796875,0.0,prefix,0.3482975959777832
copying,combined,best,64,256,15,256,3602,0,0.2198486328125,0.0,prefix,0.365678071975708
copying,combined,best,64,256,63,256,3363,0,0.20526123046875,0.0,prefix,0.4150853157043457
copying,combined,best,64,2048,7,256,3207,0,0.19573974609375,0.0,prefix,2.3846051692962646
copying,combined,best,64,2048,15,256,3258,0,0.1988525390625,0.0,prefix,2.3867440223693848
copying,combined,best,64,2048,63,256,3089,0,0.18853759765625,0.0,prefix,2.4361467361450195
copying,combined,best,128,16,0,256,6461,0,0.197174072265625,0.0,unseen-memory,0.2310647964477539
copying,combined,best,128,16,15,256,6534,0,0.19940185546875,0.0,unseen-memory,0.2579927444458008
copying,combined,best,128,64,0,256,6449,0,0.196807861328125,0.0,unseen-memory,0.2906787395477295
copying,combined,best,128,64,15,256,6250,0,0.19073486328125,0.0,unseen-memory,0.30159425735473633
copying,combined,best,128,256,0,256,5865,0,0.178985595703125,0.0,unseen-memory,0.4748954772949219
copying,combined,best,128,256,15,256,5786,0,0.17657470703125,0.0,unseen-memory,0.49948573112487793
copying,combined,best,128,2048,0,256,5367,0,0.163787841796875,0.0,unseen-memory,2.4848272800445557
copying,combined,best,128,2048,15,256,5403,0,0.164886474609375,0.0,unseen-memory,2.5222504138946533
copying,combined,final,10,1,0,256,1706,1,0.66640625,0.00390625,horizon,0.6304612159729004
copying,combined,final,10,2,0,256,1735,2,0.677734375,0.0078125,horizon,0.061020612716674805
copying,combined,final,10,3,0,256,1642,1,0.64140625,0.00390625,horizon,0.06364297866821289
copying,combined,final,10,4,0,256,1608,2,0.628125,0.0078125,horizon,0.06031203269958496
copying,combined,final,10,5,0,256,1659,2,0.648046875,0.0078125,horizon,0.05999326705932617
copying,combined,final,10,6,0,256,1637,3,0.639453125,0.01171875,horizon,0.060357093811035156
copying,combined,final,10,7,0,256,1549,0,0.605078125,0.0,horizon,0.059955596923828125
copying,combined,final,10,8,0,256,1651,1,0.644921875,0.00390625,horizon,0.059520721435546875
copying,combined,final,10,9,0,256,1634,1,0.63828125,0.00390625,horizon,0.06223654747009277
copying,combined,final,10,10,0,256,1632,2,0.6375,0.0078125,horizon,0.05997657775878906
copying,combined,final,10,11,0,256,1550,0,0.60546875,0.0,horizon,0.06278562545776367
copying,combined,final,10,12,0,256,1678,1,0.65546875,0.00390625,horizon,0.05859565734863281
copying,combined,final,10,13,0,256,1657,1,0.647265625,0.00390625,horizon,0.0621795654296875
copying,combined,final,10,14,0,256,1648,2,0.64375,0.0078125,horizon,0.05968284606933594
copying,combined,final,10,16,0,256,1750,3,0.68359375,0.01171875,horizon,0.06139540672302246
copying,combined,final,10,24,0,256,1749,3,0.683203125,0.01171875,horizon,0.06240344047546387
copying,combined,final,10,32,0,256,1604,0,0.6265625,0.0,horizon,0.061691999435424805
copying,combined,final,10,48,0,256,1441,0,0.562890625,0.0,horizon,0.07777810096740723
copying,combined,final,10,64,0,256,1287,0,0.502734375,0.0,horizon,0.07785844802856445
copying,combined,final,10,96,0,256,1320,0,0.515625,0.0,horizon,0.08558773994445801
copying,combined,final,10,128,0,256,1301,0,0.508203125,0.0,horizon,0.10293960571289062
copying,combined,final,10,192,0,256,1238,0,0.48359375,0.0,horizon,0.15590548515319824
copying,combined,final,10,256,0,256,1159,0,0.452734375,0.0,horizon,0.27243781089782715
copying,combined,final,10,384,0,256,1189,0,0.464453125,0.0,horizon,0.37581467628479004
copying,combined,final,10,512,0,256,1224,0,0.478125,0.0,horizon,0.4729347229003906
copying,combined,final,10,768,0,256,1187,0,0.463671875,0.0,horizon,0.7560486793518066
copying,combined,final,10,1024,0,256,955,0,0.373046875,0.0,horizon,1.107832908630371
copying,combined,final,10,1536,0,256,938,0,0.36640625,0.0,horizon,1.6833198070526123
copying,combined,final,10,2048,0,256,998,0,0.38984375,0.0,horizon,2.2347023487091064
copying,combined,final,10,3072,0,256,974,0,0.38046875,0.0,horizon,3.43693208694458
copying,combined,final,10,4096,0,256,834,0,0.32578125,0.0,horizon,4.969648122787476
copying,combined,final,10,6144,0,256,822,0,0.32109375,0.0,horizon,7.331730842590332
copying,combined,final,10,8192,0,256,842,0,0.32890625,0.0,horizon,9.780733823776245
copying,combined,final,10,12288,0,256,850,0,0.33203125,0.0,horizon,14.643014669418335
copying,combined,final,10,16384,0,256,783,0,0.305859375,0.0,horizon,20.243947744369507
copying,combined,final,10,24576,0,256,780,0,0.3046875,0.0,horizon,31.18109655380249
copying,combined,final,10,32768,0,256,805,0,0.314453125,0.0,horizon,42.778923749923706
copying,combined,final,10,49152,0,256,773,0,0.301953125,0.0,horizon,65.75188207626343
copying,combined,final,10,65536,0,256,705,0,0.275390625,0.0,horizon,91.02634859085083
copying,combined,final,10,98304,0,256,819,0,0.319921875,0.0,horizon,144.79136180877686
copying,combined,final,10,131072,0,256,782,0,0.30546875,0.0,horizon,303.915566444397
copying,combined,final,16,1,0,256,2169,0,0.529541015625,0.0,horizon,0.05871081352233887
copying,combined,final,16,2,0,256,2311,0,0.564208984375,0.0,horizon,0.057996273040771484
copying,combined,final,16,3,0,256,2217,0,0.541259765625,0.0,horizon,0.059081315994262695
copying,combined,final,16,4,0,256,2248,0,0.548828125,0.0,horizon,0.05876946449279785
copying,combined,final,16,5,0,256,2053,0,0.501220703125,0.0,horizon,0.0636754035949707
copying,combined,final,16,6,0,256,2232,0,0.544921875,0.0,horizon,0.06315779685974121
copying,combined,final,16,7,0,256,2180,0,0.5322265625,0.0,horizon,0.05999922752380371
copying,combined,final,16,8,0,256,2153,0,0.525634765625,0.0,horizon,0.059332847595214844
copying,combined,final,16,9,0,256,2187,0,0.533935546875,0.0,horizon,0.06140255928039551
copying,combined,final,16,10,0,256,2019,0,0.492919921875,0.0,horizon,0.06257367134094238
copying,combined,final,16,11,0,256,1991,0,0.486083984375,0.0,horizon,0.06740498542785645
copying,combined,final,16,12,0,256,1918,0,0.46826171875,0.0,horizon,0.07094168663024902
copying,combined,final,16,13,0,256,1865,0,0.455322265625,0.0,horizon,0.06190657615661621
copying,combined,final,16,14,0,256,1764,0,0.4306640625,0.0,horizon,0.06099677085876465
copying,combined,final,16,16,0,256,2152,0,0.525390625,0.0,horizon,0.0574343204498291
copying,combined,final,16,24,0,256,2050,0,0.50048828125,0.0,horizon,0.05833315849304199
copying,combined,final,16,32,0,256,2057,0,0.502197265625,0.0,horizon,0.07439017295837402
copying,combined,final,16,48,0,256,1605,0,0.391845703125,0.0,horizon,0.0752873420715332
copying,combined,final,16,64,0,256,1693,0,0.413330078125,0.0,horizon,0.07922911643981934
copying,combined,final,16,96,0,256,1708,0,0.4169921875,0.0,horizon,0.10204505920410156
copying,combined,final,16,128,0,256,1619,0,0.395263671875,0.0,horizon,0.1284487247467041
copying,combined,final,16,192,0,256,1608,0,0.392578125,0.0,horizon,0.178436279296875
copying,combined,final,16,256,0,256,1562,0,0.38134765625,0.0,horizon,0.26680994033813477
copying,combined,final,16,384,0,256,1482,0,0.36181640625,0.0,horizon,0.38401126861572266
copying,combined,final,16,512,0,256,1525,0,0.372314453125,0.0,horizon,0.5220229625701904
copying,combined,final,16,768,0,256,1484,0,0.3623046875,0.0,horizon,0.7667276859283447
copying,combined,final,16,1024,0,256,1236,0,0.3017578125,0.0,horizon,1.1450769901275635
copying,combined,final,16,1536,0,256,1169,0,0.285400390625,0.0,horizon,1.6979544162750244
copying,combined,final,16,2048,0,256,1195,0,0.291748046875,0.0,horizon,2.257581949234009
copying,combined,final,16,3072,0,256,1278,0,0.31201171875,0.0,horizon,3.4397222995758057
copying,combined,final,16,4096,0,256,1066,0,0.26025390625,0.0,horizon,5.050084829330444
copying,combined,final,16,6144,0,256,965,0,0.235595703125,0.0,horizon,7.456450939178467
copying,combined,final,16,8192,0,256,1057,0,0.258056640625,0.0,horizon,9.952653884887695
copying,combined,final,16,12288,0,256,1059,0,0.258544921875,0.0,horizon,14.839623212814331
copying,combined,final,16,16384,0,256,999,0,0.243896484375,0.0,horizon,20.48046875
copying,combined,final,16,24576,0,256,976,0,0.23828125,0.0,horizon,31.389562845230103
copying,combined,final,16,32768,0,256,1035,0,0.252685546875,0.0,horizon,42.992554903030396
copying,combined,final,16,49152,0,256,963,0,0.235107421875,0.0,horizon,65.88647413253784
copying,combined,final,16,65536,0,256,955,0,0.233154296875,0.0,horizon,91.08293151855469
copying,combined,final,16,98304,0,256,994,0,0.24267578125,0.0,horizon,144.2975172996521
copying,combined,final,16,131072,0,256,1007,0,0.245849609375,0.0,horizon,307.55722737312317
copying,combined,final,32,1,0,256,3342,0,0.407958984375,0.0,horizon,0.07736754417419434
copying,combined,final,32,2,0,256,3431,0,0.4188232421875,0.0,horizon,0.08101820945739746
copying,combined,final,32,3,0,256,3378,0,0.412353515625,0.0,horizon,0.08556962013244629
copying,combined,final,32,4,0,256,3212,0,0.39208984375,0.0,horizon,0.08118820190429688
copying,combined,final,32,5,0,256,3049,0,0.3721923828125,0.0,horizon,0.08208203315734863
copying,combined,final,32,6,0,256,3025,0,0.3692626953125,0.0,horizon,0.08177614212036133
copying,combined,final,32,7,0,256,2908,0,0.35498046875,0.0,horizon,0.08292174339294434
copying,combined,final,32,8,0,256,2824,0,0.3447265625,0.0,horizon,0.07984757423400879
copying,combined,final,32,9,0,256,2844,0,0.34716796875,0.0,horizon,0.08386635780334473
copying,combined,final,32,10,0,256,2796,0,0.34130859375,0.0,horizon,0.08038902282714844
copying,combined,final,32,11,0,256,2715,0,0.3314208984375,0.0,horizon,0.07832884788513184
copying,combined,final,32,12,0,256,2618,0,0.319580078125,0.0,horizon,0.08210492134094238
copying,combined,final,32,13,0,256,2651,0,0.3236083984375,0.0,horizon,0.0796661376953125
copying,combined,final,32,14,0,256,2538,0,0.309814453125,0.0,horizon,0.07996988296508789
copying,combined,final,32,16,0,256,2834,0,0.345947265625,0.0,horizon,0.0794520378112793
copying,combined,final,32,24,0,256,2689,0,0.3282470703125,0.0,horizon,0.08117365837097168
copying,combined,final,32,32,0,256,2613,0,0.3189697265625,0.0,horizon,0.08132553100585938
copying,combined,final,32,48,0,256,2592,0,0.31640625,0.0,horizon,0.0865333080291748
copying,combined,final,32,64,0,256,2593,0,0.3165283203125,0.0,horizon,0.10793662071228027
copying,combined,final,32,96,0,256,2541,0,0.3101806640625,0.0,horizon,0.12983107566833496
copying,combined,final,32,128,0,256,2558,0,0.312255859375,0.0,horizon,0.15909385681152344
copying,combined,final,32,192,0,256,2551,0,0.3114013671875,0.0,horizon,0.22989702224731445
copying,combined,final,32,256,0,256,2312,0,0.2822265625,0.0,horizon,0.28356361389160156
copying,combined,final,32,384,0,256,2229,0,0.2720947265625,0.0,horizon,0.42294764518737793
copying,combined,final,32,512,0,256,2294,0,0.280029296875,0.0,horizon,0.5452091693878174
copying,combined,final,32,768,0,256,2285,0,0.2789306640625,0.0,horizon,0.7981195449829102
copying,combined,final,32,1024,0,256,1927,0,0.2352294921875,0.0,horizon,1.1696293354034424
copying,combined,final,32,1536,0,256,1935,0,0.2362060546875,0.0,horizon,1.7282257080078125
copying,combined,final,32,2048,0,256,1940,0,0.23681640625,0.0,horizon,2.2783432006835938
copying,combined,final,32,3072,0,256,1898,0,0.231689453125,0.0,horizon,3.4641759395599365
copying,combined,final,32,4096,0,256,1682,0,0.205322265625,0.0,horizon,5.035558700561523
copying,combined,final,32,6144,0,256,1568,0,0.19140625,0.0,horizon,7.454999208450317
copying,combined,final,32,8192,0,256,1693,0,0.2066650390625,0.0,horizon,9.913141965866089
copying,combined,final,32,12288,0,256,1598,0,0.195068359375,0.0,horizon,14.80208420753479
copying,combined,final,32,16384,0,256,1478,0,0.180419921875,0.0,horizon,20.399085760116577
copying,combined,final,32,24576,0,256,1483,0,0.1810302734375,0.0,horizon,31.265615940093994
copying,combined,final,32,32768,0,256,1554,0,0.189697265625,0.0,horizon,42.84718632698059
copying,combined,final,32,49152,0,256,1554,0,0.189697265625,0.0,horizon,65.58496046066284
copying,combined,final,32,65536,0,256,1500,0,0.18310546875,0.0,horizon,90.80670619010925
copying,combined,final,32,98304,0,256,1505,0,0.1837158203125,0.0,horizon,144.42531967163086
copying,combined,final,32,131072,0,256,1516,0,0.18505859375,0.0,horizon,302.72190952301025
copying,combined,final,64,1,0,256,4271,0,0.26068115234375,0.0,horizon,0.09492278099060059
copying,combined,final,64,2,0,256,4338,0,0.2647705078125,0.0,horizon,0.10141849517822266
copying,combined,final,64,3,0,256,4362,0,0.2662353515625,0.0,horizon,0.10335659980773926
copying,combined,final,64,4,0,256,4345,0,0.26519775390625,0.0,horizon,0.10347652435302734
copying,combined,final,64,5,0,256,4429,0,0.27032470703125,0.0,horizon,0.11019778251647949
copying,combined,final,64,6,0,256,4369,0,0.26666259765625,0.0,horizon,0.10636520385742188
copying,combined,final,64,7,0,256,4231,0,0.25823974609375,0.0,horizon,0.1171727180480957
copying,combined,final,64,8,0,256,4232,0,0.25830078125,0.0,horizon,0.11036944389343262
copying,combined,final,64,9,0,256,4199,0,0.25628662109375,0.0,horizon,0.10828828811645508
copying,combined,final,64,10,0,256,4210,0,0.2569580078125,0.0,horizon,0.10396146774291992
copying,combined,final,64,11,0,256,4091,0,0.24969482421875,0.0,horizon,0.10475587844848633
copying,combined,final,64,12,0,256,4177,0,0.25494384765625,0.0,horizon,0.10555601119995117
copying,combined,final,64,13,0,256,4212,0,0.257080078125,0.0,horizon,0.11494302749633789
copying,combined,final,64,14,0,256,4082,0,0.2491455078125,0.0,horizon,0.1136784553527832
copying,combined,final,64,16,0,256,4183,0,0.25531005859375,0.0,horizon,0.11803698539733887
copying,combined,final,64,24,0,256,4103,0,0.25042724609375,0.0,horizon,0.12232065200805664
copying,combined,final,64,32,0,256,4078,0,0.2489013671875,0.0,horizon,0.12867522239685059
copying,combined,final,64,48,0,256,3936,0,0.240234375,0.0,horizon,0.1344470977783203
copying,combined,final,64,64,0,256,4045,0,0.24688720703125,0.0,horizon,0.14644384384155273
copying,combined,final,64,96,0,256,4148,0,0.253173828125,0.0,horizon,0.17579865455627441
copying,combined,final,64,128,0,256,3995,0,0.24383544921875,0.0,horizon,0.23708271980285645
copying,combined,final,64,192,0,256,3433,0,0.20953369140625,0.0,horizon,0.2923710346221924
copying,combined,final,64,256,0,256,3546,0,0.2164306640625,0.0,horizon,0.33852219581604004
copying,combined,final,64,384,0,256,3539,0,0.21600341796875,0.0,horizon,0.4884798526763916
copying,combined,final,64,512,0,256,3625,0,0.22125244140625,0.0,horizon,0.5992546081542969
copying,combined,final,64,768,0,256,3603,0,0.21990966796875,0.0,horizon,0.8565056324005127
copying,combined,final,64,1024,0,256,3193,0,0.19488525390625,0.0,horizon,1.2327556610107422
copying,combined,final,64,1536,0,256,3238,0,0.1976318359375,0.0,horizon,1.8014590740203857
copying,combined,final,64,2048,0,256,3176,0,0.19384765625,0.0,horizon,2.343449115753174
copying,combined,final,64,3072,0,256,3185,0,0.19439697265625,0.0,horizon,3.5413455963134766
copying,combined,final,64,4096,0,256,2850,0,0.1739501953125,0.0,horizon,5.106696605682373
copying,combined,final,64,6144,0,256,2580,0,0.157470703125,0.0,horizon,7.552337884902954
copying,combined,final,64,8192,0,256,2647,0,0.16156005859375,0.0,horizon,9.978227853775024
copying,combined,final,64,12288,0,256,2715,0,0.16571044921875,0.0,horizon,14.87139630317688
copying,combined,final,64,16384,0,256,2417,0,0.14752197265625,0.0,horizon,20.463937044143677
copying,combined,final,64,24576,0,256,2493,0,0.15216064453125,0.0,horizon,31.357925176620483
copying,combined,final,64,32768,0,256,2511,0,0.15325927734375,0.0,horizon,43.01869225502014
copying,combined,final,64,49152,0,256,2540,0,0.155029296875,0.0,horizon,65.75414991378784
copying,combined,final,64,65536,0,256,2418,0,0.1475830078125,0.0,horizon,91.08588361740112
copying,combined,final,64,98304,0,256,2380,0,0.145263671875,0.0,horizon,144.80314111709595
copying,combined,final,64,131072,0,256,2602,0,0.1588134765625,0.0,horizon,304.9609293937683
copying,combined,final,10,16,7,256,1769,3,0.691015625,0.01171875,prefix,0.060701847076416016
copying,combined,final,10,16,15,256,1506,1,0.58828125,0.00390625,prefix,0.06104230880737305
copying,combined,final,10,16,63,256,1529,0,0.597265625,0.0,prefix,0.08266282081604004
copying,combined,final,10,64,7,256,1398,0,0.54609375,0.0,prefix,0.0818943977355957
copying,combined,final,10,64,15,256,1346,0,0.52578125,0.0,prefix,0.08044099807739258
copying,combined,final,10,64,63,256,1316,0,0.5140625,0.0,prefix,0.12195229530334473
copying,combined,final,10,256,7,256,1261,0,0.492578125,0.0,prefix,0.27091193199157715
copying,combined,final,10,256,15,256,1256,0,0.490625,0.0,prefix,0.2788512706756592
copying,combined,final,10,256,63,256,1177,0,0.459765625,0.0,prefix,0.2920501232147217
copying,combined,final,10,2048,7,256,1127,0,0.440234375,0.0,prefix,2.2943828105926514
copying,combined,final,10,2048,15,256,1074,0,0.41953125,0.0,prefix,2.278186082839966
copying,combined,final,10,2048,63,256,1059,0,0.413671875,0.0,prefix,2.3200109004974365
copying,combined,final,16,16,7,256,2275,0,0.555419921875,0.0,prefix,0.061254024505615234
copying,combined,final,16,16,15,256,2131,0,0.520263671875,0.0,prefix,0.06040811538696289
copying,combined,final,16,16,63,256,2130,0,0.52001953125,0.0,prefix,0.08566975593566895
copying,combined,final,16,64,7,256,1769,0,0.431884765625,0.0,prefix,0.08392524719238281
copying,combined,final,16,64,15,256,1767,0,0.431396484375,0.0,prefix,0.08242392539978027
copying,combined,final,16,64,63,256,1694,0,0.41357421875,0.0,prefix,0.11645150184631348
copying,combined,final,16,256,7,256,1607,0,0.392333984375,0.0,prefix,0.26500725746154785
copying,combined,final,16,256,15,256,1622,0,0.39599609375,0.0,prefix,0.30400538444519043
copying,combined,final,16,256,63,256,1453,0,0.354736328125,0.0,prefix,0.30570268630981445
copying,combined,final,16,2048,7,256,1378,0,0.33642578125,0.0,prefix,2.272411823272705
copying,combined,final,16,2048,15,256,1352,0,0.330078125,0.0,prefix,2.2877657413482666
copying,combined,final,16,2048,63,256,1366,0,0.33349609375,0.0,prefix,2.3386471271514893
copying,combined,final,32,16,7,256,2878,0,0.351318359375,0.0,prefix,0.08043074607849121
copying,combined,final,32,16,15,256,2700,0,0.32958984375,0.0,prefix,0.080352783203125
copying,combined,final,32,16,63,256,2779,0,0.3392333984375,0.0,prefix,0.1042027473449707
copying,combined,final,32,64,7,256,2738,0,0.334228515625,0.0,prefix,0.10373783111572266
copying,combined,final,32,64,15,256,2779,0,0.3392333984375,0.0,prefix,0.10714030265808105
copying,combined,final,32,64,63,256,2588,0,0.31591796875,0.0,prefix,0.15126347541809082
copying,combined,final,32,256,7,256,2298,0,0.280517578125,0.0,prefix,0.30826520919799805
copying,combined,final,32,256,15,256,2303,0,0.2811279296875,0.0,prefix,0.3028254508972168
copying,combined,final,32,256,63,256,2176,0,0.265625,0.0,prefix,0.33745789527893066
copying,combined,final,32,2048,7,256,2024,0,0.2470703125,0.0,prefix,2.3349783420562744
copying,combined,final,32,2048,15,256,2123,0,0.2591552734375,0.0,prefix,2.3167076110839844
copying,combined,final,32,2048,63,256,2026,0,0.247314453125,0.0,prefix,2.369741678237915
copying,combined,final,64,16,7,256,4309,0,0.26300048828125,0.0,prefix,0.11130666732788086
copying,combined,final,64,16,15,256,4456,0,0.27197265625,0.0,prefix,0.11991024017333984
copying,combined,final,64,16,63,256,4201,0,0.25640869140625,0.0,prefix,0.166579008102417
copying,combined,final,64,64,7,256,4188,0,0.255615234375,0.0,prefix,0.1576859951019287
copying,combined,final,64,64,15,256,4226,0,0.2579345703125,0.0,prefix,0.16562652587890625
copying,combined,final,64,64,63,256,4142,0,0.2528076171875,0.0,prefix,0.20324087142944336
copying,combined,final,64,256,7,256,3554,0,0.2169189453125,0.0,prefix,0.3512759208679199
copying,combined,final,64,256,15,256,3608,0,0.22021484375,0.0,prefix,0.3656795024871826
copying,combined,final,64,256,63,256,3424,0,0.208984375,0.0,prefix,0.41356444358825684
copying,combined,final,64,2048,7,256,3305,0,0.20172119140625,0.0,prefix,2.383474826812744
copying,combined,final,64,2048,15,256,3378,0,0.2061767578125,0.0,prefix,2.3812661170959473
copying,combined,final,64,2048,63,256,3280,0,0.2001953125,0.0,prefix,2.4353744983673096
copying,combined,final,128,16,0,256,6528,0,0.19921875,0.0,unseen-memory,0.23139071464538574
copying,combined,final,128,16,15,256,6600,0,0.201416015625,0.0,unseen-memory,0.2611677646636963
copying,combined,final,128,64,0,256,6265,0,0.191192626953125,0.0,unseen-memory,0.2879297733306885
copying,combined,final,128,64,15,256,6199,0,0.189178466796875,0.0,unseen-memory,0.30195164680480957
copying,combined,final,128,256,0,256,5881,0,0.179473876953125,0.0,unseen-memory,0.4779222011566162
copying,combined,final,128,256,15,256,5784,0,0.176513671875,0.0,unseen-memory,0.4973568916320801
copying,combined,final,128,2048,0,256,5385,0,0.164337158203125,0.0,unseen-memory,2.491718053817749
copying,combined,final,128,2048,15,256,5572,0,0.1700439453125,0.0,unseen-memory,2.528705596923828
copying,combined-no-decay,best,10,1,0,256,2476,182,0.9671875,0.7109375,horizon,0.6242556571960449
copying,combined-no-decay,best,10,2,0,256,2497,199,0.975390625,0.77734375,horizon,0.06078338623046875
copying,combined-no-decay,best,10,3,0,256,2496,202,0.975,0.7890625,horizon,0.06246757507324219
copying,combined-no-decay,best,10,4,0,256,2498,201,0.97578125,0.78515625,horizon,0.060253143310546875
copying,combined-no-decay,best,10,5,0,256,2504,204,0.978125,0.796875,horizon,0.06426191329956055
copying,combined-no-decay,best,10,6,0,256,2498,201,0.97578125,0.78515625,horizon,0.06289267539978027
copying,combined-no-decay,best,10,7,0,256,2514,215,0.98203125,0.83984375,horizon,0.06276845932006836
copying,combined-no-decay,best,10,8,0,256,2512,210,0.98125,0.8203125,horizon,0.06039571762084961
copying,combined-no-decay,best,10,9,0,256,2499,200,0.976171875,0.78125,horizon,0.06206989288330078
copying,combined-no-decay,best,10,10,0,256,2511,211,0.980859375,0.82421875,horizon,0.060680389404296875
copying,combined-no-decay,best,10,11,0,256,2507,209,0.979296875,0.81640625,horizon,0.06261658668518066
copying,combined-no-decay,best,10,12,0,256,2508,211,0.9796875,0.82421875,horizon,0.05968284606933594
copying,combined-no-decay,best,10,13,0,256,2517,217,0.983203125,0.84765625,horizon,0.062061309814453125
copying,combined-no-decay,best,10,14,0,256,2498,200,0.97578125,0.78125,horizon,0.06021761894226074
copying,combined-no-decay,best,10,16,0,256,2492,198,0.9734375,0.7734375,horizon,0.06184053421020508
copying,combined-no-decay,best,10,24,0,256,2498,204,0.97578125,0.796875,horizon,0.06045031547546387
copying,combined-no-decay,best,10,32,0,256,2517,215,0.983203125,0.83984375,horizon,0.06344294548034668
copying,combined-no-decay,best,10,48,0,256,2517,216,0.983203125,0.84375,horizon,0.08340668678283691
copying,combined-no-decay,best,10,64,0,256,2489,193,0.972265625,0.75390625,horizon,0.08169698715209961
copying,combined-no-decay,best,10,96,0,256,2505,207,0.978515625,0.80859375,horizon,0.08394217491149902
copying,combined-no-decay,best,10,128,0,256,2492,195,0.9734375,0.76171875,horizon,0.10511612892150879
copying,combined-no-decay,best,10,192,0,256,2486,193,0.97109375,0.75390625,horizon,0.15382051467895508
copying,combined-no-decay,best,10,256,0,256,2379,121,0.929296875,0.47265625,horizon,0.258497953414917
copying,combined-no-decay,best,10,384,0,256,2377,121,0.928515625,0.47265625,horizon,0.38291335105895996
copying,combined-no-decay,best,10,512,0,256,2389,136,0.933203125,0.53125,horizon,0.46601057052612305
copying,combined-no-decay,best,10,768,0,256,2383,126,0.930859375,0.4921875,horizon,0.7481579780578613
copying,combined-no-decay,best,10,1024,0,256,1946,19,0.76015625,0.07421875,horizon,1.0968172550201416
copying,combined-no-decay,best,10,1536,0,256,1889,16,0.737890625,0.0625,horizon,1.6535089015960693
copying,combined-no-decay,best,10,2048,0,256,1874,11,0.73203125,0.04296875,horizon,2.1966240406036377
copying,combined-no-decay,best,10,3072,0,256,1912,15,0.746875,0.05859375,horizon,3.3634631633758545
copying,combined-no-decay,best,10,4096,0,256,1324,2,0.5171875,0.0078125,horizon,4.940333127975464
copying,combined-no-decay,best,10,6144,0,256,1346,1,0.52578125,0.00390625,horizon,7.3232011795043945
copying,combined-no-decay,best,10,8192,0,256,1358,0,0.53046875,0.0,horizon,9.762441635131836
copying,combined-no-decay,best,10,12288,0,256,1287,0,0.502734375,0.0,horizon,14.570568799972534
copying,combined-no-decay,best,10,16384,0,256,1211,0,0.473046875,0.0,horizon,20.13748073577881
copying,combined-no-decay,best,10,24576,0,256,1191,0,0.465234375,0.0,horizon,30.95893430709839
copying,combined-no-decay,best,10,32768,0,256,1192,0,0.465625,0.0,horizon,42.480682134628296
copying,combined-no-decay,best,10,49152,0,256,1189,0,0.464453125,0.0,horizon,65.00452303886414
copying,combined-no-decay,best,10,65536,0,256,1165,0,0.455078125,0.0,horizon,89.83830451965332
copying,combined-no-decay,best,10,98304,0,256,1142,0,0.44609375,0.0,horizon,142.37656903266907
copying,combined-no-decay,best,10,131072,0,256,1157,0,0.451953125,0.0,horizon,301.02855253219604
copying,combined-no-decay,best,16,1,0,256,3471,16,0.847412109375,0.0625,horizon,0.05789017677307129
copying,combined-no-decay,best,16,2,0,256,3544,12,0.865234375,0.046875,horizon,0.057595252990722656
copying,combined-no-decay,best,16,3,0,256,3434,7,0.83837890625,0.02734375,horizon,0.057822465896606445
copying,combined-no-decay,best,16,4,0,256,3394,5,0.82861328125,0.01953125,horizon,0.05758357048034668
copying,combined-no-decay,best,16,5,0,256,3517,9,0.858642578125,0.03515625,horizon,0.05729341506958008
copying,combined-no-decay,best,16,6,0,256,3509,16,0.856689453125,0.0625,horizon,0.06134963035583496
copying,combined-no-decay,best,16,7,0,256,3511,10,0.857177734375,0.0390625,horizon,0.05942893028259277
copying,combined-no-decay,best,16,8,0,256,3536,12,0.86328125,0.046875,horizon,0.057842254638671875
copying,combined-no-decay,best,16,9,0,256,3558,25,0.86865234375,0.09765625,horizon,0.06431913375854492
copying,combined-no-decay,best,16,10,0,256,3601,24,0.879150390625,0.09375,horizon,0.059545040130615234
copying,combined-no-decay,best,16,11,0,256,3616,24,0.8828125,0.09375,horizon,0.05932760238647461
copying,combined-no-decay,best,16,12,0,256,3572,24,0.8720703125,0.09375,horizon,0.05762290954589844
copying,combined-no-decay,best,16,13,0,256,3555,20,0.867919921875,0.078125,horizon,0.05897879600524902
copying,combined-no-decay,best,16,14,0,256,3602,23,0.87939453125,0.08984375,horizon,0.05874156951904297
copying,combined-no-decay,best,16,16,0,256,3499,11,0.854248046875,0.04296875,horizon,0.05842709541320801
copying,combined-no-decay,best,16,24,0,256,3510,16,0.85693359375,0.0625,horizon,0.06085085868835449
copying,combined-no-decay,best,16,32,0,256,3502,13,0.85498046875,0.05078125,horizon,0.07528185844421387
copying,combined-no-decay,best,16,48,0,256,3282,1,0.80126953125,0.00390625,horizon,0.07714605331420898
copying,combined-no-decay,best,16,64,0,256,3372,6,0.8232421875,0.0234375,horizon,0.08218884468078613
copying,combined-no-decay,best,16,96,0,256,3410,9,0.83251953125,0.03515625,horizon,0.09426450729370117
copying,combined-no-decay,best,16,128,0,256,3393,6,0.828369140625,0.0234375,horizon,0.12256646156311035
copying,combined-no-decay,best,16,192,0,256,3358,1,0.81982421875,0.00390625,horizon,0.17215228080749512
copying,combined-no-decay,best,16,256,0,256,3024,0,0.73828125,0.0,horizon,0.26784276962280273
copying,combined-no-decay,best,16,384,0,256,3028,1,0.7392578125,0.00390625,horizon,0.37802815437316895
copying,combined-no-decay,best,16,512,0,256,3008,0,0.734375,0.0,horizon,0.510106086730957
copying,combined-no-decay,best,16,768,0,256,3023,0,0.738037109375,0.0,horizon,0.7542717456817627
copying,combined-no-decay,best,16,1024,0,256,2366,0,0.57763671875,0.0,horizon,1.1303284168243408
copying,combined-no-decay,best,16,1536,0,256,2333,0,0.569580078125,0.0,horizon,1.6748631000518799
copying,combined-no-decay,best,16,2048,0,256,2335,0,0.570068359375,0.0,horizon,2.2402780055999756
copying,combined-no-decay,best,16,3072,0,256,2410,0,0.58837890625,0.0,horizon,3.4320180416107178
copying,combined-no-decay,best,16,4096,0,256,1768,0,0.431640625,0.0,horizon,4.994510889053345
copying,combined-no-decay,best,16,6144,0,256,1770,0,0.43212890625,0.0,horizon,7.407580852508545
copying,combined-no-decay,best,16,8192,0,256,1696,0,0.4140625,0.0,horizon,9.862517595291138
copying,combined-no-decay,best,16,12288,0,256,1675,0,0.408935546875,0.0,horizon,14.679328203201294
copying,combined-no-decay,best,16,16384,0,256,1504,0,0.3671875,0.0,horizon,20.224610567092896
copying,combined-no-decay,best,16,24576,0,256,1535,0,0.374755859375,0.0,horizon,31.01119112968445
copying,combined-no-decay,best,16,32768,0,256,1484,0,0.3623046875,0.0,horizon,42.596731424331665
copying,combined-no-decay,best,16,49152,0,256,1438,0,0.35107421875,0.0,horizon,65.02290415763855
copying,combined-no-decay,best,16,65536,0,256,1430,0,0.34912109375,0.0,horizon,89.80583071708679
copying,combined-no-decay,best,16,98304,0,256,1497,0,0.365478515625,0.0,horizon,142.47924613952637
copying,combined-no-decay,best,16,131072,0,256,1401,0,0.342041015625,0.0,horizon,301.67977261543274
copying,combined-no-decay,best,32,1,0,256,4854,0,0.592529296875,0.0,horizon,0.07742571830749512
copying,combined-no-decay,best,32,2,0,256,4756,0,0.58056640625,0.0,horizon,0.07803034782409668
copying,combined-no-decay,best,32,3,0,256,4673,0,0.5704345703125,0.0,horizon,0.07829070091247559
copying,combined-no-decay,best,32,4,0,256,4742,0,0.578857421875,0.0,horizon,0.08184027671813965
copying,combined-no-decay,best,32,5,0,256,4748,0,0.57958984375,0.0,horizon,0.07803654670715332
copying,combined-no-decay,best,32,6,0,256,4702,0,0.573974609375,0.0,horizon,0.07699441909790039
copying,combined-no-decay,best,32,7,0,256,4580,0,0.55908203125,0.0,horizon,0.07920360565185547
copying,combined-no-decay,best,32,8,0,256,4431,0,0.5408935546875,0.0,horizon,0.07537674903869629
copying,combined-no-decay,best,32,9,0,256,4604,0,0.56201171875,0.0,horizon,0.07861137390136719
copying,combined-no-decay,best,32,10,0,256,4725,0,0.5767822265625,0.0,horizon,0.07994532585144043
copying,combined-no-decay,best,32,11,0,256,4706,0,0.574462890625,0.0,horizon,0.07841777801513672
copying,combined-no-decay,best,32,12,0,256,4562,0,0.556884765625,0.0,horizon,0.08001232147216797
copying,combined-no-decay,best,32,13,0,256,4488,0,0.5478515625,0.0,horizon,0.07893204689025879
copying,combined-no-decay,best,32,14,0,256,4574,0,0.558349609375,0.0,horizon,0.07592296600341797
copying,combined-no-decay,best,32,16,0,256,4645,0,0.5670166015625,0.0,horizon,0.07791876792907715
copying,combined-no-decay,best,32,24,0,256,4210,0,0.513916015625,0.0,horizon,0.08097553253173828
copying,combined-no-decay,best,32,32,0,256,4278,0,0.522216796875,0.0,horizon,0.0785374641418457
copying,combined-no-decay,best,32,48,0,256,4310,0,0.526123046875,0.0,horizon,0.08464932441711426
copying,combined-no-decay,best,32,64,0,256,4264,0,0.5205078125,0.0,horizon,0.10000467300415039
copying,combined-no-decay,best,32,96,0,256,4281,0,0.5225830078125,0.0,horizon,0.13211369514465332
copying,combined-no-decay,best,32,128,0,256,4325,0,0.5279541015625,0.0,horizon,0.15964293479919434
copying,combined-no-decay,best,32,192,0,256,4306,0,0.525634765625,0.0,horizon,0.23469829559326172
copying,combined-no-decay,best,32,256,0,256,3766,0,0.459716796875,0.0,horizon,0.2737700939178467
copying,combined-no-decay,best,32,384,0,256,3883,0,0.4739990234375,0.0,horizon,0.41523170471191406
copying,combined-no-decay,best,32,512,0,256,3818,0,0.466064453125,0.0,horizon,0.5428075790405273
copying,combined-no-decay,best,32,768,0,256,3831,0,0.4676513671875,0.0,horizon,0.7947626113891602
copying,combined-no-decay,best,32,1024,0,256,3045,0,0.3717041015625,0.0,horizon,1.1575562953948975
copying,combined-no-decay,best,32,1536,0,256,3104,0,0.37890625,0.0,horizon,1.713754653930664
copying,combined-no-decay,best,32,2048,0,256,3042,0,0.371337890625,0.0,horizon,2.2680957317352295
copying,combined-no-decay,best,32,3072,0,256,3118,0,0.380615234375,0.0,horizon,3.4588253498077393
copying,combined-no-decay,best,32,4096,0,256,2458,0,0.300048828125,0.0,horizon,5.025960206985474
copying,combined-no-decay,best,32,6144,0,256,2457,0,0.2999267578125,0.0,horizon,7.437652587890625
copying,combined-no-decay,best,32,8192,0,256,2372,0,0.28955078125,0.0,horizon,9.904667615890503
copying,combined-no-decay,best,32,12288,0,256,2406,0,0.293701171875,0.0,horizon,14.716805934906006
copying,combined-no-decay,best,32,16384,0,256,2174,0,0.265380859375,0.0,horizon,20.25275945663452
copying,combined-no-decay,best,32,24576,0,256,2173,0,0.2652587890625,0.0,horizon,31.09508490562439
copying,combined-no-decay,best,32,32768,0,256,2209,0,0.2696533203125,0.0,horizon,42.541908740997314
copying,combined-no-decay,best,32,49152,0,256,2154,0,0.262939453125,0.0,horizon,65.02074933052063
copying,combined-no-decay,best,32,65536,0,256,2155,0,0.2630615234375,0.0,horizon,89.97632598876953
copying,combined-no-decay,best,32,98304,0,256,2116,0,0.25830078125,0.0,horizon,142.48307013511658
copying,combined-no-decay,best,32,131072,0,256,1998,0,0.243896484375,0.0,horizon,302.1885359287262
copying,combined-no-decay,best,64,1,0,256,5568,0,0.33984375,0.0,horizon,0.09523415565490723
copying,combined-no-decay,best,64,2,0,256,5718,0,0.3489990234375,0.0,horizon,0.10467743873596191
copying,combined-no-decay,best,64,3,0,256,5680,0,0.3466796875,0.0,horizon,0.10460019111633301
copying,combined-no-decay,best,64,4,0,256,5726,0,0.3494873046875,0.0,horizon,0.10126352310180664
copying,combined-no-decay,best,64,5,0,256,5760,0,0.3515625,0.0,horizon,0.10534191131591797
copying,combined-no-decay,best,64,6,0,256,5699,0,0.34783935546875,0.0,horizon,0.10927128791809082
copying,combined-no-decay,best,64,7,0,256,5705,0,0.34820556640625,0.0,horizon,0.11006593704223633
copying,combined-no-decay,best,64,8,0,256,5659,0,0.34539794921875,0.0,horizon,0.10664677619934082
copying,combined-no-decay,best,64,9,0,256,5692,0,0.347412109375,0.0,horizon,0.1078495979309082
copying,combined-no-decay,best,64,10,0,256,5627,0,0.34344482421875,0.0,horizon,0.10368990898132324
copying,combined-no-decay,best,64,11,0,256,5736,0,0.35009765625,0.0,horizon,0.105743408203125
copying,combined-no-decay,best,64,12,0,256,5661,0,0.34552001953125,0.0,horizon,0.11006832122802734
copying,combined-no-decay,best,64,13,0,256,5700,0,0.347900390625,0.0,horizon,0.10804510116577148
copying,combined-no-decay,best,64,14,0,256,5621,0,0.34307861328125,0.0,horizon,0.11410737037658691
copying,combined-no-decay,best,64,16,0,256,5657,0,0.34527587890625,0.0,horizon,0.11483025550842285
copying,combined-no-decay,best,64,24,0,256,5525,0,0.33721923828125,0.0,horizon,0.11995911598205566
copying,combined-no-decay,best,64,32,0,256,5665,0,0.34576416015625,0.0,horizon,0.12537169456481934
copying,combined-no-decay,best,64,48,0,256,5686,0,0.3470458984375,0.0,horizon,0.13541245460510254
copying,combined-no-decay,best,64,64,0,256,5690,0,0.3472900390625,0.0,horizon,0.14696860313415527
copying,combined-no-decay,best,64,96,0,256,5756,0,0.351318359375,0.0,horizon,0.175673246383667
copying,combined-no-decay,best,64,128,0,256,5803,0,0.35418701171875,0.0,horizon,0.2329998016357422
copying,combined-no-decay,best,64,192,0,256,4829,0,0.29473876953125,0.0,horizon,0.2891216278076172
copying,combined-no-decay,best,64,256,0,256,5076,0,0.309814453125,0.0,horizon,0.33992576599121094
copying,combined-no-decay,best,64,384,0,256,5020,0,0.306396484375,0.0,horizon,0.48061203956604004
copying,combined-no-decay,best,64,512,0,256,5141,0,0.31378173828125,0.0,horizon,0.5969557762145996
copying,combined-no-decay,best,64,768,0,256,5139,0,0.31365966796875,0.0,horizon,0.8474137783050537
copying,combined-no-decay,best,64,1024,0,256,4251,0,0.25946044921875,0.0,horizon,1.2244625091552734
copying,combined-no-decay,best,64,1536,0,256,4382,0,0.2674560546875,0.0,horizon,1.7851178646087646
copying,combined-no-decay,best,64,2048,0,256,4267,0,0.26043701171875,0.0,horizon,2.3291258811950684
copying,combined-no-decay,best,64,3072,0,256,4265,0,0.26031494140625,0.0,horizon,3.5553770065307617
copying,combined-no-decay,best,64,4096,0,256,3708,0,0.226318359375,0.0,horizon,5.1045355796813965
copying,combined-no-decay,best,64,6144,0,256,3635,0,0.22186279296875,0.0,horizon,7.528010845184326
copying,combined-no-decay,best,64,8192,0,256,3586,0,0.2188720703125,0.0,horizon,9.962570667266846
copying,combined-no-decay,best,64,12288,0,256,3618,0,0.2208251953125,0.0,horizon,14.788746118545532
copying,combined-no-decay,best,64,16384,0,256,3445,0,0.21026611328125,0.0,horizon,20.36128330230713
copying,combined-no-decay,best,64,24576,0,256,3330,0,0.2032470703125,0.0,horizon,31.210676431655884
copying,combined-no-decay,best,64,32768,0,256,3285,0,0.20050048828125,0.0,horizon,42.61260151863098
copying,combined-no-decay,best,64,49152,0,256,3262,0,0.1990966796875,0.0,horizon,65.08703970909119
copying,combined-no-decay,best,64,65536,0,256,3356,0,0.204833984375,0.0,horizon,89.96439480781555
copying,combined-no-decay,best,64,98304,0,256,3234,0,0.1973876953125,0.0,horizon,142.38855290412903
copying,combined-no-decay,best,64,131072,0,256,3258,0,0.1988525390625,0.0,horizon,303.98391222953796
copying,combined-no-decay,best,10,16,7,256,2504,204,0.978125,0.796875,prefix,0.0645906925201416
copying,combined-no-decay,best,10,16,15,256,2500,203,0.9765625,0.79296875,prefix,0.06270003318786621
copying,combined-no-decay,best,10,16,63,256,2500,204,0.9765625,0.796875,prefix,0.08437442779541016
copying,combined-no-decay,best,10,64,7,256,2485,195,0.970703125,0.76171875,prefix,0.08202481269836426
copying,combined-no-decay,best,10,64,15,256,2487,192,0.971484375,0.75,prefix,0.08873772621154785
copying,combined-no-decay,best,10,64,63,256,2472,185,0.965625,0.72265625,prefix,0.11604619026184082
copying,combined-no-decay,best,10,256,7,256,2435,153,0.951171875,0.59765625,prefix,0.26465487480163574
copying,combined-no-decay,best,10,256,15,256,2397,134,0.936328125,0.5234375,prefix,0.27137207984924316
copying,combined-no-decay,best,10,256,63,256,2114,31,0.82578125,0.12109375,prefix,0.29187893867492676
copying,combined-no-decay,best,10,2048,7,256,2014,17,0.78671875,0.06640625,prefix,2.2567875385284424
copying,combined-no-decay,best,10,2048,15,256,2194,55,0.85703125,0.21484375,prefix,2.2529826164245605
copying,combined-no-decay,best,10,2048,63,256,1968,23,0.76875,0.08984375,prefix,2.2854115962982178
copying,combined-no-decay,best,16,16,7,256,3462,10,0.84521484375,0.0390625,prefix,0.06533598899841309
copying,combined-no-decay,best,16,16,15,256,3559,19,0.868896484375,0.07421875,prefix,0.0656132698059082
copying,combined-no-decay,best,16,16,63,256,3560,17,0.869140625,0.06640625,prefix,0.08329606056213379
copying,combined-no-decay,best,16,64,7,256,3381,6,0.825439453125,0.0234375,prefix,0.0830221176147461
copying,combined-no-decay,best,16,64,15,256,3423,8,0.835693359375,0.03125,prefix,0.08518052101135254
copying,combined-no-decay,best,16,64,63,256,3340,5,0.8154296875,0.01953125,prefix,0.11713695526123047
copying,combined-no-decay,best,16,256,7,256,3085,0,0.753173828125,0.0,prefix,0.26190781593322754
copying,combined-no-decay,best,16,256,15,256,3101,0,0.757080078125,0.0,prefix,0.2978334426879883
copying,combined-no-decay,best,16,256,63,256,2767,1,0.675537109375,0.00390625,prefix,0.3046844005584717
copying,combined-no-decay,best,16,2048,7,256,2537,0,0.619384765625,0.0,prefix,2.2608108520507812
copying,combined-no-decay,best,16,2048,15,256,2596,0,0.6337890625,0.0,prefix,2.2611703872680664
copying,combined-no-decay,best,16,2048,63,256,2399,0,0.585693359375,0.0,prefix,2.3156542778015137
copying,combined-no-decay,best,32,16,7,256,4355,0,0.5316162109375,0.0,prefix,0.08400321006774902
copying,combined-no-decay,best,32,16,15,256,4357,0,0.5318603515625,0.0,prefix,0.08200287818908691
copying,combined-no-decay,best,32,16,63,256,4557,0,0.5562744140625,0.0,prefix,0.09922122955322266
copying,combined-no-decay,best,32,64,7,256,4269,0,0.5211181640625,0.0,prefix,0.10468602180480957
copying,combined-no-decay,best,32,64,15,256,4368,0,0.533203125,0.0,prefix,0.10752463340759277
copying,combined-no-decay,best,32,64,63,256,4248,0,0.5185546875,0.0,prefix,0.15019631385803223
copying,combined-no-decay,best,32,256,7,256,4013,0,0.4898681640625,0.0,prefix,0.3034374713897705
copying,combined-no-decay,best,32,256,15,256,3964,0,0.48388671875,0.0,prefix,0.298891544342041
copying,combined-no-decay,best,32,256,63,256,3495,0,0.4266357421875,0.0,prefix,0.33698439598083496
copying,combined-no-decay,best,32,2048,7,256,3277,0,0.4000244140625,0.0,prefix,2.3028390407562256
copying,combined-no-decay,best,32,2048,15,256,3451,0,0.4212646484375,0.0,prefix,2.2910709381103516
copying,combined-no-decay,best,32,2048,63,256,3208,0,0.3916015625,0.0,prefix,2.3494904041290283
copying,combined-no-decay,best,64,16,7,256,5658,0,0.3453369140625,0.0,prefix,0.1122584342956543
copying,combined-no-decay,best,64,16,15,256,5985,0,0.36529541015625,0.0,prefix,0.12186837196350098
copying,combined-no-decay,best,64,16,63,256,5586,0,0.3409423828125,0.0,prefix,0.16385364532470703
copying,combined-no-decay,best,64,64,7,256,5414,0,0.3304443359375,0.0,prefix,0.15494489669799805
copying,combined-no-decay,best,64,64,15,256,5554,0,0.3389892578125,0.0,prefix,0.16423559188842773
copying,combined-no-decay,best,64,64,63,256,5712,0,0.3486328125,0.0,prefix,0.20325875282287598
copying,combined-no-decay,best,64,256,7,256,5157,0,0.31475830078125,0.0,prefix,0.34899306297302246
copying,combined-no-decay,best,64,256,15,256,5311,0,0.32415771484375,0.0,prefix,0.3658783435821533
copying,combined-no-decay,best,64,256,63,256,4863,0,0.29681396484375,0.0,prefix,0.4103720188140869
copying,combined-no-decay,best,64,2048,7,256,4437,0,0.27081298828125,0.0,prefix,2.363933801651001
copying,combined-no-decay,best,64,2048,15,256,4682,0,0.2857666015625,0.0,prefix,2.3739302158355713
copying,combined-no-decay,best,64,2048,63,256,4413,0,0.26934814453125,0.0,prefix,2.4183576107025146
copying,combined-no-decay,best,128,16,0,256,7933,0,0.242095947265625,0.0,unseen-memory,0.23157525062561035
copying,combined-no-decay,best,128,16,15,256,7929,0,0.241973876953125,0.0,unseen-memory,0.2614786624908447
copying,combined-no-decay,best,128,64,0,256,7816,0,0.238525390625,0.0,unseen-memory,0.28493523597717285
copying,combined-no-decay,best,128,64,15,256,8081,0,0.246612548828125,0.0,unseen-memory,0.3019983768463135
copying,combined-no-decay,best,128,256,0,256,7332,0,0.2237548828125,0.0,unseen-memory,0.47579455375671387
copying,combined-no-decay,best,128,256,15,256,7502,0,0.22894287109375,0.0,unseen-memory,0.49267578125
copying,combined-no-decay,best,128,2048,0,256,6522,0,0.19903564453125,0.0,unseen-memory,2.4836525917053223
copying,combined-no-decay,best,128,2048,15,256,6911,0,0.210906982421875,0.0,unseen-memory,2.5108680725097656
copying,combined-no-decay,final,10,1,0,256,2476,182,0.9671875,0.7109375,horizon,0.6406002044677734
copying,combined-no-decay,final,10,2,0,256,2497,199,0.975390625,0.77734375,horizon,0.0634613037109375
copying,combined-no-decay,final,10,3,0,256,2496,202,0.975,0.7890625,horizon,0.06905436515808105
copying,combined-no-decay,final,10,4,0,256,2498,201,0.97578125,0.78515625,horizon,0.06920170783996582
copying,combined-no-decay,final,10,5,0,256,2504,204,0.978125,0.796875,horizon,0.0660562515258789
copying,combined-no-decay,final,10,6,0,256,2498,201,0.97578125,0.78515625,horizon,0.06446957588195801
copying,combined-no-decay,final,10,7,0,256,2514,215,0.98203125,0.83984375,horizon,0.06162858009338379
copying,combined-no-decay,final,10,8,0,256,2512,210,0.98125,0.8203125,horizon,0.061580657958984375
copying,combined-no-decay,final,10,9,0,256,2499,200,0.976171875,0.78125,horizon,0.061737775802612305
copying,combined-no-decay,final,10,10,0,256,2511,211,0.980859375,0.82421875,horizon,0.0592954158782959
copying,combined-no-decay,final,10,11,0,256,2507,209,0.979296875,0.81640625,horizon,0.058153390884399414
copying,combined-no-decay,final,10,12,0,256,2508,211,0.9796875,0.82421875,horizon,0.05923867225646973
copying,combined-no-decay,final,10,13,0,256,2517,217,0.983203125,0.84765625,horizon,0.06242084503173828
copying,combined-no-decay,final,10,14,0,256,2498,200,0.97578125,0.78125,horizon,0.05973553657531738
copying,combined-no-decay,final,10,16,0,256,2492,198,0.9734375,0.7734375,horizon,0.06302857398986816
copying,combined-no-decay,final,10,24,0,256,2498,204,0.97578125,0.796875,horizon,0.061418771743774414
copying,combined-no-decay,final,10,32,0,256,2517,215,0.983203125,0.83984375,horizon,0.0628364086151123
copying,combined-no-decay,final,10,48,0,256,2517,216,0.983203125,0.84375,horizon,0.07810163497924805
copying,combined-no-decay,final,10,64,0,256,2489,193,0.972265625,0.75390625,horizon,0.0807032585144043
copying,combined-no-decay,final,10,96,0,256,2505,207,0.978515625,0.80859375,horizon,0.08591866493225098
copying,combined-no-decay,final,10,128,0,256,2492,195,0.9734375,0.76171875,horizon,0.10468268394470215
copying,combined-no-decay,final,10,192,0,256,2486,193,0.97109375,0.75390625,horizon,0.15363597869873047
copying,combined-no-decay,final,10,256,0,256,2379,121,0.929296875,0.47265625,horizon,0.25573182106018066
copying,combined-no-decay,final,10,384,0,256,2377,121,0.928515625,0.47265625,horizon,0.38524460792541504
copying,combined-no-decay,final,10,512,0,256,2389,136,0.933203125,0.53125,horizon,0.4673116207122803
copying,combined-no-decay,final,10,768,0,256,2383,126,0.930859375,0.4921875,horizon,0.7461750507354736
copying,combined-no-decay,final,10,1024,0,256,1946,19,0.76015625,0.07421875,horizon,1.098616361618042
copying,combined-no-decay,final,10,1536,0,256,1889,16,0.737890625,0.0625,horizon,1.6510989665985107
copying,combined-no-decay,final,10,2048,0,256,1874,11,0.73203125,0.04296875,horizon,2.1928064823150635
copying,combined-no-decay,final,10,3072,0,256,1912,15,0.746875,0.05859375,horizon,3.3553214073181152
copying,combined-no-decay,final,10,4096,0,256,1324,2,0.5171875,0.0078125,horizon,4.947410345077515
copying,combined-no-decay,final,10,6144,0,256,1346,1,0.52578125,0.00390625,horizon,7.318373918533325
copying,combined-no-decay,final,10,8192,0,256,1358,0,0.53046875,0.0,horizon,9.74419093132019
copying,combined-no-decay,final,10,12288,0,256,1287,0,0.502734375,0.0,horizon,14.556638240814209
copying,combined-no-decay,final,10,16384,0,256,1211,0,0.473046875,0.0,horizon,20.104820489883423
copying,combined-no-decay,final,10,24576,0,256,1191,0,0.465234375,0.0,horizon,30.848325729370117
copying,combined-no-decay,final,10,32768,0,256,1192,0,0.465625,0.0,horizon,42.29458951950073
copying,combined-no-decay,final,10,49152,0,256,1189,0,0.464453125,0.0,horizon,64.71327781677246
copying,combined-no-decay,final,10,65536,0,256,1165,0,0.455078125,0.0,horizon,87.9134624004364
copying,combined-no-decay,final,10,98304,0,256,1142,0,0.44609375,0.0,horizon,139.10413455963135
copying,combined-no-decay,final,10,131072,0,256,1157,0,0.451953125,0.0,horizon,311.14646100997925
copying,combined-no-decay,final,16,1,0,256,3471,16,0.847412109375,0.0625,horizon,0.0640408992767334
copying,combined-no-decay,final,16,2,0,256,3544,12,0.865234375,0.046875,horizon,0.06380391120910645
copying,combined-no-decay,final,16,3,0,256,3434,7,0.83837890625,0.02734375,horizon,0.06775379180908203
copying,combined-no-decay,final,16,4,0,256,3394,5,0.82861328125,0.01953125,horizon,0.06365251541137695
copying,combined-no-decay,final,16,5,0,256,3517,9,0.858642578125,0.03515625,horizon,0.06619429588317871
copying,combined-no-decay,final,16,6,0,256,3509,16,0.856689453125,0.0625,horizon,0.06522703170776367
copying,combined-no-decay,final,16,7,0,256,3511,10,0.857177734375,0.0390625,horizon,0.06335306167602539
copying,combined-no-decay,final,16,8,0,256,3536,12,0.86328125,0.046875,horizon,0.06192922592163086
copying,combined-no-decay,final,16,9,0,256,3558,25,0.86865234375,0.09765625,horizon,0.06517910957336426
copying,combined-no-decay,final,16,10,0,256,3601,24,0.879150390625,0.09375,horizon,0.06679630279541016
copying,combined-no-decay,final,16,11,0,256,3616,24,0.8828125,0.09375,horizon,0.06563115119934082
copying,combined-no-decay,final,16,12,0,256,3572,24,0.8720703125,0.09375,horizon,0.06531620025634766
copying,combined-no-decay,final,16,13,0,256,3555,20,0.867919921875,0.078125,horizon,0.06783437728881836
copying,combined-no-decay,final,16,14,0,256,3602,23,0.87939453125,0.08984375,horizon,0.06576895713806152
copying,combined-no-decay,final,16,16,0,256,3499,11,0.854248046875,0.04296875,horizon,0.06208229064941406
copying,combined-no-decay,final,16,24,0,256,3510,16,0.85693359375,0.0625,horizon,0.06454873085021973
copying,combined-no-decay,final,16,32,0,256,3502,13,0.85498046875,0.05078125,horizon,0.07882118225097656
copying,combined-no-decay,final,16,48,0,256,3282,1,0.80126953125,0.00390625,horizon,0.07940173149108887
copying,combined-no-decay,final,16,64,0,256,3372,6,0.8232421875,0.0234375,horizon,0.08037137985229492
copying,combined-no-decay,final,16,96,0,256,3410,9,0.83251953125,0.03515625,horizon,0.09211301803588867
copying,combined-no-decay,final,16,128,0,256,3393,6,0.828369140625,0.0234375,horizon,0.1246805191040039
copying,combined-no-decay,final,16,192,0,256,3358,1,0.81982421875,0.00390625,horizon,0.17348384857177734
copying,combined-no-decay,final,16,256,0,256,3024,0,0.73828125,0.0,horizon,0.2638978958129883
copying,combined-no-decay,final,16,384,0,256,3028,1,0.7392578125,0.00390625,horizon,0.35834550857543945
copying,combined-no-decay,final,16,512,0,256,3008,0,0.734375,0.0,horizon,0.5056264400482178
copying,combined-no-decay,final,16,768,0,256,3023,0,0.738037109375,0.0,horizon,0.7309067249298096
copying,combined-no-decay,final,16,1024,0,256,2366,0,0.57763671875,0.0,horizon,1.1028268337249756
copying,combined-no-decay,final,16,1536,0,256,2333,0,0.569580078125,0.0,horizon,1.6251015663146973
copying,combined-no-decay,final,16,2048,0,256,2335,0,0.570068359375,0.0,horizon,2.1763997077941895
copying,combined-no-decay,final,16,3072,0,256,2410,0,0.58837890625,0.0,horizon,3.2975778579711914
copying,combined-no-decay,final,16,4096,0,256,1768,0,0.431640625,0.0,horizon,4.870778799057007
copying,combined-no-decay,final,16,6144,0,256,1770,0,0.43212890625,0.0,horizon,7.2020485401153564
copying,combined-no-decay,final,16,8192,0,256,1696,0,0.4140625,0.0,horizon,9.598897695541382
copying,combined-no-decay,final,16,12288,0,256,1675,0,0.408935546875,0.0,horizon,14.291285037994385
copying,combined-no-decay,final,16,16384,0,256,1504,0,0.3671875,0.0,horizon,19.70708203315735
copying,combined-no-decay,final,16,24576,0,256,1535,0,0.374755859375,0.0,horizon,30.234639406204224
copying,combined-no-decay,final,16,32768,0,256,1484,0,0.3623046875,0.0,horizon,41.44542908668518
copying,combined-no-decay,final,16,49152,0,256,1438,0,0.35107421875,0.0,horizon,63.45515775680542
copying,combined-no-decay,final,16,65536,0,256,1430,0,0.34912109375,0.0,horizon,87.80197191238403
copying,combined-no-decay,final,16,98304,0,256,1497,0,0.365478515625,0.0,horizon,138.95710802078247
copying,combined-no-decay,final,16,131072,0,256,1401,0,0.342041015625,0.0,horizon,307.677761554718
copying,combined-no-decay,final,32,1,0,256,4854,0,0.592529296875,0.0,horizon,0.07862448692321777
copying,combined-no-decay,final,32,2,0,256,4756,0,0.58056640625,0.0,horizon,0.08198356628417969
copying,combined-no-decay,final,32,3,0,256,4673,0,0.5704345703125,0.0,horizon,0.07915616035461426
copying,combined-no-decay,final,32,4,0,256,4742,0,0.578857421875,0.0,horizon,0.08381128311157227
copying,combined-no-decay,final,32,5,0,256,4748,0,0.57958984375,0.0,horizon,0.08112978935241699
copying,combined-no-decay,final,32,6,0,256,4702,0,0.573974609375,0.0,horizon,0.08148670196533203
copying,combined-no-decay,final,32,7,0,256,4580,0,0.55908203125,0.0,horizon,0.081939697265625
copying,combined-no-decay,final,32,8,0,256,4431,0,0.5408935546875,0.0,horizon,0.08019447326660156
copying,combined-no-decay,final,32,9,0,256,4604,0,0.56201171875,0.0,horizon,0.08265972137451172
copying,combined-no-decay,final,32,10,0,256,4725,0,0.5767822265625,0.0,horizon,0.08237409591674805
copying,combined-no-decay,final,32,11,0,256,4706,0,0.574462890625,0.0,horizon,0.08343648910522461
copying,combined-no-decay,final,32,12,0,256,4562,0,0.556884765625,0.0,horizon,0.08725309371948242
copying,combined-no-decay,final,32,13,0,256,4488,0,0.5478515625,0.0,horizon,0.08525943756103516
copying,combined-no-decay,final,32,14,0,256,4574,0,0.558349609375,0.0,horizon,0.08615255355834961
copying,combined-no-decay,final,32,16,0,256,4645,0,0.5670166015625,0.0,horizon,0.08052182197570801
copying,combined-no-decay,final,32,24,0,256,4210,0,0.513916015625,0.0,horizon,0.0819706916809082
copying,combined-no-decay,final,32,32,0,256,4278,0,0.522216796875,0.0,horizon,0.08182239532470703
copying,combined-no-decay,final,32,48,0,256,4310,0,0.526123046875,0.0,horizon,0.08426117897033691
copying,combined-no-decay,final,32,64,0,256,4264,0,0.5205078125,0.0,horizon,0.10510444641113281
copying,combined-no-decay,final,32,96,0,256,4281,0,0.5225830078125,0.0,horizon,0.12378883361816406
copying,combined-no-decay,final,32,128,0,256,4325,0,0.5279541015625,0.0,horizon,0.154496431350708
copying,combined-no-decay,final,32,192,0,256,4306,0,0.525634765625,0.0,horizon,0.22405457496643066
copying,combined-no-decay,final,32,256,0,256,3766,0,0.459716796875,0.0,horizon,0.26755809783935547
copying,combined-no-decay,final,32,384,0,256,3883,0,0.4739990234375,0.0,horizon,0.4071483612060547
copying,combined-no-decay,final,32,512,0,256,3818,0,0.466064453125,0.0,horizon,0.5287010669708252
copying,combined-no-decay,final,32,768,0,256,3831,0,0.4676513671875,0.0,horizon,0.7715160846710205
copying,combined-no-decay,final,32,1024,0,256,3045,0,0.3717041015625,0.0,horizon,1.131643295288086
copying,combined-no-decay,final,32,1536,0,256,3104,0,0.37890625,0.0,horizon,1.6707091331481934
copying,combined-no-decay,final,32,2048,0,256,3042,0,0.371337890625,0.0,horizon,2.2068521976470947
copying,combined-no-decay,final,32,3072,0,256,3118,0,0.380615234375,0.0,horizon,3.363818407058716
copying,combined-no-decay,final,32,4096,0,256,2458,0,0.300048828125,0.0,horizon,4.9021971225738525
copying,combined-no-decay,final,32,6144,0,256,2457,0,0.2999267578125,0.0,horizon,7.2814366817474365
copying,combined-no-decay,final,32,8192,0,256,2372,0,0.28955078125,0.0,horizon,9.666802883148193
copying,combined-no-decay,final,32,12288,0,256,2406,0,0.293701171875,0.0,horizon,14.382331609725952
copying,combined-no-decay,final,32,16384,0,256,2174,0,0.265380859375,0.0,horizon,19.805124759674072
copying,combined-no-decay,final,32,24576,0,256,2173,0,0.2652587890625,0.0,horizon,30.371896266937256
copying,combined-no-decay,final,32,32768,0,256,2209,0,0.2696533203125,0.0,horizon,41.57208180427551
copying,combined-no-decay,final,32,49152,0,256,2154,0,0.262939453125,0.0,horizon,63.416969537734985
copying,combined-no-decay,final,32,65536,0,256,2155,0,0.2630615234375,0.0,horizon,87.97661066055298
copying,combined-no-decay,final,32,98304,0,256,2116,0,0.25830078125,0.0,horizon,139.45003461837769
copying,combined-no-decay,final,32,131072,0,256,1998,0,0.243896484375,0.0,horizon,301.2140443325043
copying,combined-no-decay,final,64,1,0,256,5568,0,0.33984375,0.0,horizon,0.0964505672454834
copying,combined-no-decay,final,64,2,0,256,5718,0,0.3489990234375,0.0,horizon,0.10360407829284668
copying,combined-no-decay,final,64,3,0,256,5680,0,0.3466796875,0.0,horizon,0.09532713890075684
copying,combined-no-decay,final,64,4,0,256,5726,0,0.3494873046875,0.0,horizon,0.09977388381958008
copying,combined-no-decay,final,64,5,0,256,5760,0,0.3515625,0.0,horizon,0.10206294059753418
copying,combined-no-decay,final,64,6,0,256,5699,0,0.34783935546875,0.0,horizon,0.10686969757080078
copying,combined-no-decay,final,64,7,0,256,5705,0,0.34820556640625,0.0,horizon,0.10728979110717773
copying,combined-no-decay,final,64,8,0,256,5659,0,0.34539794921875,0.0,horizon,0.10090446472167969
copying,combined-no-decay,final,64,9,0,256,5692,0,0.347412109375,0.0,horizon,0.11040353775024414
copying,combined-no-decay,final,64,10,0,256,5627,0,0.34344482421875,0.0,horizon,0.10081362724304199
copying,combined-no-decay,final,64,11,0,256,5736,0,0.35009765625,0.0,horizon,0.10297060012817383
copying,combined-no-decay,final,64,12,0,256,5661,0,0.34552001953125,0.0,horizon,0.10277271270751953
copying,combined-no-decay,final,64,13,0,256,5700,0,0.347900390625,0.0,horizon,0.10776400566101074
copying,combined-no-decay,final,64,14,0,256,5621,0,0.34307861328125,0.0,horizon,0.10614395141601562
copying,combined-no-decay,final,64,16,0,256,5657,0,0.34527587890625,0.0,horizon,0.11388802528381348
copying,combined-no-decay,final,64,24,0,256,5525,0,0.33721923828125,0.0,horizon,0.11618852615356445
copying,combined-no-decay,final,64,32,0,256,5665,0,0.34576416015625,0.0,horizon,0.12294483184814453
copying,combined-no-decay,final,64,48,0,256,5686,0,0.3470458984375,0.0,horizon,0.13421320915222168
copying,combined-no-decay,final,64,64,0,256,5690,0,0.3472900390625,0.0,horizon,0.1442704200744629
copying,combined-no-decay,final,64,96,0,256,5756,0,0.351318359375,0.0,horizon,0.1681835651397705
copying,combined-no-decay,final,64,128,0,256,5803,0,0.35418701171875,0.0,horizon,0.22356128692626953
copying,combined-no-decay,final,64,192,0,256,4829,0,0.29473876953125,0.0,horizon,0.2828998565673828
copying,combined-no-decay,final,64,256,0,256,5076,0,0.309814453125,0.0,horizon,0.33332252502441406
copying,combined-no-decay,final,64,384,0,256,5020,0,0.306396484375,0.0,horizon,0.46683287620544434
copying,combined-no-decay,final,64,512,0,256,5141,0,0.31378173828125,0.0,horizon,0.587045431137085
copying,combined-no-decay,final,64,768,0,256,5139,0,0.31365966796875,0.0,horizon,0.8258364200592041
copying,combined-no-decay,final,64,1024,0,256,4251,0,0.25946044921875,0.0,horizon,1.2020189762115479
copying,combined-no-decay,final,64,1536,0,256,4382,0,0.2674560546875,0.0,horizon,1.7356014251708984
copying,combined-no-decay,final,64,2048,0,256,4267,0,0.26043701171875,0.0,horizon,2.281705379486084
copying,combined-no-decay,final,64,3072,0,256,4265,0,0.26031494140625,0.0,horizon,3.4367735385894775
copying,combined-no-decay,final,64,4096,0,256,3708,0,0.226318359375,0.0,horizon,4.980517864227295
copying,combined-no-decay,final,64,6144,0,256,3635,0,0.22186279296875,0.0,horizon,7.352067470550537
copying,combined-no-decay,final,64,8192,0,256,3586,0,0.2188720703125,0.0,horizon,9.738378047943115
copying,combined-no-decay,final,64,12288,0,256,3618,0,0.2208251953125,0.0,horizon,14.467979192733765
copying,combined-no-decay,final,64,16384,0,256,3445,0,0.21026611328125,0.0,horizon,19.902151823043823
copying,combined-no-decay,final,64,24576,0,256,3330,0,0.2032470703125,0.0,horizon,30.48756241798401
copying,combined-no-decay,final,64,32768,0,256,3285,0,0.20050048828125,0.0,horizon,41.66948342323303
copying,combined-no-decay,final,64,49152,0,256,3262,0,0.1990966796875,0.0,horizon,63.604050397872925
copying,combined-no-decay,final,64,65536,0,256,3356,0,0.204833984375,0.0,horizon,88.01125526428223
copying,combined-no-decay,final,64,98304,0,256,3234,0,0.1973876953125,0.0,horizon,139.2912974357605
copying,combined-no-decay,final,64,131072,0,256,3258,0,0.1988525390625,0.0,horizon,302.534982919693
copying,combined-no-decay,final,10,16,7,256,2504,204,0.978125,0.796875,prefix,0.0584409236907959
copying,combined-no-decay,final,10,16,15,256,2500,203,0.9765625,0.79296875,prefix,0.059999942779541016
copying,combined-no-decay,final,10,16,63,256,2500,204,0.9765625,0.796875,prefix,0.07934093475341797
copying,combined-no-decay,final,10,64,7,256,2485,195,0.970703125,0.76171875,prefix,0.08116960525512695
copying,combined-no-decay,final,10,64,15,256,2487,192,0.971484375,0.75,prefix,0.08098840713500977
copying,combined-no-decay,final,10,64,63,256,2472,185,0.965625,0.72265625,prefix,0.11579680442810059
copying,combined-no-decay,final,10,256,7,256,2435,153,0.951171875,0.59765625,prefix,0.25835585594177246
copying,combined-no-decay,final,10,256,15,256,2397,134,0.936328125,0.5234375,prefix,0.2737610340118408
copying,combined-no-decay,final,10,256,63,256,2114,31,0.82578125,0.12109375,prefix,0.28427648544311523
copying,combined-no-decay,final,10,2048,7,256,2014,17,0.78671875,0.06640625,prefix,2.2166521549224854
copying,combined-no-decay,final,10,2048,15,256,2194,55,0.85703125,0.21484375,prefix,2.211294412612915
copying,combined-no-decay,final,10,2048,63,256,1968,23,0.76875,0.08984375,prefix,2.263607978820801
copying,combined-no-decay,final,16,16,7,256,3462,10,0.84521484375,0.0390625,prefix,0.0619816780090332
copying,combined-no-decay,final,16,16,15,256,3559,19,0.868896484375,0.07421875,prefix,0.06405997276306152
copying,combined-no-decay,final,16,16,63,256,3560,17,0.869140625,0.06640625,prefix,0.08138275146484375
copying,combined-no-decay,final,16,64,7,256,3381,6,0.825439453125,0.0234375,prefix,0.07838630676269531
copying,combined-no-decay,final,16,64,15,256,3423,8,0.835693359375,0.03125,prefix,0.08092904090881348
copying,combined-no-decay,final,16,64,63,256,3340,5,0.8154296875,0.01953125,prefix,0.11570072174072266
copying,combined-no-decay,final,16,256,7,256,3085,0,0.753173828125,0.0,prefix,0.2597353458404541
copying,combined-no-decay,final,16,256,15,256,3101,0,0.757080078125,0.0,prefix,0.2914249897003174
copying,combined-no-decay,final,16,256,63,256,2767,1,0.675537109375,0.00390625,prefix,0.29796886444091797
copying,combined-no-decay,final,16,2048,7,256,2537,0,0.619384765625,0.0,prefix,2.2245752811431885
copying,combined-no-decay,final,16,2048,15,256,2596,0,0.6337890625,0.0,prefix,2.2304277420043945
copying,combined-no-decay,final,16,2048,63,256,2399,0,0.585693359375,0.0,prefix,2.287809371948242
copying,combined-no-decay,final,32,16,7,256,4355,0,0.5316162109375,0.0,prefix,0.07872939109802246
copying,combined-no-decay,final,32,16,15,256,4357,0,0.5318603515625,0.0,prefix,0.07835936546325684
copying,combined-no-decay,final,32,16,63,256,4557,0,0.5562744140625,0.0,prefix,0.10019755363464355
copying,combined-no-decay,final,32,64,7,256,4269,0,0.5211181640625,0.0,prefix,0.10115838050842285
copying,combined-no-decay,final,32,64,15,256,4368,0,0.533203125,0.0,prefix,0.10436725616455078
copying,combined-no-decay,final,32,64,63,256,4248,0,0.5185546875,0.0,prefix,0.14741992950439453
copying,combined-no-decay,final,32,256,7,256,4013,0,0.4898681640625,0.0,prefix,0.29831647872924805
copying,combined-no-decay,final,32,256,15,256,3964,0,0.48388671875,0.0,prefix,0.30072641372680664
copying,combined-no-decay,final,32,256,63,256,3495,0,0.4266357421875,0.0,prefix,0.3304286003112793
copying,combined-no-decay,final,32,2048,7,256,3277,0,0.4000244140625,0.0,prefix,2.271602153778076
copying,combined-no-decay,final,32,2048,15,256,3451,0,0.4212646484375,0.0,prefix,2.2616126537323
copying,combined-no-decay,final,32,2048,63,256,3208,0,0.3916015625,0.0,prefix,2.3178672790527344
copying,combined-no-decay,final,64,16,7,256,5658,0,0.3453369140625,0.0,prefix,0.11359429359436035
copying,combined-no-decay,final,64,16,15,256,5985,0,0.36529541015625,0.0,prefix,0.11667847633361816
copying,combined-no-decay,final,64,16,63,256,5586,0,0.3409423828125,0.0,prefix,0.15305662155151367
copying,combined-no-decay,final,64,64,7,256,5414,0,0.3304443359375,0.0,prefix,0.15160012245178223
copying,combined-no-decay,final,64,64,15,256,5554,0,0.3389892578125,0.0,prefix,0.16296148300170898
copying,combined-no-decay,final,64,64,63,256,5712,0,0.3486328125,0.0,prefix,0.20403480529785156
copying,combined-no-decay,final,64,256,7,256,5157,0,0.31475830078125,0.0,prefix,0.3421931266784668
copying,combined-no-decay,final,64,256,15,256,5311,0,0.32415771484375,0.0,prefix,0.3515489101409912
copying,combined-no-decay,final,64,256,63,256,4863,0,0.29681396484375,0.0,prefix,0.41237831115722656
copying,combined-no-decay,final,64,2048,7,256,4437,0,0.27081298828125,0.0,prefix,2.32443904876709
copying,combined-no-decay,final,64,2048,15,256,4682,0,0.2857666015625,0.0,prefix,2.3172616958618164
copying,combined-no-decay,final,64,2048,63,256,4413,0,0.26934814453125,0.0,prefix,2.3847129344940186
copying,combined-no-decay,final,128,16,0,256,7933,0,0.242095947265625,0.0,unseen-memory,0.229262113571167
copying,combined-no-decay,final,128,16,15,256,7929,0,0.241973876953125,0.0,unseen-memory,0.2574958801269531
copying,combined-no-decay,final,128,64,0,256,7816,0,0.238525390625,0.0,unseen-memory,0.2809286117553711
copying,combined-no-decay,final,128,64,15,256,8081,0,0.246612548828125,0.0,unseen-memory,0.29593920707702637
copying,combined-no-decay,final,128,256,0,256,7332,0,0.2237548828125,0.0,unseen-memory,0.4679272174835205
copying,combined-no-decay,final,128,256,15,256,7502,0,0.22894287109375,0.0,unseen-memory,0.4885263442993164
copying,combined-no-decay,final,128,2048,0,256,6522,0,0.19903564453125,0.0,unseen-memory,2.4425201416015625
copying,combined-no-decay,final,128,2048,15,256,6911,0,0.210906982421875,0.0,unseen-memory,2.47184419631958
selective-copying,none,best,10,1,0,256,1624,0,0.634375,0.0,horizon,0.6214687824249268
selective-copying,none,best,10,2,0,256,1544,0,0.603125,0.0,horizon,0.037802696228027344
selective-copying,none,best,10,3,0,256,1459,0,0.569921875,0.0,horizon,0.0389561653137207
selective-copying,none,best,10,4,0,256,1354,0,0.52890625,0.0,horizon,0.036890506744384766
selective-copying,none,best,10,5,0,256,1177,0,0.459765625,0.0,horizon,0.0389857292175293
selective-copying,none,best,10,6,0,256,1186,0,0.46328125,0.0,horizon,0.039472103118896484
selective-copying,none,best,10,7,0,256,1234,0,0.48203125,0.0,horizon,0.03974008560180664
selective-copying,none,best,10,8,0,256,1576,0,0.615625,0.0,horizon,0.038869619369506836
selective-copying,none,best,10,9,0,256,1455,0,0.568359375,0.0,horizon,0.03957700729370117
selective-copying,none,best,10,10,0,256,1420,0,0.5546875,0.0,horizon,0.03782916069030762
selective-copying,none,best,10,11,0,256,1363,0,0.532421875,0.0,horizon,0.03987550735473633
selective-copying,none,best,10,12,0,256,1453,1,0.567578125,0.00390625,horizon,0.03744363784790039
selective-copying,none,best,10,13,0,256,1458,0,0.56953125,0.0,horizon,0.03762936592102051
selective-copying,none,best,10,14,0,256,1414,0,0.55234375,0.0,horizon,0.03829312324523926
selective-copying,none,best,10,16,0,256,1603,0,0.626171875,0.0,horizon,0.03628373146057129
selective-copying,none,best,10,24,0,256,1495,0,0.583984375,0.0,horizon,0.03781437873840332
selective-copying,none,best,10,32,0,256,1499,0,0.585546875,0.0,horizon,0.03868746757507324
selective-copying,none,best,10,48,0,256,1390,0,0.54296875,0.0,horizon,0.048087120056152344
selective-copying,none,best,10,64,0,256,1437,0,0.561328125,0.0,horizon,0.04980945587158203
selective-copying,none,best,10,96,0,256,1497,0,0.584765625,0.0,horizon,0.050589561462402344
selective-copying,none,best,10,128,0,256,1484,1,0.5796875,0.00390625,horizon,0.05864286422729492
selective-copying,none,best,10,192,0,256,1376,0,0.5375,0.0,horizon,0.08259248733520508
selective-copying,none,best,10,256,0,256,1402,0,0.54765625,0.0,horizon,0.12419486045837402
selective-copying,none,best,10,384,0,256,1427,0,0.557421875,0.0,horizon,0.18271112442016602
selective-copying,none,best,10,512,0,256,1386,0,0.54140625,0.0,horizon,0.2755920886993408
selective-copying,none,best,10,768,0,256,1367,0,0.533984375,0.0,horizon,0.376145601272583
selective-copying,none,best,10,1024,0,256,1306,0,0.51015625,0.0,horizon,0.5435938835144043
selective-copying,none,best,10,1536,0,256,1282,0,0.50078125,0.0,horizon,0.8250634670257568
selective-copying,none,best,10,2048,0,256,1253,0,0.489453125,0.0,horizon,1.1221449375152588
selective-copying,none,best,10,3072,0,256,1213,0,0.473828125,0.0,horizon,1.6786084175109863
selective-copying,none,best,10,4096,0,256,1039,0,0.405859375,0.0,horizon,2.469322681427002
selective-copying,none,best,10,6144,0,256,1070,0,0.41796875,0.0,horizon,3.6554956436157227
selective-copying,none,best,10,8192,0,256,1015,0,0.396484375,0.0,horizon,4.887893438339233
selective-copying,none,best,10,12288,0,256,947,0,0.369921875,0.0,horizon,7.308232545852661
selective-copying,none,best,10,16384,0,256,735,0,0.287109375,0.0,horizon,10.029453039169312
selective-copying,none,best,10,24576,0,256,729,0,0.284765625,0.0,horizon,15.327780723571777
selective-copying,none,best,10,32768,0,256,678,0,0.26484375,0.0,horizon,20.98297619819641
selective-copying,none,best,10,49152,0,256,687,0,0.268359375,0.0,horizon,31.663514137268066
selective-copying,none,best,10,65536,0,256,555,0,0.216796875,0.0,horizon,43.32048940658569
selective-copying,none,best,10,98304,0,256,513,0,0.200390625,0.0,horizon,66.70225048065186
selective-copying,none,best,10,131072,0,256,539,0,0.210546875,0.0,horizon,166.86482286453247
selective-copying,none,best,16,1,0,256,1571,0,0.383544921875,0.0,horizon,0.03888535499572754
selective-copying,none,best,16,2,0,256,1968,0,0.48046875,0.0,horizon,0.03714275360107422
selective-copying,none,best,16,3,0,256,1948,0,0.4755859375,0.0,horizon,0.03784632682800293
selective-copying,none,best,16,4,0,256,1950,0,0.47607421875,0.0,horizon,0.0371403694152832
selective-copying,none,best,16,5,0,256,1860,0,0.4541015625,0.0,horizon,0.03726387023925781
selective-copying,none,best,16,6,0,256,2011,0,0.490966796875,0.0,horizon,0.03695225715637207
selective-copying,none,best,16,7,0,256,1976,0,0.482421875,0.0,horizon,0.03699088096618652
selective-copying,none,best,16,8,0,256,1868,0,0.4560546875,0.0,horizon,0.03681349754333496
selective-copying,none,best,16,9,0,256,1857,0,0.453369140625,0.0,horizon,0.03937363624572754
selective-copying,none,best,16,10,0,256,1952,0,0.4765625,0.0,horizon,0.037384986877441406
selective-copying,none,best,16,11,0,256,1895,0,0.462646484375,0.0,horizon,0.03788900375366211
selective-copying,none,best,16,12,0,256,1824,0,0.4453125,0.0,horizon,0.03956794738769531
selective-copying,none,best,16,13,0,256,1740,0,0.4248046875,0.0,horizon,0.04017448425292969
selective-copying,none,best,16,14,0,256,1747,0,0.426513671875,0.0,horizon,0.03838849067687988
selective-copying,none,best,16,16,0,256,1707,0,0.416748046875,0.0,horizon,0.03770947456359863
selective-copying,none,best,16,24,0,256,1825,0,0.445556640625,0.0,horizon,0.0404973030090332
selective-copying,none,best,16,32,0,256,1721,0,0.420166015625,0.0,horizon,0.04761838912963867
selective-copying,none,best,16,48,0,256,1553,0,0.379150390625,0.0,horizon,0.04730057716369629
selective-copying,none,best,16,64,0,256,1612,0,0.3935546875,0.0,horizon,0.0476527214050293
selective-copying,none,best,16,96,0,256,1611,0,0.393310546875,0.0,horizon,0.0545496940612793
selective-copying,none,best,16,128,0,256,1528,0,0.373046875,0.0,horizon,0.07673120498657227
selective-copying,none,best,16,192,0,256,1524,0,0.3720703125,0.0,horizon,0.10730361938476562
selective-copying,none,best,16,256,0,256,1572,0,0.3837890625,0.0,horizon,0.1398019790649414
selective-copying,none,best,16,384,0,256,1443,0,0.352294921875,0.0,horizon,0.19800233840942383
selective-copying,none,best,16,512,0,256,1502,0,0.36669921875,0.0,horizon,0.25689172744750977
selective-copying,none,best,16,768,0,256,1474,0,0.35986328125,0.0,horizon,0.39325976371765137
selective-copying,none,best,16,1024,0,256,1431,0,0.349365234375,0.0,horizon,0.5631673336029053
selective-copying,none,best,16,1536,0,256,1446,0,0.35302734375,0.0,horizon,0.8562872409820557
selective-copying,none,best,16,2048,0,256,1442,0,0.35205078125,0.0,horizon,1.1299192905426025
selective-copying,none,best,16,3072,0,256,1372,0,0.3349609375,0.0,horizon,1.70298171043396
selective-copying,none,best,16,4096,0,256,1225,0,0.299072265625,0.0,horizon,2.5069503784179688
selective-copying,none,best,16,6144,0,256,1261,0,0.307861328125,0.0,horizon,3.718982696533203
selective-copying,none,best,16,8192,0,256,1216,0,0.296875,0.0,horizon,4.97067403793335
selective-copying,none,best,16,12288,0,256,1197,0,0.292236328125,0.0,horizon,7.401895046234131
selective-copying,none,best,16,16384,0,256,900,0,0.2197265625,0.0,horizon,10.152793645858765
selective-copying,none,best,16,24576,0,256,967,0,0.236083984375,0.0,horizon,15.446870803833008
selective-copying,none,best,16,32768,0,256,841,0,0.205322265625,0.0,horizon,21.11699938774109
selective-copying,none,best,16,49152,0,256,894,0,0.21826171875,0.0,horizon,31.755420923233032
selective-copying,none,best,16,65536,0,256,645,0,0.157470703125,0.0,horizon,43.29945087432861
selective-copying,none,best,16,98304,0,256,667,0,0.162841796875,0.0,horizon,66.87587451934814
selective-copying,none,best,16,131072,0,256,649,0,0.158447265625,0.0,horizon,165.5249855518341
selective-copying,none,best,32,1,0,256,2333,0,0.2847900390625,0.0,horizon,0.05024385452270508
selective-copying,none,best,32,2,0,256,2746,0,0.335205078125,0.0,horizon,0.04698538780212402
selective-copying,none,best,32,3,0,256,2732,0,0.33349609375,0.0,horizon,0.047965049743652344
selective-copying,none,best,32,4,0,256,2718,0,0.331787109375,0.0,horizon,0.04604315757751465
selective-copying,none,best,32,5,0,256,2571,0,0.3138427734375,0.0,horizon,0.04731607437133789
selective-copying,none,best,32,6,0,256,2804,0,0.34228515625,0.0,horizon,0.0469207763671875
selective-copying,none,best,32,7,0,256,2716,0,0.33154296875,0.0,horizon,0.04837489128112793
selective-copying,none,best,32,8,0,256,2738,0,0.334228515625,0.0,horizon,0.04745626449584961
selective-copying,none,best,32,9,0,256,2628,0,0.32080078125,0.0,horizon,0.049333810806274414
selective-copying,none,best,32,10,0,256,2789,0,0.3404541015625,0.0,horizon,0.05106949806213379
selective-copying,none,best,32,11,0,256,2641,0,0.3223876953125,0.0,horizon,0.049828290939331055
selective-copying,none,best,32,12,0,256,2581,0,0.3150634765625,0.0,horizon,0.0478515625
selective-copying,none,best,32,13,0,256,2558,0,0.312255859375,0.0,horizon,0.048300743103027344
selective-copying,none,best,32,14,0,256,2664,0,0.3251953125,0.0,horizon,0.04799938201904297
selective-copying,none,best,32,16,0,256,2614,0,0.319091796875,0.0,horizon,0.047103166580200195
selective-copying,none,best,32,24,0,256,2690,0,0.328369140625,0.0,horizon,0.04902386665344238
selective-copying,none,best,32,32,0,256,2290,0,0.279541015625,0.0,horizon,0.048616886138916016
selective-copying,none,best,32,48,0,256,2394,0,0.292236328125,0.0,horizon,0.05043911933898926
selective-copying,none,best,32,64,0,256,2350,0,0.286865234375,0.0,horizon,0.059267282485961914
selective-copying,none,best,32,96,0,256,2270,0,0.277099609375,0.0,horizon,0.06683802604675293
selective-copying,none,best,32,128,0,256,2287,0,0.2791748046875,0.0,horizon,0.08204817771911621
selective-copying,none,best,32,192,0,256,2189,0,0.2672119140625,0.0,horizon,0.1231241226196289
selective-copying,none,best,32,256,0,256,2235,0,0.2728271484375,0.0,horizon,0.15066218376159668
selective-copying,none,best,32,384,0,256,2186,0,0.266845703125,0.0,horizon,0.2134997844696045
selective-copying,none,best,32,512,0,256,2079,0,0.2537841796875,0.0,horizon,0.2815361022949219
selective-copying,none,best,32,768,0,256,2020,0,0.24658203125,0.0,horizon,0.4022033214569092
selective-copying,none,best,32,1024,0,256,2122,0,0.259033203125,0.0,horizon,0.5823221206665039
selective-copying,none,best,32,1536,0,256,1938,0,0.236572265625,0.0,horizon,0.867034912109375
selective-copying,none,best,32,2048,0,256,1995,0,0.2435302734375,0.0,horizon,1.1447029113769531
selective-copying,none,best,32,3072,0,256,1895,0,0.2313232421875,0.0,horizon,1.71858811378479
selective-copying,none,best,32,4096,0,256,1910,0,0.233154296875,0.0,horizon,2.5350658893585205
selective-copying,none,best,32,6144,0,256,1710,0,0.208740234375,0.0,horizon,3.7439544200897217
selective-copying,none,best,32,8192,0,256,1775,0,0.2166748046875,0.0,horizon,4.984722137451172
selective-copying,none,best,32,12288,0,256,1707,0,0.2083740234375,0.0,horizon,7.414832830429077
selective-copying,none,best,32,16384,0,256,1313,0,0.1602783203125,0.0,horizon,10.163073778152466
selective-copying,none,best,32,24576,0,256,1484,0,0.18115234375,0.0,horizon,15.425297737121582
selective-copying,none,best,32,32768,0,256,1358,0,0.165771484375,0.0,horizon,21.042855501174927
selective-copying,none,best,32,49152,0,256,1382,0,0.168701171875,0.0,horizon,31.621706247329712
selective-copying,none,best,32,65536,0,256,1132,0,0.13818359375,0.0,horizon,43.28957486152649
selective-copying,none,best,32,98304,0,256,1224,0,0.1494140625,0.0,horizon,66.6544246673584
selective-copying,none,best,32,131072,0,256,1106,0,0.135009765625,0.0,horizon,165.9814097881317
selective-copying,none,best,64,1,0,256,3177,0,0.19390869140625,0.0,horizon,0.05533146858215332
selective-copying,none,best,64,2,0,256,4035,0,0.24627685546875,0.0,horizon,0.06558632850646973
selective-copying,none,best,64,3,0,256,3804,0,0.232177734375,0.0,horizon,0.05914163589477539
selective-copying,none,best,64,4,0,256,3760,0,0.2294921875,0.0,horizon,0.062300682067871094
selective-copying,none,best,64,5,0,256,3719,0,0.22698974609375,0.0,horizon,0.059041500091552734
selective-copying,none,best,64,6,0,256,4066,0,0.2481689453125,0.0,horizon,0.058145999908447266
selective-copying,none,best,64,7,0,256,4053,0,0.24737548828125,0.0,horizon,0.05663418769836426
selective-copying,none,best,64,8,0,256,4169,0,0.25445556640625,0.0,horizon,0.05635523796081543
selective-copying,none,best,64,9,0,256,4061,0,0.24786376953125,0.0,horizon,0.05780792236328125
selective-copying,none,best,64,10,0,256,4159,0,0.25384521484375,0.0,horizon,0.058553218841552734
selective-copying,none,best,64,11,0,256,4286,0,0.2615966796875,0.0,horizon,0.05733680725097656
selective-copying,none,best,64,12,0,256,4244,0,0.259033203125,0.0,horizon,0.05779671669006348
selective-copying,none,best,64,13,0,256,4030,0,0.2459716796875,0.0,horizon,0.05935025215148926
selective-copying,none,best,64,14,0,256,4126,0,0.2518310546875,0.0,horizon,0.060384511947631836
selective-copying,none,best,64,16,0,256,3992,0,0.24365234375,0.0,horizon,0.06086921691894531
selective-copying,none,best,64,24,0,256,4209,0,0.25689697265625,0.0,horizon,0.06129932403564453
selective-copying,none,best,64,32,0,256,4065,0,0.24810791015625,0.0,horizon,0.06437301635742188
selective-copying,none,best,64,48,0,256,4013,0,0.24493408203125,0.0,horizon,0.07327389717102051
selective-copying,none,best,64,64,0,256,3593,0,0.21929931640625,0.0,horizon,0.08346724510192871
selective-copying,none,best,64,96,0,256,3917,0,0.23907470703125,0.0,horizon,0.09706473350524902
selective-copying,none,best,64,128,0,256,3667,0,0.22381591796875,0.0,horizon,0.12292242050170898
selective-copying,none,best,64,192,0,256,2968,0,0.18115234375,0.0,horizon,0.15051007270812988
selective-copying,none,best,64,256,0,256,3277,0,0.20001220703125,0.0,horizon,0.17978262901306152
selective-copying,none,best,64,384,0,256,3555,0,0.21697998046875,0.0,horizon,0.2426280975341797
selective-copying,none,best,64,512,0,256,3302,0,0.2015380859375,0.0,horizon,0.3083000183105469
selective-copying,none,best,64,768,0,256,3218,0,0.1964111328125,0.0,horizon,0.42662930488586426
selective-copying,none,best,64,1024,0,256,3327,0,0.20306396484375,0.0,horizon,0.6188204288482666
selective-copying,none,best,64,1536,0,256,3074,0,0.1876220703125,0.0,horizon,0.8899075984954834
selective-copying,none,best,64,2048,0,256,3098,0,0.1890869140625,0.0,horizon,1.1821317672729492
selective-copying,none,best,64,3072,0,256,3027,0,0.18475341796875,0.0,horizon,1.7374446392059326
selective-copying,none,best,64,4096,0,256,2882,0,0.1759033203125,0.0,horizon,2.5591530799865723
selective-copying,none,best,64,6144,0,256,2764,0,0.168701171875,0.0,horizon,3.75711727142334
selective-copying,none,best,64,8192,0,256,2763,0,0.16864013671875,0.0,horizon,5.0057525634765625
selective-copying,none,best,64,12288,0,256,2698,0,0.1646728515625,0.0,horizon,7.434591293334961
selective-copying,none,best,64,16384,0,256,2364,0,0.144287109375,0.0,horizon,10.189468622207642
selective-copying,none,best,64,24576,0,256,2431,0,0.14837646484375,0.0,horizon,15.473050832748413
selective-copying,none,best,64,32768,0,256,2384,0,0.1455078125,0.0,horizon,21.131530046463013
selective-copying,none,best,64,49152,0,256,2358,0,0.1439208984375,0.0,horizon,31.82134246826172
selective-copying,none,best,64,65536,0,256,2334,0,0.1424560546875,0.0,horizon,43.43460559844971
selective-copying,none,best,64,98304,0,256,2277,0,0.13897705078125,0.0,horizon,66.92933177947998
selective-copying,none,best,64,131072,0,256,2258,0,0.1378173828125,0.0,horizon,166.42178535461426
selective-copying,none,best,10,16,7,256,1261,0,0.492578125,0.0,prefix,0.040726423263549805
selective-copying,none,best,10,16,15,256,1330,0,0.51953125,0.0,prefix,0.0402827262878418
selective-copying,none,best,10,16,63,256,1416,0,0.553125,0.0,prefix,0.049512386322021484
selective-copying,none,best,10,64,7,256,1210,0,0.47265625,0.0,prefix,0.0485076904296875
selective-copying,none,best,10,64,15,256,1350,0,0.52734375,0.0,prefix,0.04881906509399414
selective-copying,none,best,10,64,63,256,1400,0,0.546875,0.0,prefix,0.06502127647399902
selective-copying,none,best,10,256,7,256,1177,0,0.459765625,0.0,prefix,0.13481950759887695
selective-copying,none,best,10,256,15,256,1312,0,0.5125,0.0,prefix,0.13995790481567383
selective-copying,none,best,10,256,63,256,1337,0,0.522265625,0.0,prefix,0.16307330131530762
selective-copying,none,best,10,2048,7,256,1055,0,0.412109375,0.0,prefix,1.1474473476409912
selective-copying,none,best,10,2048,15,256,1230,0,0.48046875,0.0,prefix,1.1433322429656982
selective-copying,none,best,10,2048,63,256,1244,0,0.4859375,0.0,prefix,1.162384271621704
selective-copying,none,best,16,16,7,256,1814,0,0.44287109375,0.0,prefix,0.040514469146728516
selective-copying,none,best,16,16,15,256,1808,0,0.44140625,0.0,prefix,0.04258871078491211
selective-copying,none,best,16,16,63,256,1756,0,0.4287109375,0.0,prefix,0.05339217185974121
selective-copying,none,best,16,64,7,256,1867,0,0.455810546875,0.0,prefix,0.05435657501220703
selective-copying,none,best,16,64,15,256,1697,0,0.414306640625,0.0,prefix,0.04895806312561035
selective-copying,none,best,16,64,63,256,1704,0,0.416015625,0.0,prefix,0.06048107147216797
selective-copying,none,best,16,256,7,256,1817,0,0.443603515625,0.0,prefix,0.1350855827331543
selective-copying,none,best,16,256,15,256,1643,0,0.401123046875,0.0,prefix,0.14264988899230957
selective-copying,none,best,16,256,63,256,1648,0,0.40234375,0.0,prefix,0.17026996612548828
selective-copying,none,best,16,2048,7,256,1615,0,0.394287109375,0.0,prefix,1.1597332954406738
selective-copying,none,best,16,2048,15,256,1524,0,0.3720703125,0.0,prefix,1.1478989124298096
selective-copying,none,best,16,2048,63,256,1514,0,0.36962890625,0.0,prefix,1.1785907745361328
selective-copying,none,best,32,16,7,256,2673,0,0.3262939453125,0.0,prefix,0.04942798614501953
selective-copying,none,best,32,16,15,256,2259,0,0.2757568359375,0.0,prefix,0.050388336181640625
selective-copying,none,best,32,16,63,256,2639,0,0.3221435546875,0.0,prefix,0.0561676025390625
selective-copying,none,best,32,64,7,256,2597,0,0.3170166015625,0.0,prefix,0.057348012924194336
selective-copying,none,best,32,64,15,256,2720,0,0.33203125,0.0,prefix,0.05878329277038574
selective-copying,none,best,32,64,63,256,2403,0,0.2933349609375,0.0,prefix,0.07764005661010742
selective-copying,none,best,32,256,7,256,2498,0,0.304931640625,0.0,prefix,0.15267372131347656
selective-copying,none,best,32,256,15,256,2511,0,0.3065185546875,0.0,prefix,0.16293120384216309
selective-copying,none,best,32,256,63,256,2245,0,0.2740478515625,0.0,prefix,0.18427276611328125
selective-copying,none,best,32,2048,7,256,2374,0,0.289794921875,0.0,prefix,1.1792559623718262
selective-copying,none,best,32,2048,15,256,2215,0,0.2703857421875,0.0,prefix,1.1598751544952393
selective-copying,none,best,32,2048,63,256,2088,0,0.2548828125,0.0,prefix,1.1997480392456055
selective-copying,none,best,64,16,7,256,4209,0,0.25689697265625,0.0,prefix,0.06519627571105957
selective-copying,none,best,64,16,15,256,4222,0,0.2576904296875,0.0,prefix,0.06642842292785645
selective-copying,none,best,64,16,63,256,4095,0,0.24993896484375,0.0,prefix,0.084716796875
selective-copying,none,best,64,64,7,256,3871,0,0.23626708984375,0.0,prefix,0.08439016342163086
selective-copying,none,best,64,64,15,256,3813,0,0.23272705078125,0.0,prefix,0.08760213851928711
selective-copying,none,best,64,64,63,256,3691,0,0.22528076171875,0.0,prefix,0.1095590591430664
selective-copying,none,best,64,256,7,256,3820,0,0.233154296875,0.0,prefix,0.18598103523254395
selective-copying,none,best,64,256,15,256,3996,0,0.243896484375,0.0,prefix,0.19793462753295898
selective-copying,none,best,64,256,63,256,3441,0,0.21002197265625,0.0,prefix,0.22162318229675293
selective-copying,none,best,64,2048,7,256,3444,0,0.210205078125,0.0,prefix,1.2037115097045898
selective-copying,none,best,64,2048,15,256,3512,0,0.21435546875,0.0,prefix,1.2083392143249512
selective-copying,none,best,64,2048,63,256,3258,0,0.1988525390625,0.0,prefix,1.23209547996521
selective-copying,none,best,128,16,0,256,6282,0,0.19171142578125,0.0,unseen-memory,0.12667465209960938
selective-copying,none,best,128,16,15,256,6765,0,0.206451416015625,0.0,unseen-memory,0.13592529296875
selective-copying,none,best,128,64,0,256,6325,0,0.193023681640625,0.0,unseen-memory,0.15146541595458984
selective-copying,none,best,128,64,15,256,6416,0,0.19580078125,0.0,unseen-memory,0.16259241104125977
selective-copying,none,best,128,256,0,256,5846,0,0.17840576171875,0.0,unseen-memory,0.24802803993225098
selective-copying,none,best,128,256,15,256,6328,0,0.193115234375,0.0,unseen-memory,0.2620711326599121
selective-copying,none,best,128,2048,0,256,5407,0,0.165008544921875,0.0,unseen-memory,1.2517282962799072
selective-copying,none,best,128,2048,15,256,5640,0,0.172119140625,0.0,unseen-memory,1.278855800628662
selective-copying,none,final,10,1,0,256,1567,0,0.612109375,0.0,horizon,0.6219577789306641
selective-copying,none,final,10,2,0,256,1553,0,0.606640625,0.0,horizon,0.039212703704833984
selective-copying,none,final,10,3,0,256,1373,0,0.536328125,0.0,horizon,0.03983116149902344
selective-copying,none,final,10,4,0,256,1421,0,0.555078125,0.0,horizon,0.037557125091552734
selective-copying,none,final,10,5,0,256,1369,0,0.534765625,0.0,horizon,0.03861355781555176
selective-copying,none,final,10,6,0,256,1254,0,0.48984375,0.0,horizon,0.036292076110839844
selective-copying,none,final,10,7,0,256,1062,0,0.41484375,0.0,horizon,0.03755044937133789
selective-copying,none,final,10,8,0,256,1557,0,0.608203125,0.0,horizon,0.03680419921875
selective-copying,none,final,10,9,0,256,1473,0,0.575390625,0.0,horizon,0.0375211238861084
selective-copying,none,final,10,10,0,256,1344,0,0.525,0.0,horizon,0.03804516792297363
selective-copying,none,final,10,11,0,256,1324,0,0.5171875,0.0,horizon,0.03789067268371582
selective-copying,none,final,10,12,0,256,1423,0,0.555859375,0.0,horizon,0.0352473258972168
selective-copying,none,final,10,13,0,256,1457,1,0.569140625,0.00390625,horizon,0.03557276725769043
selective-copying,none,final,10,14,0,256,1467,0,0.573046875,0.0,horizon,0.03538966178894043
selective-copying,none,final,10,16,0,256,1583,1,0.618359375,0.00390625,horizon,0.03539013862609863
selective-copying,none,final,10,24,0,256,1490,0,0.58203125,0.0,horizon,0.03619194030761719
selective-copying,none,final,10,32,0,256,1450,0,0.56640625,0.0,horizon,0.03686976432800293
selective-copying,none,final,10,48,0,256,1405,0,0.548828125,0.0,horizon,0.04902815818786621
selective-copying,none,final,10,64,0,256,1480,1,0.578125,0.00390625,horizon,0.051674842834472656
selective-copying,none,final,10,96,0,256,1464,0,0.571875,0.0,horizon,0.05258798599243164
selective-copying,none,final,10,128,0,256,1489,0,0.581640625,0.0,horizon,0.05936455726623535
selective-copying,none,final,10,192,0,256,1428,0,0.5578125,0.0,horizon,0.08255529403686523
selective-copying,none,final,10,256,0,256,1462,0,0.57109375,0.0,horizon,0.12230443954467773
selective-copying,none,final,10,384,0,256,1455,0,0.568359375,0.0,horizon,0.18248963356018066
selective-copying,none,final,10,512,0,256,1440,0,0.5625,0.0,horizon,0.2772862911224365
selective-copying,none,final,10,768,0,256,1415,0,0.552734375,0.0,horizon,0.3762946128845215
selective-copying,none,final,10,1024,0,256,1345,0,0.525390625,0.0,horizon,0.5470833778381348
selective-copying,none,final,10,1536,0,256,1292,0,0.5046875,0.0,horizon,0.8290510177612305
selective-copying,none,final,10,2048,0,256,1286,0,0.50234375,0.0,horizon,1.1277923583984375
selective-copying,none,final,10,3072,0,256,1269,0,0.495703125,0.0,horizon,1.672654390335083
selective-copying,none,final,10,4096,0,256,1049,0,0.409765625,0.0,horizon,2.4633917808532715
selective-copying,none,final,10,6144,0,256,990,0,0.38671875,0.0,horizon,3.6669704914093018
selective-copying,none,final,10,8192,0,256,941,0,0.367578125,0.0,horizon,4.890805006027222
selective-copying,none,final,10,12288,0,256,918,0,0.35859375,0.0,horizon,7.3142619132995605
selective-copying,none,final,10,16384,0,256,599,0,0.233984375,0.0,horizon,10.048596620559692
selective-copying,none,final,10,24576,0,256,612,0,0.2390625,0.0,horizon,15.29961109161377
selective-copying,none,final,10,32768,0,256,645,0,0.251953125,0.0,horizon,20.901143312454224
selective-copying,none,final,10,49152,0,256,635,0,0.248046875,0.0,horizon,31.5918128490448
selective-copying,none,final,10,65536,0,256,463,0,0.180859375,0.0,horizon,43.12076449394226
selective-copying,none,final,10,98304,0,256,460,0,0.1796875,0.0,horizon,66.50697493553162
selective-copying,none,final,10,131072,0,256,455,0,0.177734375,0.0,horizon,164.89412331581116
selective-copying,none,final,16,1,0,256,1393,0,0.340087890625,0.0,horizon,0.03762388229370117
selective-copying,none,final,16,2,0,256,1973,0,0.481689453125,0.0,horizon,0.03913402557373047
selective-copying,none,final,16,3,0,256,1942,0,0.47412109375,0.0,horizon,0.03761768341064453
selective-copying,none,final,16,4,0,256,1839,0,0.448974609375,0.0,horizon,0.03844046592712402
selective-copying,none,final,16,5,0,256,1837,0,0.448486328125,0.0,horizon,0.03926420211791992
selective-copying,none,final,16,6,0,256,1990,0,0.48583984375,0.0,horizon,0.04016733169555664
selective-copying,none,final,16,7,0,256,1979,0,0.483154296875,0.0,horizon,0.037497520446777344
selective-copying,none,final,16,8,0,256,1887,0,0.460693359375,0.0,horizon,0.036737918853759766
selective-copying,none,final,16,9,0,256,1832,0,0.447265625,0.0,horizon,0.03856825828552246
selective-copying,none,final,16,10,0,256,1939,0,0.473388671875,0.0,horizon,0.04000592231750488
selective-copying,none,final,16,11,0,256,1928,0,0.470703125,0.0,horizon,0.039994239807128906
selective-copying,none,final,16,12,0,256,1864,0,0.455078125,0.0,horizon,0.037981271743774414
selective-copying,none,final,16,13,0,256,1758,0,0.42919921875,0.0,horizon,0.03752422332763672
selective-copying,none,final,16,14,0,256,1787,0,0.436279296875,0.0,horizon,0.03733944892883301
selective-copying,none,final,16,16,0,256,1665,0,0.406494140625,0.0,horizon,0.03619813919067383
selective-copying,none,final,16,24,0,256,1891,0,0.461669921875,0.0,horizon,0.03602743148803711
selective-copying,none,final,16,32,0,256,1696,0,0.4140625,0.0,horizon,0.047068119049072266
selective-copying,none,final,16,48,0,256,1497,0,0.365478515625,0.0,horizon,0.04787254333496094
selective-copying,none,final,16,64,0,256,1510,0,0.36865234375,0.0,horizon,0.04890799522399902
selective-copying,none,final,16,96,0,256,1582,0,0.38623046875,0.0,horizon,0.05401968955993652
selective-copying,none,final,16,128,0,256,1480,0,0.361328125,0.0,horizon,0.0780024528503418
selective-copying,none,final,16,192,0,256,1505,0,0.367431640625,0.0,horizon,0.10430169105529785
selective-copying,none,final,16,256,0,256,1519,0,0.370849609375,0.0,horizon,0.1384105682373047
selective-copying,none,final,16,384,0,256,1464,0,0.357421875,0.0,horizon,0.1939098834991455
selective-copying,none,final,16,512,0,256,1479,0,0.361083984375,0.0,horizon,0.25396251678466797
selective-copying,none,final,16,768,0,256,1479,0,0.361083984375,0.0,horizon,0.3885061740875244
selective-copying,none,final,16,1024,0,256,1467,0,0.358154296875,0.0,horizon,0.5557920932769775
selective-copying,none,final,16,1536,0,256,1478,0,0.36083984375,0.0,horizon,0.8438994884490967
selective-copying,none,final,16,2048,0,256,1385,0,0.338134765625,0.0,horizon,1.1208562850952148
selective-copying,none,final,16,3072,0,256,1395,0,0.340576171875,0.0,horizon,1.682985544204712
selective-copying,none,final,16,4096,0,256,1278,0,0.31201171875,0.0,horizon,2.491987466812134
selective-copying,none,final,16,6144,0,256,1295,0,0.316162109375,0.0,horizon,3.6781342029571533
selective-copying,none,final,16,8192,0,256,1159,0,0.282958984375,0.0,horizon,4.911929130554199
selective-copying,none,final,16,12288,0,256,1158,0,0.28271484375,0.0,horizon,7.316408634185791
selective-copying,none,final,16,16384,0,256,893,0,0.218017578125,0.0,horizon,10.038813829421997
selective-copying,none,final,16,24576,0,256,1006,0,0.24560546875,0.0,horizon,15.286303281784058
selective-copying,none,final,16,32768,0,256,935,0,0.228271484375,0.0,horizon,20.904162406921387
selective-copying,none,final,16,49152,0,256,978,0,0.23876953125,0.0,horizon,31.447773933410645
selective-copying,none,final,16,65536,0,256,779,0,0.190185546875,0.0,horizon,43.07672190666199
selective-copying,none,final,16,98304,0,256,827,0,0.201904296875,0.0,horizon,66.342355966568
selective-copying,none,final,16,131072,0,256,786,0,0.19189453125,0.0,horizon,162.35260343551636
selective-copying,none,final,32,1,0,256,2265,0,0.2764892578125,0.0,horizon,0.047303199768066406
selective-copying,none,final,32,2,0,256,2695,0,0.3289794921875,0.0,horizon,0.04602551460266113
selective-copying,none,final,32,3,0,256,2723,0,0.3323974609375,0.0,horizon,0.04817819595336914
selective-copying,none,final,32,4,0,256,2639,0,0.3221435546875,0.0,horizon,0.04703235626220703
selective-copying,none,final,32,5,0,256,2529,0,0.3087158203125,0.0,horizon,0.045948028564453125
selective-copying,none,final,32,6,0,256,2750,0,0.335693359375,0.0,horizon,0.04706096649169922
selective-copying,none,final,32,7,0,256,2775,0,0.3387451171875,0.0,horizon,0.04669046401977539
selective-copying,none,final,32,8,0,256,2744,0,0.3349609375,0.0,horizon,0.046509504318237305
selective-copying,none,final,32,9,0,256,2642,0,0.322509765625,0.0,horizon,0.04755854606628418
selective-copying,none,final,32,10,0,256,2748,0,0.33544921875,0.0,horizon,0.04820895195007324
selective-copying,none,final,32,11,0,256,2739,0,0.3343505859375,0.0,horizon,0.047290802001953125
selective-copying,none,final,32,12,0,256,2730,0,0.333251953125,0.0,horizon,0.04589509963989258
selective-copying,none,final,32,13,0,256,2759,0,0.3367919921875,0.0,horizon,0.04928278923034668
selective-copying,none,final,32,14,0,256,2707,0,0.3304443359375,0.0,horizon,0.046079397201538086
selective-copying,none,final,32,16,0,256,2541,0,0.3101806640625,0.0,horizon,0.04513692855834961
selective-copying,none,final,32,24,0,256,2663,0,0.3250732421875,0.0,horizon,0.04903435707092285
selective-copying,none,final,32,32,0,256,2227,0,0.2718505859375,0.0,horizon,0.04989266395568848
selective-copying,none,final,32,48,0,256,2275,0,0.2777099609375,0.0,horizon,0.04887819290161133
selective-copying,none,final,32,64,0,256,2312,0,0.2822265625,0.0,horizon,0.056276798248291016
selective-copying,none,final,32,96,0,256,2240,0,0.2734375,0.0,horizon,0.06946158409118652
selective-copying,none,final,32,128,0,256,2240,0,0.2734375,0.0,horizon,0.0786445140838623
selective-copying,none,final,32,192,0,256,2142,0,0.261474609375,0.0,horizon,0.12124156951904297
selective-copying,none,final,32,256,0,256,2196,0,0.26806640625,0.0,horizon,0.1507713794708252
selective-copying,none,final,32,384,0,256,2240,0,0.2734375,0.0,horizon,0.21691036224365234
selective-copying,none,final,32,512,0,256,2072,0,0.2529296875,0.0,horizon,0.2772245407104492
selective-copying,none,final,32,768,0,256,2044,0,0.24951171875,0.0,horizon,0.39717721939086914
selective-copying,none,final,32,1024,0,256,2074,0,0.253173828125,0.0,horizon,0.5804896354675293
selective-copying,none,final,32,1536,0,256,2007,0,0.2449951171875,0.0,horizon,0.8608226776123047
selective-copying,none,final,32,2048,0,256,1958,0,0.239013671875,0.0,horizon,1.1428399085998535
selective-copying,none,final,32,3072,0,256,1955,0,0.2386474609375,0.0,horizon,1.7056031227111816
selective-copying,none,final,32,4096,0,256,1919,0,0.2342529296875,0.0,horizon,2.520479440689087
selective-copying,none,final,32,6144,0,256,1864,0,0.2275390625,0.0,horizon,3.718762159347534
selective-copying,none,final,32,8192,0,256,1793,0,0.2188720703125,0.0,horizon,4.951297044754028
selective-copying,none,final,32,12288,0,256,1779,0,0.2171630859375,0.0,horizon,7.3894829750061035
selective-copying,none,final,32,16384,0,256,1498,0,0.182861328125,0.0,horizon,10.107120990753174
selective-copying,none,final,32,24576,0,256,1585,0,0.1934814453125,0.0,horizon,15.357818126678467
selective-copying,none,final,32,32768,0,256,1476,0,0.18017578125,0.0,horizon,20.981879234313965
selective-copying,none,final,32,49152,0,256,1501,0,0.1832275390625,0.0,horizon,31.599606037139893
selective-copying,none,final,32,65536,0,256,1065,0,0.1300048828125,0.0,horizon,43.065064430236816
selective-copying,none,final,32,98304,0,256,1205,0,0.1470947265625,0.0,horizon,66.40465903282166
selective-copying,none,final,32,131072,0,256,1105,0,0.1348876953125,0.0,horizon,165.00868248939514
selective-copying,none,final,64,1,0,256,3364,0,0.205322265625,0.0,horizon,0.05512571334838867
selective-copying,none,final,64,2,0,256,4064,0,0.248046875,0.0,horizon,0.06745147705078125
selective-copying,none,final,64,3,0,256,3910,0,0.2386474609375,0.0,horizon,0.059586286544799805
selective-copying,none,final,64,4,0,256,3895,0,0.23773193359375,0.0,horizon,0.06016802787780762
selective-copying,none,final,64,5,0,256,3690,0,0.2252197265625,0.0,horizon,0.062230587005615234
selective-copying,none,final,64,6,0,256,4150,0,0.2532958984375,0.0,horizon,0.0565037727355957
selective-copying,none,final,64,7,0,256,4068,0,0.248291015625,0.0,horizon,0.057799339294433594
selective-copying,none,final,64,8,0,256,4112,0,0.2509765625,0.0,horizon,0.05768156051635742
selective-copying,none,final,64,9,0,256,3997,0,0.24395751953125,0.0,horizon,0.057825326919555664
selective-copying,none,final,64,10,0,256,4100,0,0.250244140625,0.0,horizon,0.06133580207824707
selective-copying,none,final,64,11,0,256,4187,0,0.25555419921875,0.0,horizon,0.058242082595825195
selective-copying,none,final,64,12,0,256,4208,0,0.2568359375,0.0,horizon,0.05742192268371582
selective-copying,none,final,64,13,0,256,4033,0,0.24615478515625,0.0,horizon,0.05858135223388672
selective-copying,none,final,64,14,0,256,4111,0,0.25091552734375,0.0,horizon,0.06081724166870117
selective-copying,none,final,64,16,0,256,3843,0,0.23455810546875,0.0,horizon,0.05945134162902832
selective-copying,none,final,64,24,0,256,4293,0,0.26202392578125,0.0,horizon,0.06225252151489258
selective-copying,none,final,64,32,0,256,3912,0,0.23876953125,0.0,horizon,0.06485605239868164
selective-copying,none,final,64,48,0,256,3835,0,0.23406982421875,0.0,horizon,0.07378363609313965
selective-copying,none,final,64,64,0,256,3463,0,0.21136474609375,0.0,horizon,0.08216524124145508
selective-copying,none,final,64,96,0,256,3822,0,0.2332763671875,0.0,horizon,0.09195351600646973
selective-copying,none,final,64,128,0,256,3502,0,0.2137451171875,0.0,horizon,0.12294340133666992
selective-copying,none,final,64,192,0,256,3027,0,0.18475341796875,0.0,horizon,0.15309429168701172
selective-copying,none,final,64,256,0,256,3249,0,0.19830322265625,0.0,horizon,0.1791238784790039
selective-copying,none,final,64,384,0,256,3428,0,0.209228515625,0.0,horizon,0.2453935146331787
selective-copying,none,final,64,512,0,256,3241,0,0.19781494140625,0.0,horizon,0.30488038063049316
selective-copying,none,final,64,768,0,256,3197,0,0.19512939453125,0.0,horizon,0.42635345458984375
selective-copying,none,final,64,1024,0,256,3262,0,0.1990966796875,0.0,horizon,0.6183397769927979
selective-copying,none,final,64,1536,0,256,3028,0,0.184814453125,0.0,horizon,0.9016556739807129
selective-copying,none,final,64,2048,0,256,3059,0,0.18670654296875,0.0,horizon,1.1788959503173828
selective-copying,none,final,64,3072,0,256,3006,0,0.1834716796875,0.0,horizon,1.7495415210723877
selective-copying,none,final,64,4096,0,256,2641,0,0.16119384765625,0.0,horizon,2.5508358478546143
selective-copying,none,final,64,6144,0,256,2760,0,0.16845703125,0.0,horizon,3.7668914794921875
selective-copying,none,final,64,8192,0,256,2766,0,0.1688232421875,0.0,horizon,5.016611099243164
selective-copying,none,final,64,12288,0,256,2739,0,0.16717529296875,0.0,horizon,7.4679412841796875
selective-copying,none,final,64,16384,0,256,2225,0,0.13580322265625,0.0,horizon,10.21265983581543
selective-copying,none,final,64,24576,0,256,2449,0,0.14947509765625,0.0,horizon,15.45850396156311
selective-copying,none,final,64,32768,0,256,2361,0,0.14410400390625,0.0,horizon,21.12584614753723
selective-copying,none,final,64,49152,0,256,2376,0,0.14501953125,0.0,horizon,31.670616626739502
selective-copying,none,final,64,65536,0,256,2144,0,0.130859375,0.0,horizon,43.26976203918457
selective-copying,none,final,64,98304,0,256,2281,0,0.13922119140625,0.0,horizon,66.63624238967896
selective-copying,none,final,64,131072,0,256,2110,0,0.1287841796875,0.0,horizon,165.2515847682953
selective-copying,none,final,10,16,7,256,1210,0,0.47265625,0.0,prefix,0.0411229133605957
selective-copying,none,final,10,16,15,256,1379,0,0.538671875,0.0,prefix,0.039371490478515625
selective-copying,none,final,10,16,63,256,1405,0,0.548828125,0.0,prefix,0.050348758697509766
selective-copying,none,final,10,64,7,256,979,0,0.382421875,0.0,prefix,0.05121183395385742
selective-copying,none,final,10,64,15,256,1375,0,0.537109375,0.0,prefix,0.0502924919128418
selective-copying,none,final,10,64,63,256,1391,0,0.543359375,0.0,prefix,0.06192493438720703
selective-copying,none,final,10,256,7,256,939,0,0.366796875,0.0,prefix,0.13884496688842773
selective-copying,none,final,10,256,15,256,1303,0,0.508984375,0.0,prefix,0.14156174659729004
selective-copying,none,final,10,256,63,256,1277,0,0.498828125,0.0,prefix,0.16187167167663574
selective-copying,none,final,10,2048,7,256,946,0,0.36953125,0.0,prefix,1.1468708515167236
selective-copying,none,final,10,2048,15,256,1101,0,0.430078125,0.0,prefix,1.139721155166626
selective-copying,none,final,10,2048,63,256,1129,0,0.441015625,0.0,prefix,1.1651437282562256
selective-copying,none,final,16,16,7,256,1813,0,0.442626953125,0.0,prefix,0.04011893272399902
selective-copying,none,final,16,16,15,256,1788,0,0.4365234375,0.0,prefix,0.03910040855407715
selective-copying,none,final,16,16,63,256,1777,0,0.433837890625,0.0,prefix,0.05032658576965332
selective-copying,none,final,16,64,7,256,1898,0,0.46337890625,0.0,prefix,0.04876065254211426
selective-copying,none,final,16,64,15,256,1703,0,0.415771484375,0.0,prefix,0.04980969429016113
selective-copying,none,final,16,64,63,256,1625,0,0.396728515625,0.0,prefix,0.06429386138916016
selective-copying,none,final,16,256,7,256,1756,0,0.4287109375,0.0,prefix,0.13481497764587402
selective-copying,none,final,16,256,15,256,1593,0,0.388916015625,0.0,prefix,0.14322781562805176
selective-copying,none,final,16,256,63,256,1592,0,0.388671875,0.0,prefix,0.17192649841308594
selective-copying,none,final,16,2048,7,256,1616,0,0.39453125,0.0,prefix,1.1597027778625488
selective-copying,none,final,16,2048,15,256,1472,0,0.359375,0.0,prefix,1.1500790119171143
selective-copying,none,final,16,2048,63,256,1485,0,0.362548828125,0.0,prefix,1.1780688762664795
selective-copying,none,final,32,16,7,256,2644,0,0.32275390625,0.0,prefix,0.05056953430175781
selective-copying,none,final,32,16,15,256,2235,0,0.2728271484375,0.0,prefix,0.051485300064086914
selective-copying,none,final,32,16,63,256,2693,0,0.3287353515625,0.0,prefix,0.055278778076171875
selective-copying,none,final,32,64,7,256,2665,0,0.3253173828125,0.0,prefix,0.05811452865600586
selective-copying,none,final,32,64,15,256,2781,0,0.3394775390625,0.0,prefix,0.057921648025512695
selective-copying,none,final,32,64,63,256,2377,0,0.2901611328125,0.0,prefix,0.07746076583862305
selective-copying,none,final,32,256,7,256,2585,0,0.3155517578125,0.0,prefix,0.15272212028503418
selective-copying,none,final,32,256,15,256,2580,0,0.31494140625,0.0,prefix,0.16234064102172852
selective-copying,none,final,32,256,63,256,2340,0,0.28564453125,0.0,prefix,0.18485713005065918
selective-copying,none,final,32,2048,7,256,2395,0,0.2923583984375,0.0,prefix,1.179744005203247
selective-copying,none,final,32,2048,15,256,2320,0,0.283203125,0.0,prefix,1.1757619380950928
selective-copying,none,final,32,2048,63,256,2137,0,0.2608642578125,0.0,prefix,1.1974518299102783
selective-copying,none,final,64,16,7,256,4287,0,0.26165771484375,0.0,prefix,0.06486248970031738
selective-copying,none,final,64,16,15,256,4182,0,0.2552490234375,0.0,prefix,0.06365966796875
selective-copying,none,final,64,16,63,256,3951,0,0.24114990234375,0.0,prefix,0.08452582359313965
selective-copying,none,final,64,64,7,256,3809,0,0.23248291015625,0.0,prefix,0.08572912216186523
selective-copying,none,final,64,64,15,256,3721,0,0.22711181640625,0.0,prefix,0.08765506744384766
selective-copying,none,final,64,64,63,256,3619,0,0.22088623046875,0.0,prefix,0.11421775817871094
selective-copying,none,final,64,256,7,256,3935,0,0.24017333984375,0.0,prefix,0.1874401569366455
selective-copying,none,final,64,256,15,256,3868,0,0.236083984375,0.0,prefix,0.1982567310333252
selective-copying,none,final,64,256,63,256,3418,0,0.2086181640625,0.0,prefix,0.21602654457092285
selective-copying,none,final,64,2048,7,256,3510,0,0.2142333984375,0.0,prefix,1.211306095123291
selective-copying,none,final,64,2048,15,256,3436,0,0.209716796875,0.0,prefix,1.2151384353637695
selective-copying,none,final,64,2048,63,256,3206,0,0.1956787109375,0.0,prefix,1.2482490539550781
selective-copying,none,final,128,16,0,256,6248,0,0.190673828125,0.0,unseen-memory,0.12874364852905273
selective-copying,none,final,128,16,15,256,6700,0,0.2044677734375,0.0,unseen-memory,0.13337922096252441
selective-copying,none,final,128,64,0,256,6162,0,0.18804931640625,0.0,unseen-memory,0.14743566513061523
selective-copying,none,final,128,64,15,256,6403,0,0.195404052734375,0.0,unseen-memory,0.1627044677734375
selective-copying,none,final,128,256,0,256,5632,0,0.171875,0.0,unseen-memory,0.24900484085083008
selective-copying,none,final,128,256,15,256,6206,0,0.18939208984375,0.0,unseen-memory,0.2665138244628906
selective-copying,none,final,128,2048,0,256,5323,0,0.162445068359375,0.0,unseen-memory,1.240952491760254
selective-copying,none,final,128,2048,15,256,5562,0,0.16973876953125,0.0,unseen-memory,1.2917089462280273
selective-copying,phase2,best,10,1,0,256,2383,131,0.930859375,0.51171875,horizon,0.629138708114624
selective-copying,phase2,best,10,2,0,256,2335,101,0.912109375,0.39453125,horizon,0.04196310043334961
selective-copying,phase2,best,10,3,0,256,2170,39,0.84765625,0.15234375,horizon,0.04355454444885254
selective-copying,phase2,best,10,4,0,256,2114,39,0.82578125,0.15234375,horizon,0.041329145431518555
selective-copying,phase2,best,10,5,0,256,2104,37,0.821875,0.14453125,horizon,0.04094362258911133
selective-copying,phase2,best,10,6,0,256,1865,8,0.728515625,0.03125,horizon,0.04026913642883301
selective-copying,phase2,best,10,7,0,256,2128,51,0.83125,0.19921875,horizon,0.04155468940734863
selective-copying,phase2,best,10,8,0,256,2306,94,0.90078125,0.3671875,horizon,0.04163002967834473
selective-copying,phase2,best,10,9,0,256,2325,116,0.908203125,0.453125,horizon,0.0418248176574707
selective-copying,phase2,best,10,10,0,256,2339,115,0.913671875,0.44921875,horizon,0.04156136512756348
selective-copying,phase2,best,10,11,0,256,2226,69,0.86953125,0.26953125,horizon,0.041036128997802734
selective-copying,phase2,best,10,12,0,256,2220,60,0.8671875,0.234375,horizon,0.03978228569030762
selective-copying,phase2,best,10,13,0,256,2250,77,0.87890625,0.30078125,horizon,0.03981494903564453
selective-copying,phase2,best,10,14,0,256,2254,81,0.88046875,0.31640625,horizon,0.03994941711425781
selective-copying,phase2,best,10,16,0,256,2093,37,0.817578125,0.14453125,horizon,0.04027867317199707
selective-copying,phase2,best,10,24,0,256,2150,43,0.83984375,0.16796875,horizon,0.04056501388549805
selective-copying,phase2,best,10,32,0,256,1959,21,0.765234375,0.08203125,horizon,0.04140210151672363
selective-copying,phase2,best,10,48,0,256,1895,18,0.740234375,0.0703125,horizon,0.049953460693359375
selective-copying,phase2,best,10,64,0,256,1894,12,0.73984375,0.046875,horizon,0.05195927619934082
selective-copying,phase2,best,10,96,0,256,1823,4,0.712109375,0.015625,horizon,0.052742958068847656
selective-copying,phase2,best,10,128,0,256,1790,6,0.69921875,0.0234375,horizon,0.061353206634521484
selective-copying,phase2,best,10,192,0,256,1775,4,0.693359375,0.015625,horizon,0.08870935440063477
selective-copying,phase2,best,10,256,0,256,1767,5,0.690234375,0.01953125,horizon,0.13109421730041504
selective-copying,phase2,best,10,384,0,256,1712,3,0.66875,0.01171875,horizon,0.19369268417358398
selective-copying,phase2,best,10,512,0,256,1726,4,0.67421875,0.015625,horizon,0.31951284408569336
selective-copying,phase2,best,10,768,0,256,1637,1,0.639453125,0.00390625,horizon,0.3798832893371582
selective-copying,phase2,best,10,1024,0,256,1620,1,0.6328125,0.00390625,horizon,0.6018614768981934
selective-copying,phase2,best,10,1536,0,256,1651,1,0.644921875,0.00390625,horizon,0.8729128837585449
selective-copying,phase2,best,10,2048,0,256,1557,3,0.608203125,0.01171875,horizon,1.189706563949585
selective-copying,phase2,best,10,3072,0,256,1533,0,0.598828125,0.0,horizon,1.7813746929168701
selective-copying,phase2,best,10,4096,0,256,1314,0,0.51328125,0.0,horizon,2.633272647857666
selective-copying,phase2,best,10,6144,0,256,1323,0,0.516796875,0.0,horizon,3.904677152633667
selective-copying,phase2,best,10,8192,0,256,1262,0,0.49296875,0.0,horizon,5.215284109115601
selective-copying,phase2,best,10,12288,0,256,1236,0,0.4828125,0.0,horizon,7.7753987312316895
selective-copying,phase2,best,10,16384,0,256,689,0,0.269140625,0.0,horizon,10.662124872207642
selective-copying,phase2,best,10,24576,0,256,698,0,0.27265625,0.0,horizon,16.31064200401306
selective-copying,phase2,best,10,32768,0,256,668,0,0.2609375,0.0,horizon,22.430081844329834
selective-copying,phase2,best,10,49152,0,256,692,0,0.2703125,0.0,horizon,33.80952048301697
selective-copying,phase2,best,10,65536,0,256,412,0,0.1609375,0.0,horizon,46.352840423583984
selective-copying,phase2,best,10,98304,0,256,509,0,0.198828125,0.0,horizon,71.57555389404297
selective-copying,phase2,best,10,131072,0,256,430,0,0.16796875,0.0,horizon,173.82415556907654
selective-copying,phase2,best,16,1,0,256,3300,3,0.8056640625,0.01171875,horizon,0.0422518253326416
selective-copying,phase2,best,16,2,0,256,3337,6,0.814697265625,0.0234375,horizon,0.041684865951538086
selective-copying,phase2,best,16,3,0,256,3345,5,0.816650390625,0.01953125,horizon,0.04113578796386719
selective-copying,phase2,best,16,4,0,256,3258,5,0.79541015625,0.01953125,horizon,0.03963875770568848
selective-copying,phase2,best,16,5,0,256,3022,1,0.73779296875,0.00390625,horizon,0.04074978828430176
selective-copying,phase2,best,16,6,0,256,3128,0,0.763671875,0.0,horizon,0.04238557815551758
selective-copying,phase2,best,16,7,0,256,3190,3,0.77880859375,0.01171875,horizon,0.04253029823303223
selective-copying,phase2,best,16,8,0,256,2994,1,0.73095703125,0.00390625,horizon,0.04169416427612305
selective-copying,phase2,best,16,9,0,256,2868,1,0.7001953125,0.00390625,horizon,0.04256749153137207
selective-copying,phase2,best,16,10,0,256,3010,1,0.73486328125,0.00390625,horizon,0.04243969917297363
selective-copying,phase2,best,16,11,0,256,3062,1,0.74755859375,0.00390625,horizon,0.04299640655517578
selective-copying,phase2,best,16,12,0,256,2894,0,0.70654296875,0.0,horizon,0.04284954071044922
selective-copying,phase2,best,16,13,0,256,2751,0,0.671630859375,0.0,horizon,0.0444645881652832
selective-copying,phase2,best,16,14,0,256,2868,0,0.7001953125,0.0,horizon,0.044358015060424805
selective-copying,phase2,best,16,16,0,256,2868,0,0.7001953125,0.0,horizon,0.04202151298522949
selective-copying,phase2,best,16,24,0,256,2643,0,0.645263671875,0.0,horizon,0.04108262062072754
selective-copying,phase2,best,16,32,0,256,2633,0,0.642822265625,0.0,horizon,0.046346426010131836
selective-copying,phase2,best,16,48,0,256,2430,0,0.59326171875,0.0,horizon,0.04958343505859375
selective-copying,phase2,best,16,64,0,256,2358,0,0.57568359375,0.0,horizon,0.050833702087402344
selective-copying,phase2,best,16,96,0,256,2280,0,0.556640625,0.0,horizon,0.06794118881225586
selective-copying,phase2,best,16,128,0,256,2355,0,0.574951171875,0.0,horizon,0.08264446258544922
selective-copying,phase2,best,16,192,0,256,2312,0,0.564453125,0.0,horizon,0.10635924339294434
selective-copying,phase2,best,16,256,0,256,2228,0,0.5439453125,0.0,horizon,0.14634275436401367
selective-copying,phase2,best,16,384,0,256,2109,0,0.514892578125,0.0,horizon,0.20911383628845215
selective-copying,phase2,best,16,512,0,256,2183,0,0.532958984375,0.0,horizon,0.26854634284973145
selective-copying,phase2,best,16,768,0,256,2140,0,0.5224609375,0.0,horizon,0.42363929748535156
selective-copying,phase2,best,16,1024,0,256,1986,0,0.48486328125,0.0,horizon,0.5868101119995117
selective-copying,phase2,best,16,1536,0,256,2017,0,0.492431640625,0.0,horizon,0.9069714546203613
selective-copying,phase2,best,16,2048,0,256,1987,0,0.485107421875,0.0,horizon,1.205157995223999
selective-copying,phase2,best,16,3072,0,256,1936,0,0.47265625,0.0,horizon,1.8030283451080322
selective-copying,phase2,best,16,4096,0,256,1612,0,0.3935546875,0.0,horizon,2.669358730316162
selective-copying,phase2,best,16,6144,0,256,1515,0,0.369873046875,0.0,horizon,3.939570665359497
selective-copying,phase2,best,16,8192,0,256,1472,0,0.359375,0.0,horizon,5.26098895072937
selective-copying,phase2,best,16,12288,0,256,1475,0,0.360107421875,0.0,horizon,7.8418779373168945
selective-copying,phase2,best,16,16384,0,256,1059,0,0.258544921875,0.0,horizon,10.71665096282959
selective-copying,phase2,best,16,24576,0,256,1072,0,0.26171875,0.0,horizon,16.318808555603027
selective-copying,phase2,best,16,32768,0,256,1055,0,0.257568359375,0.0,horizon,22.428244590759277
selective-copying,phase2,best,16,49152,0,256,1082,0,0.26416015625,0.0,horizon,33.81959319114685
selective-copying,phase2,best,16,65536,0,256,706,0,0.17236328125,0.0,horizon,46.239585876464844
selective-copying,phase2,best,16,98304,0,256,743,0,0.181396484375,0.0,horizon,71.41890168190002
selective-copying,phase2,best,16,131072,0,256,731,0,0.178466796875,0.0,horizon,172.4572377204895
selective-copying,phase2,best,32,1,0,256,4537,0,0.5538330078125,0.0,horizon,0.04916834831237793
selective-copying,phase2,best,32,2,0,256,4680,0,0.5712890625,0.0,horizon,0.053159475326538086
selective-copying,phase2,best,32,3,0,256,4650,0,0.567626953125,0.0,horizon,0.05113029479980469
selective-copying,phase2,best,32,4,0,256,4530,0,0.552978515625,0.0,horizon,0.053839683532714844
selective-copying,phase2,best,32,5,0,256,4305,0,0.5255126953125,0.0,horizon,0.05159950256347656
selective-copying,phase2,best,32,6,0,256,4569,0,0.5577392578125,0.0,horizon,0.05378413200378418
selective-copying,phase2,best,32,7,0,256,4608,0,0.5625,0.0,horizon,0.052556514739990234
selective-copying,phase2,best,32,8,0,256,4408,0,0.5380859375,0.0,horizon,0.056559085845947266
selective-copying,phase2,best,32,9,0,256,4082,0,0.498291015625,0.0,horizon,0.05897641181945801
selective-copying,phase2,best,32,10,0,256,4355,0,0.5316162109375,0.0,horizon,0.06170773506164551
selective-copying,phase2,best,32,11,0,256,4391,0,0.5360107421875,0.0,horizon,0.05657815933227539
selective-copying,phase2,best,32,12,0,256,4259,0,0.5198974609375,0.0,horizon,0.05054903030395508
selective-copying,phase2,best,32,13,0,256,3884,0,0.47412109375,0.0,horizon,0.05067324638366699
selective-copying,phase2,best,32,14,0,256,4052,0,0.49462890625,0.0,horizon,0.05153083801269531
selective-copying,phase2,best,32,16,0,256,4035,0,0.4925537109375,0.0,horizon,0.049276113510131836
selective-copying,phase2,best,32,24,0,256,3679,0,0.4490966796875,0.0,horizon,0.05357098579406738
selective-copying,phase2,best,32,32,0,256,3574,0,0.436279296875,0.0,horizon,0.05043745040893555
selective-copying,phase2,best,32,48,0,256,3562,0,0.434814453125,0.0,horizon,0.05253863334655762
selective-copying,phase2,best,32,64,0,256,3430,0,0.418701171875,0.0,horizon,0.0571286678314209
selective-copying,phase2,best,32,96,0,256,3311,0,0.4041748046875,0.0,horizon,0.07200098037719727
selective-copying,phase2,best,32,128,0,256,3225,0,0.3936767578125,0.0,horizon,0.08913397789001465
selective-copying,phase2,best,32,192,0,256,3150,0,0.384521484375,0.0,horizon,0.13390755653381348
selective-copying,phase2,best,32,256,0,256,3110,0,0.379638671875,0.0,horizon,0.16047120094299316
selective-copying,phase2,best,32,384,0,256,3032,0,0.3701171875,0.0,horizon,0.2249436378479004
selective-copying,phase2,best,32,512,0,256,2941,0,0.3590087890625,0.0,horizon,0.2948150634765625
selective-copying,phase2,best,32,768,0,256,2888,0,0.3525390625,0.0,horizon,0.4251534938812256
selective-copying,phase2,best,32,1024,0,256,2855,0,0.3485107421875,0.0,horizon,0.6156983375549316
selective-copying,phase2,best,32,1536,0,256,2782,0,0.339599609375,0.0,horizon,0.9138047695159912
selective-copying,phase2,best,32,2048,0,256,2648,0,0.3232421875,0.0,horizon,1.2139668464660645
selective-copying,phase2,best,32,3072,0,256,2636,0,0.32177734375,0.0,horizon,1.8058836460113525
selective-copying,phase2,best,32,4096,0,256,2513,0,0.3067626953125,0.0,horizon,2.66620135307312
selective-copying,phase2,best,32,6144,0,256,2360,0,0.2880859375,0.0,horizon,3.947234869003296
selective-copying,phase2,best,32,8192,0,256,2337,0,0.2852783203125,0.0,horizon,5.25126314163208
selective-copying,phase2,best,32,12288,0,256,2224,0,0.271484375,0.0,horizon,7.828201055526733
selective-copying,phase2,best,32,16384,0,256,1814,0,0.221435546875,0.0,horizon,10.712956428527832
selective-copying,phase2,best,32,24576,0,256,1848,0,0.2255859375,0.0,horizon,16.324743509292603
selective-copying,phase2,best,32,32768,0,256,1624,0,0.1982421875,0.0,horizon,22.400715589523315
selective-copying,phase2,best,32,49152,0,256,1616,0,0.197265625,0.0,horizon,33.75843167304993
selective-copying,phase2,best,32,65536,0,256,1273,0,0.1553955078125,0.0,horizon,46.201441049575806
selective-copying,phase2,best,32,98304,0,256,1364,0,0.16650390625,0.0,horizon,71.50084066390991
selective-copying,phase2,best,32,131072,0,256,1271,0,0.1551513671875,0.0,horizon,173.75486731529236
selective-copying,phase2,best,64,1,0,256,5489,0,0.33502197265625,0.0,horizon,0.05754971504211426
selective-copying,phase2,best,64,2,0,256,5854,0,0.3572998046875,0.0,horizon,0.06142258644104004
selective-copying,phase2,best,64,3,0,256,5961,0,0.36383056640625,0.0,horizon,0.060987234115600586
selective-copying,phase2,best,64,4,0,256,5979,0,0.36492919921875,0.0,horizon,0.06489109992980957
selective-copying,phase2,best,64,5,0,256,5905,0,0.36041259765625,0.0,horizon,0.061426401138305664
selective-copying,phase2,best,64,6,0,256,6041,0,0.36871337890625,0.0,horizon,0.06041073799133301
selective-copying,phase2,best,64,7,0,256,6182,0,0.3773193359375,0.0,horizon,0.06098508834838867
selective-copying,phase2,best,64,8,0,256,6055,0,0.36956787109375,0.0,horizon,0.06087493896484375
selective-copying,phase2,best,64,9,0,256,5880,0,0.35888671875,0.0,horizon,0.06173348426818848
selective-copying,phase2,best,64,10,0,256,5885,0,0.35919189453125,0.0,horizon,0.06156492233276367
selective-copying,phase2,best,64,11,0,256,6040,0,0.36865234375,0.0,horizon,0.062219858169555664
selective-copying,phase2,best,64,12,0,256,5978,0,0.3648681640625,0.0,horizon,0.06175541877746582
selective-copying,phase2,best,64,13,0,256,5483,0,0.33465576171875,0.0,horizon,0.06281447410583496
selective-copying,phase2,best,64,14,0,256,5482,0,0.3345947265625,0.0,horizon,0.06550145149230957
selective-copying,phase2,best,64,16,0,256,5693,0,0.34747314453125,0.0,horizon,0.06354904174804688
selective-copying,phase2,best,64,24,0,256,5328,0,0.3251953125,0.0,horizon,0.06417417526245117
selective-copying,phase2,best,64,32,0,256,5224,0,0.31884765625,0.0,horizon,0.06900215148925781
selective-copying,phase2,best,64,48,0,256,4895,0,0.29876708984375,0.0,horizon,0.07686972618103027
selective-copying,phase2,best,64,64,0,256,4618,0,0.2818603515625,0.0,horizon,0.08766388893127441
selective-copying,phase2,best,64,96,0,256,4782,0,0.2918701171875,0.0,horizon,0.0998382568359375
selective-copying,phase2,best,64,128,0,256,4636,0,0.282958984375,0.0,horizon,0.1308119297027588
selective-copying,phase2,best,64,192,0,256,4323,0,0.26385498046875,0.0,horizon,0.15773844718933105
selective-copying,phase2,best,64,256,0,256,4265,0,0.26031494140625,0.0,horizon,0.194488525390625
selective-copying,phase2,best,64,384,0,256,4319,0,0.26361083984375,0.0,horizon,0.2586934566497803
selective-copying,phase2,best,64,512,0,256,4302,0,0.2625732421875,0.0,horizon,0.325314998626709
selective-copying,phase2,best,64,768,0,256,4270,0,0.2606201171875,0.0,horizon,0.4518718719482422
selective-copying,phase2,best,64,1024,0,256,3944,0,0.24072265625,0.0,horizon,0.6560280323028564
selective-copying,phase2,best,64,1536,0,256,3895,0,0.23773193359375,0.0,horizon,0.948408842086792
selective-copying,phase2,best,64,2048,0,256,3882,0,0.2369384765625,0.0,horizon,1.2580668926239014
selective-copying,phase2,best,64,3072,0,256,3798,0,0.2318115234375,0.0,horizon,1.850003957748413
selective-copying,phase2,best,64,4096,0,256,3441,0,0.21002197265625,0.0,horizon,2.7120306491851807
selective-copying,phase2,best,64,6144,0,256,3324,0,0.202880859375,0.0,horizon,3.9770925045013428
selective-copying,phase2,best,64,8192,0,256,3243,0,0.19793701171875,0.0,horizon,5.291163682937622
selective-copying,phase2,best,64,12288,0,256,3174,0,0.1937255859375,0.0,horizon,7.874624013900757
selective-copying,phase2,best,64,16384,0,256,2856,0,0.17431640625,0.0,horizon,10.750370502471924
selective-copying,phase2,best,64,24576,0,256,2641,0,0.16119384765625,0.0,horizon,16.388176918029785
selective-copying,phase2,best,64,32768,0,256,2625,0,0.16021728515625,0.0,horizon,22.507134199142456
selective-copying,phase2,best,64,49152,0,256,2560,0,0.15625,0.0,horizon,33.77426600456238
selective-copying,phase2,best,64,65536,0,256,2324,0,0.141845703125,0.0,horizon,46.16743302345276
selective-copying,phase2,best,64,98304,0,256,2304,0,0.140625,0.0,horizon,71.2473373413086
selective-copying,phase2,best,64,131072,0,256,2240,0,0.13671875,0.0,horizon,174.45914936065674
selective-copying,phase2,best,10,16,7,256,1899,17,0.741796875,0.06640625,prefix,0.04256844520568848
selective-copying,phase2,best,10,16,15,256,2004,15,0.7828125,0.05859375,prefix,0.04169464111328125
selective-copying,phase2,best,10,16,63,256,1941,17,0.758203125,0.06640625,prefix,0.05155062675476074
selective-copying,phase2,best,10,64,7,256,1766,7,0.68984375,0.02734375,prefix,0.052629947662353516
selective-copying,phase2,best,10,64,15,256,1791,7,0.699609375,0.02734375,prefix,0.053368568420410156
selective-copying,phase2,best,10,64,63,256,1858,4,0.72578125,0.015625,prefix,0.06501221656799316
selective-copying,phase2,best,10,256,7,256,1718,5,0.67109375,0.01953125,prefix,0.14514613151550293
selective-copying,phase2,best,10,256,15,256,1685,3,0.658203125,0.01171875,prefix,0.1465744972229004
selective-copying,phase2,best,10,256,63,256,1708,0,0.6671875,0.0,prefix,0.16991472244262695
selective-copying,phase2,best,10,2048,7,256,1419,1,0.554296875,0.00390625,prefix,1.2188973426818848
selective-copying,phase2,best,10,2048,15,256,1482,0,0.57890625,0.0,prefix,1.2043752670288086
selective-copying,phase2,best,10,2048,63,256,1535,0,0.599609375,0.0,prefix,1.2362534999847412
selective-copying,phase2,best,16,16,7,256,2842,0,0.69384765625,0.0,prefix,0.04324793815612793
selective-copying,phase2,best,16,16,15,256,2906,0,0.70947265625,0.0,prefix,0.042351722717285156
selective-copying,phase2,best,16,16,63,256,2901,0,0.708251953125,0.0,prefix,0.053186893463134766
selective-copying,phase2,best,16,64,7,256,2473,0,0.603759765625,0.0,prefix,0.05336499214172363
selective-copying,phase2,best,16,64,15,256,2462,0,0.60107421875,0.0,prefix,0.05313587188720703
selective-copying,phase2,best,16,64,63,256,2396,0,0.5849609375,0.0,prefix,0.06308293342590332
selective-copying,phase2,best,16,256,7,256,2230,0,0.54443359375,0.0,prefix,0.14637184143066406
selective-copying,phase2,best,16,256,15,256,2207,0,0.538818359375,0.0,prefix,0.15280699729919434
selective-copying,phase2,best,16,256,63,256,2231,0,0.544677734375,0.0,prefix,0.1790785789489746
selective-copying,phase2,best,16,2048,7,256,2019,0,0.492919921875,0.0,prefix,1.2377734184265137
selective-copying,phase2,best,16,2048,15,256,1876,0,0.4580078125,0.0,prefix,1.2187952995300293
selective-copying,phase2,best,16,2048,63,256,1952,0,0.4765625,0.0,prefix,1.2384271621704102
selective-copying,phase2,best,32,16,7,256,3730,0,0.455322265625,0.0,prefix,0.05307435989379883
selective-copying,phase2,best,32,16,15,256,3823,0,0.4666748046875,0.0,prefix,0.053043365478515625
selective-copying,phase2,best,32,16,63,256,3947,0,0.4818115234375,0.0,prefix,0.05919814109802246
selective-copying,phase2,best,32,64,7,256,3421,0,0.4176025390625,0.0,prefix,0.05934000015258789
selective-copying,phase2,best,32,64,15,256,3464,0,0.4228515625,0.0,prefix,0.06316161155700684
selective-copying,phase2,best,32,64,63,256,3464,0,0.4228515625,0.0,prefix,0.08444476127624512
selective-copying,phase2,best,32,256,7,256,3113,0,0.3800048828125,0.0,prefix,0.16754484176635742
selective-copying,phase2,best,32,256,15,256,3204,0,0.39111328125,0.0,prefix,0.17140460014343262
selective-copying,phase2,best,32,256,63,256,3119,0,0.3807373046875,0.0,prefix,0.1941359043121338
selective-copying,phase2,best,32,2048,7,256,2690,0,0.328369140625,0.0,prefix,1.2387945652008057
selective-copying,phase2,best,32,2048,15,256,2668,0,0.32568359375,0.0,prefix,1.2333629131317139
selective-copying,phase2,best,32,2048,63,256,2735,0,0.3338623046875,0.0,prefix,1.2637240886688232
selective-copying,phase2,best,64,16,7,256,5651,0,0.34490966796875,0.0,prefix,0.06821417808532715
selective-copying,phase2,best,64,16,15,256,5379,0,0.32830810546875,0.0,prefix,0.06839466094970703
selective-copying,phase2,best,64,16,63,256,5437,0,0.33184814453125,0.0,prefix,0.09038400650024414
selective-copying,phase2,best,64,64,7,256,5031,0,0.30706787109375,0.0,prefix,0.08813977241516113
selective-copying,phase2,best,64,64,15,256,4958,0,0.3026123046875,0.0,prefix,0.09215593338012695
selective-copying,phase2,best,64,64,63,256,4709,0,0.28741455078125,0.0,prefix,0.11557674407958984
selective-copying,phase2,best,64,256,7,256,4564,0,0.278564453125,0.0,prefix,0.19849610328674316
selective-copying,phase2,best,64,256,15,256,4708,0,0.287353515625,0.0,prefix,0.2099466323852539
selective-copying,phase2,best,64,256,63,256,4334,0,0.2645263671875,0.0,prefix,0.23057818412780762
selective-copying,phase2,best,64,2048,7,256,4066,0,0.2481689453125,0.0,prefix,1.2696549892425537
selective-copying,phase2,best,64,2048,15,256,3938,0,0.2403564453125,0.0,prefix,1.2774453163146973
selective-copying,phase2,best,64,2048,63,256,3864,0,0.23583984375,0.0,prefix,1.29644775390625
selective-copying,phase2,best,128,16,0,256,7653,0,0.233551025390625,0.0,unseen-memory,0.12971997261047363
selective-copying,phase2,best,128,16,15,256,7712,0,0.2353515625,0.0,unseen-memory,0.1477046012878418
selective-copying,phase2,best,128,64,0,256,7083,0,0.216156005859375,0.0,unseen-memory,0.1602632999420166
selective-copying,phase2,best,128,64,15,256,7469,0,0.227935791015625,0.0,unseen-memory,0.17411565780639648
selective-copying,phase2,best,128,256,0,256,6594,0,0.20123291015625,0.0,unseen-memory,0.2581009864807129
selective-copying,phase2,best,128,256,15,256,6864,0,0.20947265625,0.0,unseen-memory,0.2727546691894531
selective-copying,phase2,best,128,2048,0,256,5988,0,0.1827392578125,0.0,unseen-memory,1.3173515796661377
selective-copying,phase2,best,128,2048,15,256,6279,0,0.191619873046875,0.0,unseen-memory,1.35426664352417
selective-copying,phase2,final,10,1,0,256,2383,131,0.930859375,0.51171875,horizon,0.6407628059387207
selective-copying,phase2,final,10,2,0,256,2335,101,0.912109375,0.39453125,horizon,0.04164838790893555
selective-copying,phase2,final,10,3,0,256,2170,39,0.84765625,0.15234375,horizon,0.04275631904602051
selective-copying,phase2,final,10,4,0,256,2114,39,0.82578125,0.15234375,horizon,0.043083906173706055
selective-copying,phase2,final,10,5,0,256,2104,37,0.821875,0.14453125,horizon,0.039284467697143555
selective-copying,phase2,final,10,6,0,256,1865,8,0.728515625,0.03125,horizon,0.04133939743041992
selective-copying,phase2,final,10,7,0,256,2128,51,0.83125,0.19921875,horizon,0.04150652885437012
selective-copying,phase2,final,10,8,0,256,2306,94,0.90078125,0.3671875,horizon,0.040251731872558594
selective-copying,phase2,final,10,9,0,256,2325,116,0.908203125,0.453125,horizon,0.041266679763793945
selective-copying,phase2,final,10,10,0,256,2339,115,0.913671875,0.44921875,horizon,0.04189491271972656
selective-copying,phase2,final,10,11,0,256,2226,69,0.86953125,0.26953125,horizon,0.042444705963134766
selective-copying,phase2,final,10,12,0,256,2220,60,0.8671875,0.234375,horizon,0.04130744934082031
selective-copying,phase2,final,10,13,0,256,2250,77,0.87890625,0.30078125,horizon,0.04163956642150879
selective-copying,phase2,final,10,14,0,256,2254,81,0.88046875,0.31640625,horizon,0.04135012626647949
selective-copying,phase2,final,10,16,0,256,2093,37,0.817578125,0.14453125,horizon,0.041323184967041016
selective-copying,phase2,final,10,24,0,256,2150,43,0.83984375,0.16796875,horizon,0.04001617431640625
selective-copying,phase2,final,10,32,0,256,1959,21,0.765234375,0.08203125,horizon,0.04261589050292969
selective-copying,phase2,final,10,48,0,256,1895,18,0.740234375,0.0703125,horizon,0.049685001373291016
selective-copying,phase2,final,10,64,0,256,1894,12,0.73984375,0.046875,horizon,0.0527958869934082
selective-copying,phase2,final,10,96,0,256,1823,4,0.712109375,0.015625,horizon,0.05320858955383301
selective-copying,phase2,final,10,128,0,256,1790,6,0.69921875,0.0234375,horizon,0.061011552810668945
selective-copying,phase2,final,10,192,0,256,1775,4,0.693359375,0.015625,horizon,0.08650493621826172
selective-copying,phase2,final,10,256,0,256,1767,5,0.690234375,0.01953125,horizon,0.1309061050415039
selective-copying,phase2,final,10,384,0,256,1712,3,0.66875,0.01171875,horizon,0.19276809692382812
selective-copying,phase2,final,10,512,0,256,1726,4,0.67421875,0.015625,horizon,0.3177828788757324
selective-copying,phase2,final,10,768,0,256,1637,1,0.639453125,0.00390625,horizon,0.3789980411529541
selective-copying,phase2,final,10,1024,0,256,1620,1,0.6328125,0.00390625,horizon,0.6000213623046875
selective-copying,phase2,final,10,1536,0,256,1651,1,0.644921875,0.00390625,horizon,0.8792517185211182
selective-copying,phase2,final,10,2048,0,256,1557,3,0.608203125,0.01171875,horizon,1.18656587600708
selective-copying,phase2,final,10,3072,0,256,1533,0,0.598828125,0.0,horizon,1.7748839855194092
selective-copying,phase2,final,10,4096,0,256,1314,0,0.51328125,0.0,horizon,2.6361911296844482
selective-copying,phase2,final,10,6144,0,256,1323,0,0.516796875,0.0,horizon,3.8958334922790527
selective-copying,phase2,final,10,8192,0,256,1262,0,0.49296875,0.0,horizon,5.20700740814209
selective-copying,phase2,final,10,12288,0,256,1236,0,0.4828125,0.0,horizon,7.781333923339844
selective-copying,phase2,final,10,16384,0,256,689,0,0.269140625,0.0,horizon,10.65265679359436
selective-copying,phase2,final,10,24576,0,256,698,0,0.27265625,0.0,horizon,16.223963260650635
selective-copying,phase2,final,10,32768,0,256,668,0,0.2609375,0.0,horizon,22.367404222488403
selective-copying,phase2,final,10,49152,0,256,692,0,0.2703125,0.0,horizon,33.68125367164612
selective-copying,phase2,final,10,65536,0,256,412,0,0.1609375,0.0,horizon,46.12261748313904
selective-copying,phase2,final,10,98304,0,256,509,0,0.198828125,0.0,horizon,71.34908771514893
selective-copying,phase2,final,10,131072,0,256,430,0,0.16796875,0.0,horizon,170.0950448513031
selective-copying,phase2,final,16,1,0,256,3300,3,0.8056640625,0.01171875,horizon,0.03917551040649414
selective-copying,phase2,final,16,2,0,256,3337,6,0.814697265625,0.0234375,horizon,0.03938698768615723
selective-copying,phase2,final,16,3,0,256,3345,5,0.816650390625,0.01953125,horizon,0.04005169868469238
selective-copying,phase2,final,16,4,0,256,3258,5,0.79541015625,0.01953125,horizon,0.039299726486206055
selective-copying,phase2,final,16,5,0,256,3022,1,0.73779296875,0.00390625,horizon,0.04027295112609863
selective-copying,phase2,final,16,6,0,256,3128,0,0.763671875,0.0,horizon,0.041361331939697266
selective-copying,phase2,final,16,7,0,256,3190,3,0.77880859375,0.01171875,horizon,0.04433131217956543
selective-copying,phase2,final,16,8,0,256,2994,1,0.73095703125,0.00390625,horizon,0.04112052917480469
selective-copying,phase2,final,16,9,0,256,2868,1,0.7001953125,0.00390625,horizon,0.04418754577636719
selective-copying,phase2,final,16,10,0,256,3010,1,0.73486328125,0.00390625,horizon,0.04250669479370117
selective-copying,phase2,final,16,11,0,256,3062,1,0.74755859375,0.00390625,horizon,0.04202914237976074
selective-copying,phase2,final,16,12,0,256,2894,0,0.70654296875,0.0,horizon,0.040712594985961914
selective-copying,phase2,final,16,13,0,256,2751,0,0.671630859375,0.0,horizon,0.03949403762817383
selective-copying,phase2,final,16,14,0,256,2868,0,0.7001953125,0.0,horizon,0.03904581069946289
selective-copying,phase2,final,16,16,0,256,2868,0,0.7001953125,0.0,horizon,0.03766059875488281
selective-copying,phase2,final,16,24,0,256,2643,0,0.645263671875,0.0,horizon,0.038405418395996094
selective-copying,phase2,final,16,32,0,256,2633,0,0.642822265625,0.0,horizon,0.045716047286987305
selective-copying,phase2,final,16,48,0,256,2430,0,0.59326171875,0.0,horizon,0.0470280647277832
selective-copying,phase2,final,16,64,0,256,2358,0,0.57568359375,0.0,horizon,0.05054354667663574
selective-copying,phase2,final,16,96,0,256,2280,0,0.556640625,0.0,horizon,0.054839134216308594
selective-copying,phase2,final,16,128,0,256,2355,0,0.574951171875,0.0,horizon,0.09041309356689453
selective-copying,phase2,final,16,192,0,256,2312,0,0.564453125,0.0,horizon,0.11139535903930664
selective-copying,phase2,final,16,256,0,256,2228,0,0.5439453125,0.0,horizon,0.14705896377563477
selective-copying,phase2,final,16,384,0,256,2109,0,0.514892578125,0.0,horizon,0.2089991569519043
selective-copying,phase2,final,16,512,0,256,2183,0,0.532958984375,0.0,horizon,0.2645151615142822
selective-copying,phase2,final,16,768,0,256,2140,0,0.5224609375,0.0,horizon,0.41855955123901367
selective-copying,phase2,final,16,1024,0,256,1986,0,0.48486328125,0.0,horizon,0.583188533782959
selective-copying,phase2,final,16,1536,0,256,2017,0,0.492431640625,0.0,horizon,0.9021055698394775
selective-copying,phase2,final,16,2048,0,256,1987,0,0.485107421875,0.0,horizon,1.18996262550354
selective-copying,phase2,final,16,3072,0,256,1936,0,0.47265625,0.0,horizon,1.8010287284851074
selective-copying,phase2,final,16,4096,0,256,1612,0,0.3935546875,0.0,horizon,2.6520676612854004
selective-copying,phase2,final,16,6144,0,256,1515,0,0.369873046875,0.0,horizon,3.9134907722473145
selective-copying,phase2,final,16,8192,0,256,1472,0,0.359375,0.0,horizon,5.2316460609436035
selective-copying,phase2,final,16,12288,0,256,1475,0,0.360107421875,0.0,horizon,7.820265293121338
selective-copying,phase2,final,16,16384,0,256,1059,0,0.258544921875,0.0,horizon,10.700347185134888
selective-copying,phase2,final,16,24576,0,256,1072,0,0.26171875,0.0,horizon,16.298444271087646
selective-copying,phase2,final,16,32768,0,256,1055,0,0.257568359375,0.0,horizon,22.3456392288208
selective-copying,phase2,final,16,49152,0,256,1082,0,0.26416015625,0.0,horizon,33.73252630233765
selective-copying,phase2,final,16,65536,0,256,706,0,0.17236328125,0.0,horizon,46.0682647228241
selective-copying,phase2,final,16,98304,0,256,743,0,0.181396484375,0.0,horizon,70.77528357505798
selective-copying,phase2,final,16,131072,0,256,731,0,0.178466796875,0.0,horizon,166.9337329864502
selective-copying,phase2,final,32,1,0,256,4537,0,0.5538330078125,0.0,horizon,0.048059701919555664
selective-copying,phase2,final,32,2,0,256,4680,0,0.5712890625,0.0,horizon,0.04681539535522461
selective-copying,phase2,final,32,3,0,256,4650,0,0.567626953125,0.0,horizon,0.045720577239990234
selective-copying,phase2,final,32,4,0,256,4530,0,0.552978515625,0.0,horizon,0.045571327209472656
selective-copying,phase2,final,32,5,0,256,4305,0,0.5255126953125,0.0,horizon,0.04634714126586914
selective-copying,phase2,final,32,6,0,256,4569,0,0.5577392578125,0.0,horizon,0.04845142364501953
selective-copying,phase2,final,32,7,0,256,4608,0,0.5625,0.0,horizon,0.048581838607788086
selective-copying,phase2,final,32,8,0,256,4408,0,0.5380859375,0.0,horizon,0.04709196090698242
selective-copying,phase2,final,32,9,0,256,4082,0,0.498291015625,0.0,horizon,0.04837465286254883
selective-copying,phase2,final,32,10,0,256,4355,0,0.5316162109375,0.0,horizon,0.04970598220825195
selective-copying,phase2,final,32,11,0,256,4391,0,0.5360107421875,0.0,horizon,0.04914665222167969
selective-copying,phase2,final,32,12,0,256,4259,0,0.5198974609375,0.0,horizon,0.048857688903808594
selective-copying,phase2,final,32,13,0,256,3884,0,0.47412109375,0.0,horizon,0.0482940673828125
selective-copying,phase2,final,32,14,0,256,4052,0,0.49462890625,0.0,horizon,0.049318790435791016
selective-copying,phase2,final,32,16,0,256,4035,0,0.4925537109375,0.0,horizon,0.04722738265991211
selective-copying,phase2,final,32,24,0,256,3679,0,0.4490966796875,0.0,horizon,0.04947805404663086
selective-copying,phase2,final,32,32,0,256,3574,0,0.436279296875,0.0,horizon,0.04805803298950195
selective-copying,phase2,final,32,48,0,256,3562,0,0.434814453125,0.0,horizon,0.050722360610961914
selective-copying,phase2,final,32,64,0,256,3430,0,0.418701171875,0.0,horizon,0.057549238204956055
selective-copying,phase2,final,32,96,0,256,3311,0,0.4041748046875,0.0,horizon,0.06776690483093262
selective-copying,phase2,final,32,128,0,256,3225,0,0.3936767578125,0.0,horizon,0.08384323120117188
selective-copying,phase2,final,32,192,0,256,3150,0,0.384521484375,0.0,horizon,0.12868165969848633
selective-copying,phase2,final,32,256,0,256,3110,0,0.379638671875,0.0,horizon,0.15924715995788574
selective-copying,phase2,final,32,384,0,256,3032,0,0.3701171875,0.0,horizon,0.22100472450256348
selective-copying,phase2,final,32,512,0,256,2941,0,0.3590087890625,0.0,horizon,0.2831721305847168
selective-copying,phase2,final,32,768,0,256,2888,0,0.3525390625,0.0,horizon,0.4140899181365967
selective-copying,phase2,final,32,1024,0,256,2855,0,0.3485107421875,0.0,horizon,0.5949497222900391
selective-copying,phase2,final,32,1536,0,256,2782,0,0.339599609375,0.0,horizon,0.8823909759521484
selective-copying,phase2,final,32,2048,0,256,2648,0,0.3232421875,0.0,horizon,1.1794331073760986
selective-copying,phase2,final,32,3072,0,256,2636,0,0.32177734375,0.0,horizon,1.759902000427246
selective-copying,phase2,final,32,4096,0,256,2513,0,0.3067626953125,0.0,horizon,2.5833640098571777
selective-copying,phase2,final,32,6144,0,256,2360,0,0.2880859375,0.0,horizon,3.819056749343872
selective-copying,phase2,final,32,8192,0,256,2337,0,0.2852783203125,0.0,horizon,5.093843460083008
selective-copying,phase2,final,32,12288,0,256,2224,0,0.271484375,0.0,horizon,7.605711221694946
selective-copying,phase2,final,32,16384,0,256,1814,0,0.221435546875,0.0,horizon,10.425344228744507
selective-copying,phase2,final,32,24576,0,256,1848,0,0.2255859375,0.0,horizon,15.84970211982727
selective-copying,phase2,final,32,32768,0,256,1624,0,0.1982421875,0.0,horizon,21.736921310424805
selective-copying,phase2,final,32,49152,0,256,1616,0,0.197265625,0.0,horizon,32.76384210586548
selective-copying,phase2,final,32,65536,0,256,1273,0,0.1553955078125,0.0,horizon,44.89142179489136
selective-copying,phase2,final,32,98304,0,256,1364,0,0.16650390625,0.0,horizon,69.48765516281128
selective-copying,phase2,final,32,131072,0,256,1271,0,0.1551513671875,0.0,horizon,165.6717426776886
selective-copying,phase2,final,64,1,0,256,5489,0,0.33502197265625,0.0,horizon,0.05446290969848633
selective-copying,phase2,final,64,2,0,256,5854,0,0.3572998046875,0.0,horizon,0.06134295463562012
selective-copying,phase2,final,64,3,0,256,5961,0,0.36383056640625,0.0,horizon,0.05994749069213867
selective-copying,phase2,final,64,4,0,256,5979,0,0.36492919921875,0.0,horizon,0.061029672622680664
selective-copying,phase2,final,64,5,0,256,5905,0,0.36041259765625,0.0,horizon,0.06190133094787598
selective-copying,phase2,final,64,6,0,256,6041,0,0.36871337890625,0.0,horizon,0.06011509895324707
selective-copying,phase2,final,64,7,0,256,6182,0,0.3773193359375,0.0,horizon,0.06001162528991699
selective-copying,phase2,final,64,8,0,256,6055,0,0.36956787109375,0.0,horizon,0.05949878692626953
selective-copying,phase2,final,64,9,0,256,5880,0,0.35888671875,0.0,horizon,0.0620112419128418
selective-copying,phase2,final,64,10,0,256,5885,0,0.35919189453125,0.0,horizon,0.06155109405517578
selective-copying,phase2,final,64,11,0,256,6040,0,0.36865234375,0.0,horizon,0.060446739196777344
selective-copying,phase2,final,64,12,0,256,5978,0,0.3648681640625,0.0,horizon,0.05905032157897949
selective-copying,phase2,final,64,13,0,256,5483,0,0.33465576171875,0.0,horizon,0.06051754951477051
selective-copying,phase2,final,64,14,0,256,5482,0,0.3345947265625,0.0,horizon,0.06180572509765625
selective-copying,phase2,final,64,16,0,256,5693,0,0.34747314453125,0.0,horizon,0.061147212982177734
selective-copying,phase2,final,64,24,0,256,5328,0,0.3251953125,0.0,horizon,0.06371140480041504
selective-copying,phase2,final,64,32,0,256,5224,0,0.31884765625,0.0,horizon,0.06497025489807129
selective-copying,phase2,final,64,48,0,256,4895,0,0.29876708984375,0.0,horizon,0.0756068229675293
selective-copying,phase2,final,64,64,0,256,4618,0,0.2818603515625,0.0,horizon,0.08462858200073242
selective-copying,phase2,final,64,96,0,256,4782,0,0.2918701171875,0.0,horizon,0.10011506080627441
selective-copying,phase2,final,64,128,0,256,4636,0,0.282958984375,0.0,horizon,0.1266951560974121
selective-copying,phase2,final,64,192,0,256,4323,0,0.26385498046875,0.0,horizon,0.1588592529296875
selective-copying,phase2,final,64,256,0,256,4265,0,0.26031494140625,0.0,horizon,0.1858501434326172
selective-copying,phase2,final,64,384,0,256,4319,0,0.26361083984375,0.0,horizon,0.25070953369140625
selective-copying,phase2,final,64,512,0,256,4302,0,0.2625732421875,0.0,horizon,0.31855154037475586
selective-copying,phase2,final,64,768,0,256,4270,0,0.2606201171875,0.0,horizon,0.44248175621032715
selective-copying,phase2,final,64,1024,0,256,3944,0,0.24072265625,0.0,horizon,0.6409797668457031
selective-copying,phase2,final,64,1536,0,256,3895,0,0.23773193359375,0.0,horizon,0.9298257827758789
selective-copying,phase2,final,64,2048,0,256,3882,0,0.2369384765625,0.0,horizon,1.2226169109344482
selective-copying,phase2,final,64,3072,0,256,3798,0,0.2318115234375,0.0,horizon,1.8029282093048096
selective-copying,phase2,final,64,4096,0,256,3441,0,0.21002197265625,0.0,horizon,2.6450934410095215
selective-copying,phase2,final,64,6144,0,256,3324,0,0.202880859375,0.0,horizon,3.8896281719207764
selective-copying,phase2,final,64,8192,0,256,3243,0,0.19793701171875,0.0,horizon,5.174359321594238
selective-copying,phase2,final,64,12288,0,256,3174,0,0.1937255859375,0.0,horizon,7.698394060134888
selective-copying,phase2,final,64,16384,0,256,2856,0,0.17431640625,0.0,horizon,10.541270971298218
selective-copying,phase2,final,64,24576,0,256,2641,0,0.16119384765625,0.0,horizon,16.022849798202515
selective-copying,phase2,final,64,32768,0,256,2625,0,0.16021728515625,0.0,horizon,21.90593671798706
selective-copying,phase2,final,64,49152,0,256,2560,0,0.15625,0.0,horizon,32.971595764160156
selective-copying,phase2,final,64,65536,0,256,2324,0,0.141845703125,0.0,horizon,45.10805559158325
selective-copying,phase2,final,64,98304,0,256,2304,0,0.140625,0.0,horizon,69.86194658279419
selective-copying,phase2,final,64,131072,0,256,2240,0,0.13671875,0.0,horizon,167.33185505867004
selective-copying,phase2,final,10,16,7,256,1899,17,0.741796875,0.06640625,prefix,0.041259765625
selective-copying,phase2,final,10,16,15,256,2004,15,0.7828125,0.05859375,prefix,0.03942537307739258
selective-copying,phase2,final,10,16,63,256,1941,17,0.758203125,0.06640625,prefix,0.049335479736328125
selective-copying,phase2,final,10,64,7,256,1766,7,0.68984375,0.02734375,prefix,0.050512075424194336
selective-copying,phase2,final,10,64,15,256,1791,7,0.699609375,0.02734375,prefix,0.05110049247741699
selective-copying,phase2,final,10,64,63,256,1858,4,0.72578125,0.015625,prefix,0.0627896785736084
selective-copying,phase2,final,10,256,7,256,1718,5,0.67109375,0.01953125,prefix,0.14429712295532227
selective-copying,phase2,final,10,256,15,256,1685,3,0.658203125,0.01171875,prefix,0.14654922485351562
selective-copying,phase2,final,10,256,63,256,1708,0,0.6671875,0.0,prefix,0.1661701202392578
selective-copying,phase2,final,10,2048,7,256,1419,1,0.554296875,0.00390625,prefix,1.193939447402954
selective-copying,phase2,final,10,2048,15,256,1482,0,0.57890625,0.0,prefix,1.1796550750732422
selective-copying,phase2,final,10,2048,63,256,1535,0,0.599609375,0.0,prefix,1.2148830890655518
selective-copying,phase2,final,16,16,7,256,2842,0,0.69384765625,0.0,prefix,0.04091286659240723
selective-copying,phase2,final,16,16,15,256,2906,0,0.70947265625,0.0,prefix,0.04091310501098633
selective-copying,phase2,final,16,16,63,256,2901,0,0.708251953125,0.0,prefix,0.05115675926208496
selective-copying,phase2,final,16,64,7,256,2473,0,0.603759765625,0.0,prefix,0.05074667930603027
selective-copying,phase2,final,16,64,15,256,2462,0,0.60107421875,0.0,prefix,0.05156970024108887
selective-copying,phase2,final,16,64,63,256,2396,0,0.5849609375,0.0,prefix,0.06466460227966309
selective-copying,phase2,final,16,256,7,256,2230,0,0.54443359375,0.0,prefix,0.14089441299438477
selective-copying,phase2,final,16,256,15,256,2207,0,0.538818359375,0.0,prefix,0.14934539794921875
selective-copying,phase2,final,16,256,63,256,2231,0,0.544677734375,0.0,prefix,0.1730947494506836
selective-copying,phase2,final,16,2048,7,256,2019,0,0.492919921875,0.0,prefix,1.2162096500396729
selective-copying,phase2,final,16,2048,15,256,1876,0,0.4580078125,0.0,prefix,1.1972014904022217
selective-copying,phase2,final,16,2048,63,256,1952,0,0.4765625,0.0,prefix,1.2181012630462646
selective-copying,phase2,final,32,16,7,256,3730,0,0.455322265625,0.0,prefix,0.05243563652038574
selective-copying,phase2,final,32,16,15,256,3823,0,0.4666748046875,0.0,prefix,0.05330634117126465
selective-copying,phase2,final,32,16,63,256,3947,0,0.4818115234375,0.0,prefix,0.05672597885131836
selective-copying,phase2,final,32,64,7,256,3421,0,0.4176025390625,0.0,prefix,0.05869030952453613
selective-copying,phase2,final,32,64,15,256,3464,0,0.4228515625,0.0,prefix,0.06049656867980957
selective-copying,phase2,final,32,64,63,256,3464,0,0.4228515625,0.0,prefix,0.08088231086730957
selective-copying,phase2,final,32,256,7,256,3113,0,0.3800048828125,0.0,prefix,0.1609938144683838
selective-copying,phase2,final,32,256,15,256,3204,0,0.39111328125,0.0,prefix,0.170121431350708
selective-copying,phase2,final,32,256,63,256,3119,0,0.3807373046875,0.0,prefix,0.19401836395263672
selective-copying,phase2,final,32,2048,7,256,2690,0,0.328369140625,0.0,prefix,1.2202997207641602
selective-copying,phase2,final,32,2048,15,256,2668,0,0.32568359375,0.0,prefix,1.2054827213287354
selective-copying,phase2,final,32,2048,63,256,2735,0,0.3338623046875,0.0,prefix,1.2449111938476562
selective-copying,phase2,final,64,16,7,256,5651,0,0.34490966796875,0.0,prefix,0.06772232055664062
selective-copying,phase2,final,64,16,15,256,5379,0,0.32830810546875,0.0,prefix,0.06826448440551758
selective-copying,phase2,final,64,16,63,256,5437,0,0.33184814453125,0.0,prefix,0.08847260475158691
selective-copying,phase2,final,64,64,7,256,5031,0,0.30706787109375,0.0,prefix,0.08871841430664062
selective-copying,phase2,final,64,64,15,256,4958,0,0.3026123046875,0.0,prefix,0.08997535705566406
selective-copying,phase2,final,64,64,63,256,4709,0,0.28741455078125,0.0,prefix,0.11112332344055176
selective-copying,phase2,final,64,256,7,256,4564,0,0.278564453125,0.0,prefix,0.19561100006103516
selective-copying,phase2,final,64,256,15,256,4708,0,0.287353515625,0.0,prefix,0.20548701286315918
selective-copying,phase2,final,64,256,63,256,4334,0,0.2645263671875,0.0,prefix,0.22836041450500488
selective-copying,phase2,final,64,2048,7,256,4066,0,0.2481689453125,0.0,prefix,1.2493817806243896
selective-copying,phase2,final,64,2048,15,256,3938,0,0.2403564453125,0.0,prefix,1.2442400455474854
selective-copying,phase2,final,64,2048,63,256,3864,0,0.23583984375,0.0,prefix,1.277757167816162
selective-copying,phase2,final,128,16,0,256,7653,0,0.233551025390625,0.0,unseen-memory,0.12950348854064941
selective-copying,phase2,final,128,16,15,256,7712,0,0.2353515625,0.0,unseen-memory,0.1419510841369629
selective-copying,phase2,final,128,64,0,256,7083,0,0.216156005859375,0.0,unseen-memory,0.15505290031433105
selective-copying,phase2,final,128,64,15,256,7469,0,0.227935791015625,0.0,unseen-memory,0.16887664794921875
selective-copying,phase2,final,128,256,0,256,6594,0,0.20123291015625,0.0,unseen-memory,0.25461864471435547
selective-copying,phase2,final,128,256,15,256,6864,0,0.20947265625,0.0,unseen-memory,0.2713942527770996
selective-copying,phase2,final,128,2048,0,256,5988,0,0.1827392578125,0.0,unseen-memory,1.296560525894165
selective-copying,phase2,final,128,2048,15,256,6279,0,0.191619873046875,0.0,unseen-memory,1.3190431594848633
selective-copying,binding,best,10,1,0,256,1509,0,0.589453125,0.0,horizon,0.6703968048095703
selective-copying,binding,best,10,2,0,256,1432,0,0.559375,0.0,horizon,0.046543121337890625
selective-copying,binding,best,10,3,0,256,1330,0,0.51953125,0.0,horizon,0.047812700271606445
selective-copying,binding,best,10,4,0,256,1262,0,0.49296875,0.0,horizon,0.04567408561706543
selective-copying,binding,best,10,5,0,256,1214,0,0.47421875,0.0,horizon,0.04712200164794922
selective-copying,binding,best,10,6,0,256,1275,0,0.498046875,0.0,horizon,0.046135902404785156
selective-copying,binding,best,10,7,0,256,1255,0,0.490234375,0.0,horizon,0.047777652740478516
selective-copying,binding,best,10,8,0,256,1286,0,0.50234375,0.0,horizon,0.04603099822998047
selective-copying,binding,best,10,9,0,256,1245,0,0.486328125,0.0,horizon,0.046642303466796875
selective-copying,binding,best,10,10,0,256,1310,0,0.51171875,0.0,horizon,0.04621148109436035
selective-copying,binding,best,10,11,0,256,1278,0,0.49921875,0.0,horizon,0.046476125717163086
selective-copying,binding,best,10,12,0,256,1223,0,0.477734375,0.0,horizon,0.04826474189758301
selective-copying,binding,best,10,13,0,256,1287,0,0.502734375,0.0,horizon,0.049452781677246094
selective-copying,binding,best,10,14,0,256,1390,0,0.54296875,0.0,horizon,0.05008077621459961
selective-copying,binding,best,10,16,0,256,1400,0,0.546875,0.0,horizon,0.052726030349731445
selective-copying,binding,best,10,24,0,256,1129,0,0.441015625,0.0,horizon,0.05293631553649902
selective-copying,binding,best,10,32,0,256,1229,0,0.480078125,0.0,horizon,0.05167365074157715
selective-copying,binding,best,10,48,0,256,1079,0,0.421484375,0.0,horizon,0.06305599212646484
selective-copying,binding,best,10,64,0,256,1097,0,0.428515625,0.0,horizon,0.06370091438293457
selective-copying,binding,best,10,96,0,256,1094,0,0.42734375,0.0,horizon,0.0661478042602539
selective-copying,binding,best,10,128,0,256,1008,0,0.39375,0.0,horizon,0.07825732231140137
selective-copying,binding,best,10,192,0,256,970,0,0.37890625,0.0,horizon,0.11945557594299316
selective-copying,binding,best,10,256,0,256,884,0,0.3453125,0.0,horizon,0.17486882209777832
selective-copying,binding,best,10,384,0,256,889,0,0.347265625,0.0,horizon,0.3119995594024658
selective-copying,binding,best,10,512,0,256,833,0,0.325390625,0.0,horizon,0.36749958992004395
selective-copying,binding,best,10,768,0,256,817,0,0.319140625,0.0,horizon,0.5284433364868164
selective-copying,binding,best,10,1024,0,256,717,0,0.280078125,0.0,horizon,0.7944095134735107
selective-copying,binding,best,10,1536,0,256,711,0,0.277734375,0.0,horizon,1.1886470317840576
selective-copying,binding,best,10,2048,0,256,669,0,0.261328125,0.0,horizon,1.6003870964050293
selective-copying,binding,best,10,3072,0,256,670,0,0.26171875,0.0,horizon,2.3901894092559814
selective-copying,binding,best,10,4096,0,256,634,0,0.24765625,0.0,horizon,3.4443016052246094
selective-copying,binding,best,10,6144,0,256,655,0,0.255859375,0.0,horizon,5.149488687515259
selective-copying,binding,best,10,8192,0,256,637,0,0.248828125,0.0,horizon,6.863235235214233
selective-copying,binding,best,10,12288,0,256,611,0,0.238671875,0.0,horizon,10.19797682762146
selective-copying,binding,best,10,16384,0,256,597,0,0.233203125,0.0,horizon,13.868939876556396
selective-copying,binding,best,10,24576,0,256,585,0,0.228515625,0.0,horizon,21.013583421707153
selective-copying,binding,best,10,32768,0,256,596,0,0.2328125,0.0,horizon,28.67840266227722
selective-copying,binding,best,10,49152,0,256,569,0,0.222265625,0.0,horizon,43.22656488418579
selective-copying,binding,best,10,65536,0,256,571,0,0.223046875,0.0,horizon,57.38045573234558
selective-copying,binding,best,10,98304,0,256,585,0,0.228515625,0.0,horizon,89.29794883728027
selective-copying,binding,best,10,131072,0,256,539,0,0.210546875,0.0,horizon,235.1365647315979
selective-copying,binding,best,16,1,0,256,2242,0,0.54736328125,0.0,horizon,0.04848670959472656
selective-copying,binding,best,16,2,0,256,2234,0,0.54541015625,0.0,horizon,0.04845833778381348
selective-copying,binding,best,16,3,0,256,2038,0,0.49755859375,0.0,horizon,0.04885673522949219
selective-copying,binding,best,16,4,0,256,1871,0,0.456787109375,0.0,horizon,0.048250675201416016
selective-copying,binding,best,16,5,0,256,1952,0,0.4765625,0.0,horizon,0.04911160469055176
selective-copying,binding,best,16,6,0,256,1997,0,0.487548828125,0.0,horizon,0.049449920654296875
selective-copying,binding,best,16,7,0,256,2005,0,0.489501953125,0.0,horizon,0.04933905601501465
selective-copying,binding,best,16,8,0,256,1855,0,0.452880859375,0.0,horizon,0.048673152923583984
selective-copying,binding,best,16,9,0,256,1895,0,0.462646484375,0.0,horizon,0.049576759338378906
selective-copying,binding,best,16,10,0,256,1751,0,0.427490234375,0.0,horizon,0.049356698989868164
selective-copying,binding,best,16,11,0,256,1683,0,0.410888671875,0.0,horizon,0.049633026123046875
selective-copying,binding,best,16,12,0,256,1545,0,0.377197265625,0.0,horizon,0.04870271682739258
selective-copying,binding,best,16,13,0,256,1583,0,0.386474609375,0.0,horizon,0.04919934272766113
selective-copying,binding,best,16,14,0,256,1477,0,0.360595703125,0.0,horizon,0.0478518009185791
selective-copying,binding,best,16,16,0,256,1457,0,0.355712890625,0.0,horizon,0.04622793197631836
selective-copying,binding,best,16,24,0,256,1545,0,0.377197265625,0.0,horizon,0.04741382598876953
selective-copying,binding,best,16,32,0,256,1407,0,0.343505859375,0.0,horizon,0.060628414154052734
selective-copying,binding,best,16,48,0,256,1448,0,0.353515625,0.0,horizon,0.06431126594543457
selective-copying,binding,best,16,64,0,256,1430,0,0.34912109375,0.0,horizon,0.0668191909790039
selective-copying,binding,best,16,96,0,256,1445,0,0.352783203125,0.0,horizon,0.07167768478393555
selective-copying,binding,best,16,128,0,256,1349,0,0.329345703125,0.0,horizon,0.10138630867004395
selective-copying,binding,best,16,192,0,256,1252,0,0.3056640625,0.0,horizon,0.15747976303100586
selective-copying,binding,best,16,256,0,256,1154,0,0.28173828125,0.0,horizon,0.20908665657043457
selective-copying,binding,best,16,384,0,256,1193,0,0.291259765625,0.0,horizon,0.27709126472473145
selective-copying,binding,best,16,512,0,256,1074,0,0.26220703125,0.0,horizon,0.35764312744140625
selective-copying,binding,best,16,768,0,256,1001,0,0.244384765625,0.0,horizon,0.5646605491638184
selective-copying,binding,best,16,1024,0,256,864,0,0.2109375,0.0,horizon,0.7887928485870361
selective-copying,binding,best,16,1536,0,256,904,0,0.220703125,0.0,horizon,1.1813812255859375
selective-copying,binding,best,16,2048,0,256,830,0,0.20263671875,0.0,horizon,1.5681126117706299
selective-copying,binding,best,16,3072,0,256,848,0,0.20703125,0.0,horizon,2.3615400791168213
selective-copying,binding,best,16,4096,0,256,812,0,0.1982421875,0.0,horizon,3.4061689376831055
selective-copying,binding,best,16,6144,0,256,778,0,0.18994140625,0.0,horizon,5.066171407699585
selective-copying,binding,best,16,8192,0,256,790,0,0.19287109375,0.0,horizon,6.726696014404297
selective-copying,binding,best,16,12288,0,256,792,0,0.193359375,0.0,horizon,10.04460072517395
selective-copying,binding,best,16,16384,0,256,768,0,0.1875,0.0,horizon,13.679009914398193
selective-copying,binding,best,16,24576,0,256,776,0,0.189453125,0.0,horizon,20.653801441192627
selective-copying,binding,best,16,32768,0,256,732,0,0.1787109375,0.0,horizon,28.09255862236023
selective-copying,binding,best,16,49152,0,256,760,0,0.185546875,0.0,horizon,42.26081657409668
selective-copying,binding,best,16,65536,0,256,660,0,0.1611328125,0.0,horizon,57.290618658065796
selective-copying,binding,best,16,98304,0,256,712,0,0.173828125,0.0,horizon,88.98603057861328
selective-copying,binding,best,16,131072,0,256,713,0,0.174072265625,0.0,horizon,234.93059539794922
selective-copying,binding,best,32,1,0,256,3080,0,0.3759765625,0.0,horizon,0.06336474418640137
selective-copying,binding,best,32,2,0,256,2884,0,0.35205078125,0.0,horizon,0.06234574317932129
selective-copying,binding,best,32,3,0,256,2750,0,0.335693359375,0.0,horizon,0.06119418144226074
selective-copying,binding,best,32,4,0,256,2626,0,0.320556640625,0.0,horizon,0.062315940856933594
selective-copying,binding,best,32,5,0,256,2629,0,0.3209228515625,0.0,horizon,0.06205153465270996
selective-copying,binding,best,32,6,0,256,2614,0,0.319091796875,0.0,horizon,0.06245994567871094
selective-copying,binding,best,32,7,0,256,2539,0,0.3099365234375,0.0,horizon,0.06349849700927734
selective-copying,binding,best,32,8,0,256,2446,0,0.298583984375,0.0,horizon,0.06176400184631348
selective-copying,binding,best,32,9,0,256,2472,0,0.3017578125,0.0,horizon,0.06223917007446289
selective-copying,binding,best,32,10,0,256,2457,0,0.2999267578125,0.0,horizon,0.06345319747924805
selective-copying,binding,best,32,11,0,256,2429,0,0.2965087890625,0.0,horizon,0.06261682510375977
selective-copying,binding,best,32,12,0,256,2301,0,0.2808837890625,0.0,horizon,0.06205415725708008
selective-copying,binding,best,32,13,0,256,2251,0,0.2747802734375,0.0,horizon,0.06300544738769531
selective-copying,binding,best,32,14,0,256,2210,0,0.269775390625,0.0,horizon,0.06268453598022461
selective-copying,binding,best,32,16,0,256,2185,0,0.2667236328125,0.0,horizon,0.061548471450805664
selective-copying,binding,best,32,24,0,256,2210,0,0.269775390625,0.0,horizon,0.0643002986907959
selective-copying,binding,best,32,32,0,256,2055,0,0.2508544921875,0.0,horizon,0.06278014183044434
selective-copying,binding,best,32,48,0,256,2053,0,0.2506103515625,0.0,horizon,0.0650172233581543
selective-copying,binding,best,32,64,0,256,2064,0,0.251953125,0.0,horizon,0.07627606391906738
selective-copying,binding,best,32,96,0,256,1987,0,0.2425537109375,0.0,horizon,0.09569001197814941
selective-copying,binding,best,32,128,0,256,1980,0,0.24169921875,0.0,horizon,0.11761355400085449
selective-copying,binding,best,32,192,0,256,2006,0,0.244873046875,0.0,horizon,0.17130589485168457
selective-copying,binding,best,32,256,0,256,1789,0,0.2183837890625,0.0,horizon,0.21644020080566406
selective-copying,binding,best,32,384,0,256,1754,0,0.214111328125,0.0,horizon,0.30472350120544434
selective-copying,binding,best,32,512,0,256,1705,0,0.2081298828125,0.0,horizon,0.39557504653930664
selective-copying,binding,best,32,768,0,256,1582,0,0.193115234375,0.0,horizon,0.5617926120758057
selective-copying,binding,best,32,1024,0,256,1397,0,0.1705322265625,0.0,horizon,0.8197081089019775
selective-copying,binding,best,32,1536,0,256,1446,0,0.176513671875,0.0,horizon,1.2017457485198975
selective-copying,binding,best,32,2048,0,256,1252,0,0.15283203125,0.0,horizon,1.5896353721618652
selective-copying,binding,best,32,3072,0,256,1367,0,0.1668701171875,0.0,horizon,2.394548177719116
selective-copying,binding,best,32,4096,0,256,1241,0,0.1514892578125,0.0,horizon,3.422252893447876
selective-copying,binding,best,32,6144,0,256,1322,0,0.161376953125,0.0,horizon,5.093616247177124
selective-copying,binding,best,32,8192,0,256,1247,0,0.1522216796875,0.0,horizon,6.783003091812134
selective-copying,binding,best,32,12288,0,256,1280,0,0.15625,0.0,horizon,10.106492042541504
selective-copying,binding,best,32,16384,0,256,1212,0,0.14794921875,0.0,horizon,13.71757698059082
selective-copying,binding,best,32,24576,0,256,1234,0,0.150634765625,0.0,horizon,20.685940265655518
selective-copying,binding,best,32,32768,0,256,1237,0,0.1510009765625,0.0,horizon,28.225138425827026
selective-copying,binding,best,32,49152,0,256,1234,0,0.150634765625,0.0,horizon,42.313405990600586
selective-copying,binding,best,32,65536,0,256,1103,0,0.1346435546875,0.0,horizon,57.33503222465515
selective-copying,binding,best,32,98304,0,256,1219,0,0.1488037109375,0.0,horizon,89.0555522441864
selective-copying,binding,best,32,131072,0,256,1198,0,0.146240234375,0.0,horizon,234.3511941432953
selective-copying,binding,best,64,1,0,256,4237,0,0.25860595703125,0.0,horizon,0.0811004638671875
selective-copying,binding,best,64,2,0,256,4270,0,0.2606201171875,0.0,horizon,0.08802247047424316
selective-copying,binding,best,64,3,0,256,4220,0,0.257568359375,0.0,horizon,0.08174943923950195
selective-copying,binding,best,64,4,0,256,4197,0,0.25616455078125,0.0,horizon,0.08011293411254883
selective-copying,binding,best,64,5,0,256,4258,0,0.2598876953125,0.0,horizon,0.0802149772644043
selective-copying,binding,best,64,6,0,256,4340,0,0.264892578125,0.0,horizon,0.08112096786499023
selective-copying,binding,best,64,7,0,256,4294,0,0.2620849609375,0.0,horizon,0.08164000511169434
selective-copying,binding,best,64,8,0,256,4127,0,0.25189208984375,0.0,horizon,0.08152484893798828
selective-copying,binding,best,64,9,0,256,4256,0,0.259765625,0.0,horizon,0.08286333084106445
selective-copying,binding,best,64,10,0,256,4095,0,0.24993896484375,0.0,horizon,0.08376121520996094
selective-copying,binding,best,64,11,0,256,4146,0,0.2530517578125,0.0,horizon,0.0890815258026123
selective-copying,binding,best,64,12,0,256,4036,0,0.246337890625,0.0,horizon,0.08085870742797852
selective-copying,binding,best,64,13,0,256,3939,0,0.24041748046875,0.0,horizon,0.08522987365722656
selective-copying,binding,best,64,14,0,256,3907,0,0.23846435546875,0.0,horizon,0.08728861808776855
selective-copying,binding,best,64,16,0,256,3853,0,0.23516845703125,0.0,horizon,0.08720660209655762
selective-copying,binding,best,64,24,0,256,3922,0,0.2393798828125,0.0,horizon,0.09047198295593262
selective-copying,binding,best,64,32,0,256,3796,0,0.231689453125,0.0,horizon,0.09575986862182617
selective-copying,binding,best,64,48,0,256,3537,0,0.21588134765625,0.0,horizon,0.1072545051574707
selective-copying,binding,best,64,64,0,256,3226,0,0.1968994140625,0.0,horizon,0.11615967750549316
selective-copying,binding,best,64,96,0,256,3294,0,0.2010498046875,0.0,horizon,0.13808345794677734
selective-copying,binding,best,64,128,0,256,3181,0,0.19415283203125,0.0,horizon,0.16989922523498535
selective-copying,binding,best,64,192,0,256,2852,0,0.174072265625,0.0,horizon,0.21612930297851562
selective-copying,binding,best,64,256,0,256,2908,0,0.177490234375,0.0,horizon,0.25408267974853516
selective-copying,binding,best,64,384,0,256,2926,0,0.1785888671875,0.0,horizon,0.35233068466186523
selective-copying,binding,best,64,512,0,256,2912,0,0.177734375,0.0,horizon,0.4298088550567627
selective-copying,binding,best,64,768,0,256,2887,0,0.17620849609375,0.0,horizon,0.6068084239959717
selective-copying,binding,best,64,1024,0,256,2481,0,0.15142822265625,0.0,horizon,0.8589317798614502
selective-copying,binding,best,64,1536,0,256,2469,0,0.15069580078125,0.0,horizon,1.2544777393341064
selective-copying,binding,best,64,2048,0,256,2427,0,0.14813232421875,0.0,horizon,1.6462032794952393
selective-copying,binding,best,64,3072,0,256,2375,0,0.14495849609375,0.0,horizon,2.436505079269409
selective-copying,binding,best,64,4096,0,256,2329,0,0.14215087890625,0.0,horizon,3.478173017501831
selective-copying,binding,best,64,6144,0,256,2299,0,0.14031982421875,0.0,horizon,5.13215184211731
selective-copying,binding,best,64,8192,0,256,2258,0,0.1378173828125,0.0,horizon,6.835223436355591
selective-copying,binding,best,64,12288,0,256,2262,0,0.1380615234375,0.0,horizon,10.121836185455322
selective-copying,binding,best,64,16384,0,256,2247,0,0.13714599609375,0.0,horizon,13.757299423217773
selective-copying,binding,best,64,24576,0,256,2259,0,0.13787841796875,0.0,horizon,20.748203992843628
selective-copying,binding,best,64,32768,0,256,2194,0,0.1339111328125,0.0,horizon,28.167653799057007
selective-copying,binding,best,64,49152,0,256,2161,0,0.13189697265625,0.0,horizon,42.26410722732544
selective-copying,binding,best,64,65536,0,256,2053,0,0.12530517578125,0.0,horizon,57.422038316726685
selective-copying,binding,best,64,98304,0,256,2156,0,0.131591796875,0.0,horizon,89.18423295021057
selective-copying,binding,best,64,131072,0,256,2211,0,0.13494873046875,0.0,horizon,235.50349259376526
selective-copying,binding,best,10,16,7,256,1146,0,0.44765625,0.0,prefix,0.05385780334472656
selective-copying,binding,best,10,16,15,256,1387,0,0.541796875,0.0,prefix,0.05297446250915527
selective-copying,binding,best,10,16,63,256,1276,0,0.4984375,0.0,prefix,0.06766152381896973
selective-copying,binding,best,10,64,7,256,1157,0,0.451953125,0.0,prefix,0.06747722625732422
selective-copying,binding,best,10,64,15,256,1192,0,0.465625,0.0,prefix,0.06574726104736328
selective-copying,binding,best,10,64,63,256,1088,0,0.425,0.0,prefix,0.08197379112243652
selective-copying,binding,best,10,256,7,256,891,0,0.348046875,0.0,prefix,0.19096922874450684
selective-copying,binding,best,10,256,15,256,907,0,0.354296875,0.0,prefix,0.19649028778076172
selective-copying,binding,best,10,256,63,256,958,0,0.37421875,0.0,prefix,0.2568094730377197
selective-copying,binding,best,10,2048,7,256,675,0,0.263671875,0.0,prefix,1.5931572914123535
selective-copying,binding,best,10,2048,15,256,725,0,0.283203125,0.0,prefix,1.5960872173309326
selective-copying,binding,best,10,2048,63,256,691,0,0.269921875,0.0,prefix,1.6259260177612305
selective-copying,binding,best,16,16,7,256,1637,0,0.399658203125,0.0,prefix,0.04892730712890625
selective-copying,binding,best,16,16,15,256,1481,0,0.361572265625,0.0,prefix,0.048207998275756836
selective-copying,binding,best,16,16,63,256,1427,0,0.348388671875,0.0,prefix,0.06483888626098633
selective-copying,binding,best,16,64,7,256,1410,0,0.34423828125,0.0,prefix,0.06497573852539062
selective-copying,binding,best,16,64,15,256,1470,0,0.35888671875,0.0,prefix,0.06541132926940918
selective-copying,binding,best,16,64,63,256,1367,0,0.333740234375,0.0,prefix,0.08681964874267578
selective-copying,binding,best,16,256,7,256,1153,0,0.281494140625,0.0,prefix,0.1961042881011963
selective-copying,binding,best,16,256,15,256,1169,0,0.285400390625,0.0,prefix,0.20208287239074707
selective-copying,binding,best,16,256,63,256,1129,0,0.275634765625,0.0,prefix,0.25772881507873535
selective-copying,binding,best,16,2048,7,256,852,0,0.2080078125,0.0,prefix,1.5957307815551758
selective-copying,binding,best,16,2048,15,256,886,0,0.21630859375,0.0,prefix,1.599705696105957
selective-copying,binding,best,16,2048,63,256,865,0,0.211181640625,0.0,prefix,1.6381971836090088
selective-copying,binding,best,32,16,7,256,2428,0,0.29638671875,0.0,prefix,0.0653984546661377
selective-copying,binding,best,32,16,15,256,2192,0,0.267578125,0.0,prefix,0.06362605094909668
selective-copying,binding,best,32,16,63,256,2130,0,0.260009765625,0.0,prefix,0.07677173614501953
selective-copying,binding,best,32,64,7,256,2152,0,0.2626953125,0.0,prefix,0.07687973976135254
selective-copying,binding,best,32,64,15,256,2285,0,0.2789306640625,0.0,prefix,0.08365297317504883
selective-copying,binding,best,32,64,63,256,2008,0,0.2451171875,0.0,prefix,0.11515450477600098
selective-copying,binding,best,32,256,7,256,1856,0,0.2265625,0.0,prefix,0.22378849983215332
selective-copying,binding,best,32,256,15,256,1889,0,0.2305908203125,0.0,prefix,0.2348771095275879
selective-copying,binding,best,32,256,63,256,1804,0,0.22021484375,0.0,prefix,0.25622034072875977
selective-copying,binding,best,32,2048,7,256,1364,0,0.16650390625,0.0,prefix,1.6259090900421143
selective-copying,binding,best,32,2048,15,256,1354,0,0.165283203125,0.0,prefix,1.6240458488464355
selective-copying,binding,best,32,2048,63,256,1333,0,0.1627197265625,0.0,prefix,1.660459280014038
selective-copying,binding,best,64,16,7,256,4141,0,0.25274658203125,0.0,prefix,0.08867955207824707
selective-copying,binding,best,64,16,15,256,4022,0,0.2454833984375,0.0,prefix,0.09258127212524414
selective-copying,binding,best,64,16,63,256,3770,0,0.2301025390625,0.0,prefix,0.12324786186218262
selective-copying,binding,best,64,64,7,256,3492,0,0.213134765625,0.0,prefix,0.12401270866394043
selective-copying,binding,best,64,64,15,256,3539,0,0.21600341796875,0.0,prefix,0.12414669990539551
selective-copying,binding,best,64,64,63,256,3239,0,0.19769287109375,0.0,prefix,0.15469884872436523
selective-copying,binding,best,64,256,7,256,2978,0,0.1817626953125,0.0,prefix,0.2694511413574219
selective-copying,binding,best,64,256,15,256,3027,0,0.18475341796875,0.0,prefix,0.27166223526000977
selective-copying,binding,best,64,256,63,256,2945,0,0.17974853515625,0.0,prefix,0.3074219226837158
selective-copying,binding,best,64,2048,7,256,2432,0,0.1484375,0.0,prefix,1.680314540863037
selective-copying,binding,best,64,2048,15,256,2405,0,0.14678955078125,0.0,prefix,1.687544584274292
selective-copying,binding,best,64,2048,63,256,2458,0,0.1500244140625,0.0,prefix,1.7168605327606201
selective-copying,binding,best,128,16,0,256,5092,0,0.1553955078125,0.0,unseen-memory,0.1779651641845703
selective-copying,binding,best,128,16,15,256,5354,0,0.16339111328125,0.0,unseen-memory,0.1946885585784912
selective-copying,binding,best,128,64,0,256,5154,0,0.15728759765625,0.0,unseen-memory,0.21410107612609863
selective-copying,binding,best,128,64,15,256,5118,0,0.15618896484375,0.0,unseen-memory,0.22765612602233887
selective-copying,binding,best,128,256,0,256,5075,0,0.154876708984375,0.0,unseen-memory,0.34829235076904297
selective-copying,binding,best,128,256,15,256,4776,0,0.145751953125,0.0,unseen-memory,0.36688876152038574
selective-copying,binding,best,128,2048,0,256,4494,0,0.13714599609375,0.0,unseen-memory,1.7417795658111572
selective-copying,binding,best,128,2048,15,256,4454,0,0.13592529296875,0.0,unseen-memory,1.784177303314209
selective-copying,binding,final,10,1,0,256,1509,0,0.589453125,0.0,horizon,0.6705591678619385
selective-copying,binding,final,10,2,0,256,1432,0,0.559375,0.0,horizon,0.050501108169555664
selective-copying,binding,final,10,3,0,256,1330,0,0.51953125,0.0,horizon,0.05418038368225098
selective-copying,binding,final,10,4,0,256,1262,0,0.49296875,0.0,horizon,0.0490264892578125
selective-copying,binding,final,10,5,0,256,1214,0,0.47421875,0.0,horizon,0.05016589164733887
selective-copying,binding,final,10,6,0,256,1275,0,0.498046875,0.0,horizon,0.049721479415893555
selective-copying,binding,final,10,7,0,256,1255,0,0.490234375,0.0,horizon,0.050273895263671875
selective-copying,binding,final,10,8,0,256,1286,0,0.50234375,0.0,horizon,0.0501399040222168
selective-copying,binding,final,10,9,0,256,1245,0,0.486328125,0.0,horizon,0.050568342208862305
selective-copying,binding,final,10,10,0,256,1310,0,0.51171875,0.0,horizon,0.054342031478881836
selective-copying,binding,final,10,11,0,256,1278,0,0.49921875,0.0,horizon,0.05575871467590332
selective-copying,binding,final,10,12,0,256,1223,0,0.477734375,0.0,horizon,0.051455020904541016
selective-copying,binding,final,10,13,0,256,1287,0,0.502734375,0.0,horizon,0.05075716972351074
selective-copying,binding,final,10,14,0,256,1390,0,0.54296875,0.0,horizon,0.04903697967529297
selective-copying,binding,final,10,16,0,256,1400,0,0.546875,0.0,horizon,0.049372196197509766
selective-copying,binding,final,10,24,0,256,1129,0,0.441015625,0.0,horizon,0.04923701286315918
selective-copying,binding,final,10,32,0,256,1229,0,0.480078125,0.0,horizon,0.04974365234375
selective-copying,binding,final,10,48,0,256,1079,0,0.421484375,0.0,horizon,0.0644690990447998
selective-copying,binding,final,10,64,0,256,1097,0,0.428515625,0.0,horizon,0.06706666946411133
selective-copying,binding,final,10,96,0,256,1094,0,0.42734375,0.0,horizon,0.06809496879577637
selective-copying,binding,final,10,128,0,256,1008,0,0.39375,0.0,horizon,0.07987403869628906
selective-copying,binding,final,10,192,0,256,970,0,0.37890625,0.0,horizon,0.12151479721069336
selective-copying,binding,final,10,256,0,256,884,0,0.3453125,0.0,horizon,0.17353558540344238
selective-copying,binding,final,10,384,0,256,889,0,0.347265625,0.0,horizon,0.3027465343475342
selective-copying,binding,final,10,512,0,256,833,0,0.325390625,0.0,horizon,0.37260890007019043
selective-copying,binding,final,10,768,0,256,817,0,0.319140625,0.0,horizon,0.5195457935333252
selective-copying,binding,final,10,1024,0,256,717,0,0.280078125,0.0,horizon,0.7923974990844727
selective-copying,binding,final,10,1536,0,256,711,0,0.277734375,0.0,horizon,1.1826198101043701
selective-copying,binding,final,10,2048,0,256,669,0,0.261328125,0.0,horizon,1.5856971740722656
selective-copying,binding,final,10,3072,0,256,670,0,0.26171875,0.0,horizon,2.360456705093384
selective-copying,binding,final,10,4096,0,256,634,0,0.24765625,0.0,horizon,3.4232890605926514
selective-copying,binding,final,10,6144,0,256,655,0,0.255859375,0.0,horizon,5.12263298034668
selective-copying,binding,final,10,8192,0,256,637,0,0.248828125,0.0,horizon,6.851118087768555
selective-copying,binding,final,10,12288,0,256,611,0,0.238671875,0.0,horizon,10.211782693862915
selective-copying,binding,final,10,16384,0,256,597,0,0.233203125,0.0,horizon,13.868501663208008
selective-copying,binding,final,10,24576,0,256,585,0,0.228515625,0.0,horizon,20.947461366653442
selective-copying,binding,final,10,32768,0,256,596,0,0.2328125,0.0,horizon,28.572277069091797
selective-copying,binding,final,10,49152,0,256,569,0,0.222265625,0.0,horizon,43.17205452919006
selective-copying,binding,final,10,65536,0,256,571,0,0.223046875,0.0,horizon,57.29756712913513
selective-copying,binding,final,10,98304,0,256,585,0,0.228515625,0.0,horizon,89.17046213150024
selective-copying,binding,final,10,131072,0,256,539,0,0.210546875,0.0,horizon,237.32927060127258
selective-copying,binding,final,16,1,0,256,2242,0,0.54736328125,0.0,horizon,0.047331809997558594
selective-copying,binding,final,16,2,0,256,2234,0,0.54541015625,0.0,horizon,0.047066450119018555
selective-copying,binding,final,16,3,0,256,2038,0,0.49755859375,0.0,horizon,0.04806804656982422
selective-copying,binding,final,16,4,0,256,1871,0,0.456787109375,0.0,horizon,0.04632163047790527
selective-copying,binding,final,16,5,0,256,1952,0,0.4765625,0.0,horizon,0.047524452209472656
selective-copying,binding,final,16,6,0,256,1997,0,0.487548828125,0.0,horizon,0.04754972457885742
selective-copying,binding,final,16,7,0,256,2005,0,0.489501953125,0.0,horizon,0.047750234603881836
selective-copying,binding,final,16,8,0,256,1855,0,0.452880859375,0.0,horizon,0.04790496826171875
selective-copying,binding,final,16,9,0,256,1895,0,0.462646484375,0.0,horizon,0.048131704330444336
selective-copying,binding,final,16,10,0,256,1751,0,0.427490234375,0.0,horizon,0.04839205741882324
selective-copying,binding,final,16,11,0,256,1683,0,0.410888671875,0.0,horizon,0.04830646514892578
selective-copying,binding,final,16,12,0,256,1545,0,0.377197265625,0.0,horizon,0.04632139205932617
selective-copying,binding,final,16,13,0,256,1583,0,0.386474609375,0.0,horizon,0.04888749122619629
selective-copying,binding,final,16,14,0,256,1477,0,0.360595703125,0.0,horizon,0.04834699630737305
selective-copying,binding,final,16,16,0,256,1457,0,0.355712890625,0.0,horizon,0.0468440055847168
selective-copying,binding,final,16,24,0,256,1545,0,0.377197265625,0.0,horizon,0.04716610908508301
selective-copying,binding,final,16,32,0,256,1407,0,0.343505859375,0.0,horizon,0.06070232391357422
selective-copying,binding,final,16,48,0,256,1448,0,0.353515625,0.0,horizon,0.06186723709106445
selective-copying,binding,final,16,64,0,256,1430,0,0.34912109375,0.0,horizon,0.06361794471740723
selective-copying,binding,final,16,96,0,256,1445,0,0.352783203125,0.0,horizon,0.08098983764648438
selective-copying,binding,final,16,128,0,256,1349,0,0.329345703125,0.0,horizon,0.11054301261901855
selective-copying,binding,final,16,192,0,256,1252,0,0.3056640625,0.0,horizon,0.14909934997558594
selective-copying,binding,final,16,256,0,256,1154,0,0.28173828125,0.0,horizon,0.19647693634033203
selective-copying,binding,final,16,384,0,256,1193,0,0.291259765625,0.0,horizon,0.27361226081848145
selective-copying,binding,final,16,512,0,256,1074,0,0.26220703125,0.0,horizon,0.37967371940612793
selective-copying,binding,final,16,768,0,256,1001,0,0.244384765625,0.0,horizon,0.5480799674987793
selective-copying,binding,final,16,1024,0,256,864,0,0.2109375,0.0,horizon,0.7947306632995605
selective-copying,binding,final,16,1536,0,256,904,0,0.220703125,0.0,horizon,1.1800649166107178
selective-copying,binding,final,16,2048,0,256,830,0,0.20263671875,0.0,horizon,1.5715818405151367
selective-copying,binding,final,16,3072,0,256,848,0,0.20703125,0.0,horizon,2.3602070808410645
selective-copying,binding,final,16,4096,0,256,812,0,0.1982421875,0.0,horizon,3.4061403274536133
selective-copying,binding,final,16,6144,0,256,778,0,0.18994140625,0.0,horizon,5.0589189529418945
selective-copying,binding,final,16,8192,0,256,790,0,0.19287109375,0.0,horizon,6.737535715103149
selective-copying,binding,final,16,12288,0,256,792,0,0.193359375,0.0,horizon,10.017158031463623
selective-copying,binding,final,16,16384,0,256,768,0,0.1875,0.0,horizon,13.676231145858765
selective-copying,binding,final,16,24576,0,256,776,0,0.189453125,0.0,horizon,20.625730514526367
selective-copying,binding,final,16,32768,0,256,732,0,0.1787109375,0.0,horizon,28.10313391685486
selective-copying,binding,final,16,49152,0,256,760,0,0.185546875,0.0,horizon,42.21322584152222
selective-copying,binding,final,16,65536,0,256,660,0,0.1611328125,0.0,horizon,57.239519119262695
selective-copying,binding,final,16,98304,0,256,712,0,0.173828125,0.0,horizon,89.13376569747925
selective-copying,binding,final,16,131072,0,256,713,0,0.174072265625,0.0,horizon,236.03478980064392
selective-copying,binding,final,32,1,0,256,3080,0,0.3759765625,0.0,horizon,0.0642693042755127
selective-copying,binding,final,32,2,0,256,2884,0,0.35205078125,0.0,horizon,0.06438779830932617
selective-copying,binding,final,32,3,0,256,2750,0,0.335693359375,0.0,horizon,0.06425213813781738
selective-copying,binding,final,32,4,0,256,2626,0,0.320556640625,0.0,horizon,0.06432723999023438
selective-copying,binding,final,32,5,0,256,2629,0,0.3209228515625,0.0,horizon,0.0657796859741211
selective-copying,binding,final,32,6,0,256,2614,0,0.319091796875,0.0,horizon,0.06542801856994629
selective-copying,binding,final,32,7,0,256,2539,0,0.3099365234375,0.0,horizon,0.06266283988952637
selective-copying,binding,final,32,8,0,256,2446,0,0.298583984375,0.0,horizon,0.062497854232788086
selective-copying,binding,final,32,9,0,256,2472,0,0.3017578125,0.0,horizon,0.06252908706665039
selective-copying,binding,final,32,10,0,256,2457,0,0.2999267578125,0.0,horizon,0.0640110969543457
selective-copying,binding,final,32,11,0,256,2429,0,0.2965087890625,0.0,horizon,0.06236839294433594
selective-copying,binding,final,32,12,0,256,2301,0,0.2808837890625,0.0,horizon,0.06175661087036133
selective-copying,binding,final,32,13,0,256,2251,0,0.2747802734375,0.0,horizon,0.0625605583190918
selective-copying,binding,final,32,14,0,256,2210,0,0.269775390625,0.0,horizon,0.06516551971435547
selective-copying,binding,final,32,16,0,256,2185,0,0.2667236328125,0.0,horizon,0.0654909610748291
selective-copying,binding,final,32,24,0,256,2210,0,0.269775390625,0.0,horizon,0.06698942184448242
selective-copying,binding,final,32,32,0,256,2055,0,0.2508544921875,0.0,horizon,0.0659945011138916
selective-copying,binding,final,32,48,0,256,2053,0,0.2506103515625,0.0,horizon,0.06534051895141602
selective-copying,binding,final,32,64,0,256,2064,0,0.251953125,0.0,horizon,0.07597923278808594
selective-copying,binding,final,32,96,0,256,1987,0,0.2425537109375,0.0,horizon,0.0952444076538086
selective-copying,binding,final,32,128,0,256,1980,0,0.24169921875,0.0,horizon,0.11734199523925781
selective-copying,binding,final,32,192,0,256,2006,0,0.244873046875,0.0,horizon,0.17493653297424316
selective-copying,binding,final,32,256,0,256,1789,0,0.2183837890625,0.0,horizon,0.22231411933898926
selective-copying,binding,final,32,384,0,256,1754,0,0.214111328125,0.0,horizon,0.29929566383361816
selective-copying,binding,final,32,512,0,256,1705,0,0.2081298828125,0.0,horizon,0.3958268165588379
selective-copying,binding,final,32,768,0,256,1582,0,0.193115234375,0.0,horizon,0.5603780746459961
selective-copying,binding,final,32,1024,0,256,1397,0,0.1705322265625,0.0,horizon,0.816124677658081
selective-copying,binding,final,32,1536,0,256,1446,0,0.176513671875,0.0,horizon,1.2024602890014648
selective-copying,binding,final,32,2048,0,256,1252,0,0.15283203125,0.0,horizon,1.600022792816162
selective-copying,binding,final,32,3072,0,256,1367,0,0.1668701171875,0.0,horizon,2.3834123611450195
selective-copying,binding,final,32,4096,0,256,1241,0,0.1514892578125,0.0,horizon,3.4188621044158936
selective-copying,binding,final,32,6144,0,256,1322,0,0.161376953125,0.0,horizon,5.070997476577759
selective-copying,binding,final,32,8192,0,256,1247,0,0.1522216796875,0.0,horizon,6.748967170715332
selective-copying,binding,final,32,12288,0,256,1280,0,0.15625,0.0,horizon,10.061481952667236
selective-copying,binding,final,32,16384,0,256,1212,0,0.14794921875,0.0,horizon,13.686333894729614
selective-copying,binding,final,32,24576,0,256,1234,0,0.150634765625,0.0,horizon,20.654796838760376
selective-copying,binding,final,32,32768,0,256,1237,0,0.1510009765625,0.0,horizon,28.160862922668457
selective-copying,binding,final,32,49152,0,256,1234,0,0.150634765625,0.0,horizon,42.25131845474243
selective-copying,binding,final,32,65536,0,256,1103,0,0.1346435546875,0.0,horizon,57.194467544555664
selective-copying,binding,final,32,98304,0,256,1219,0,0.1488037109375,0.0,horizon,89.37471914291382
selective-copying,binding,final,32,131072,0,256,1198,0,0.146240234375,0.0,horizon,237.2045714855194
selective-copying,binding,final,64,1,0,256,4237,0,0.25860595703125,0.0,horizon,0.0758826732635498
selective-copying,binding,final,64,2,0,256,4270,0,0.2606201171875,0.0,horizon,0.08455729484558105
selective-copying,binding,final,64,3,0,256,4220,0,0.257568359375,0.0,horizon,0.08139371871948242
selective-copying,binding,final,64,4,0,256,4197,0,0.25616455078125,0.0,horizon,0.08135080337524414
selective-copying,binding,final,64,5,0,256,4258,0,0.2598876953125,0.0,horizon,0.08064436912536621
selective-copying,binding,final,64,6,0,256,4340,0,0.264892578125,0.0,horizon,0.0814356803894043
selective-copying,binding,final,64,7,0,256,4294,0,0.2620849609375,0.0,horizon,0.07865452766418457
selective-copying,binding,final,64,8,0,256,4127,0,0.25189208984375,0.0,horizon,0.08109235763549805
selective-copying,binding,final,64,9,0,256,4256,0,0.259765625,0.0,horizon,0.08213114738464355
selective-copying,binding,final,64,10,0,256,4095,0,0.24993896484375,0.0,horizon,0.08320426940917969
selective-copying,binding,final,64,11,0,256,4146,0,0.2530517578125,0.0,horizon,0.08951878547668457
selective-copying,binding,final,64,12,0,256,4036,0,0.246337890625,0.0,horizon,0.07920479774475098
selective-copying,binding,final,64,13,0,256,3939,0,0.24041748046875,0.0,horizon,0.08240842819213867
selective-copying,binding,final,64,14,0,256,3907,0,0.23846435546875,0.0,horizon,0.08711671829223633
selective-copying,binding,final,64,16,0,256,3853,0,0.23516845703125,0.0,horizon,0.08595538139343262
selective-copying,binding,final,64,24,0,256,3922,0,0.2393798828125,0.0,horizon,0.09129691123962402
selective-copying,binding,final,64,32,0,256,3796,0,0.231689453125,0.0,horizon,0.09403443336486816
selective-copying,binding,final,64,48,0,256,3537,0,0.21588134765625,0.0,horizon,0.10510706901550293
selective-copying,binding,final,64,64,0,256,3226,0,0.1968994140625,0.0,horizon,0.11697793006896973
selective-copying,binding,final,64,96,0,256,3294,0,0.2010498046875,0.0,horizon,0.1379683017730713
selective-copying,binding,final,64,128,0,256,3181,0,0.19415283203125,0.0,horizon,0.1696617603302002
selective-copying,binding,final,64,192,0,256,2852,0,0.174072265625,0.0,horizon,0.2118816375732422
selective-copying,binding,final,64,256,0,256,2908,0,0.177490234375,0.0,horizon,0.25751805305480957
selective-copying,binding,final,64,384,0,256,2926,0,0.1785888671875,0.0,horizon,0.352766752243042
selective-copying,binding,final,64,512,0,256,2912,0,0.177734375,0.0,horizon,0.4276924133300781
selective-copying,binding,final,64,768,0,256,2887,0,0.17620849609375,0.0,horizon,0.6132581233978271
selective-copying,binding,final,64,1024,0,256,2481,0,0.15142822265625,0.0,horizon,0.8581087589263916
selective-copying,binding,final,64,1536,0,256,2469,0,0.15069580078125,0.0,horizon,1.2535996437072754
selective-copying,binding,final,64,2048,0,256,2427,0,0.14813232421875,0.0,horizon,1.6441094875335693
selective-copying,binding,final,64,3072,0,256,2375,0,0.14495849609375,0.0,horizon,2.427889585494995
selective-copying,binding,final,64,4096,0,256,2329,0,0.14215087890625,0.0,horizon,3.477675676345825
selective-copying,binding,final,64,6144,0,256,2299,0,0.14031982421875,0.0,horizon,5.138386964797974
selective-copying,binding,final,64,8192,0,256,2258,0,0.1378173828125,0.0,horizon,6.822381258010864
selective-copying,binding,final,64,12288,0,256,2262,0,0.1380615234375,0.0,horizon,10.085671663284302
selective-copying,binding,final,64,16384,0,256,2247,0,0.13714599609375,0.0,horizon,13.73461103439331
selective-copying,binding,final,64,24576,0,256,2259,0,0.13787841796875,0.0,horizon,20.69813084602356
selective-copying,binding,final,64,32768,0,256,2194,0,0.1339111328125,0.0,horizon,28.264525651931763
selective-copying,binding,final,64,49152,0,256,2161,0,0.13189697265625,0.0,horizon,42.2643301486969
selective-copying,binding,final,64,65536,0,256,2053,0,0.12530517578125,0.0,horizon,57.356401205062866
selective-copying,binding,final,64,98304,0,256,2156,0,0.131591796875,0.0,horizon,89.50085401535034
selective-copying,binding,final,64,131072,0,256,2211,0,0.13494873046875,0.0,horizon,236.8005497455597
selective-copying,binding,final,10,16,7,256,1146,0,0.44765625,0.0,prefix,0.04793953895568848
selective-copying,binding,final,10,16,15,256,1387,0,0.541796875,0.0,prefix,0.047583818435668945
selective-copying,binding,final,10,16,63,256,1276,0,0.4984375,0.0,prefix,0.06358003616333008
selective-copying,binding,final,10,64,7,256,1157,0,0.451953125,0.0,prefix,0.06445527076721191
selective-copying,binding,final,10,64,15,256,1192,0,0.465625,0.0,prefix,0.06435799598693848
selective-copying,binding,final,10,64,63,256,1088,0,0.425,0.0,prefix,0.08940720558166504
selective-copying,binding,final,10,256,7,256,891,0,0.348046875,0.0,prefix,0.1960606575012207
selective-copying,binding,final,10,256,15,256,907,0,0.354296875,0.0,prefix,0.19516468048095703
selective-copying,binding,final,10,256,63,256,958,0,0.37421875,0.0,prefix,0.2371673583984375
selective-copying,binding,final,10,2048,7,256,675,0,0.263671875,0.0,prefix,1.585282325744629
selective-copying,binding,final,10,2048,15,256,725,0,0.283203125,0.0,prefix,1.5945563316345215
selective-copying,binding,final,10,2048,63,256,691,0,0.269921875,0.0,prefix,1.6221022605895996
selective-copying,binding,final,16,16,7,256,1637,0,0.399658203125,0.0,prefix,0.053465843200683594
selective-copying,binding,final,16,16,15,256,1481,0,0.361572265625,0.0,prefix,0.0515291690826416
selective-copying,binding,final,16,16,63,256,1427,0,0.348388671875,0.0,prefix,0.06551480293273926
selective-copying,binding,final,16,64,7,256,1410,0,0.34423828125,0.0,prefix,0.06545352935791016
selective-copying,binding,final,16,64,15,256,1470,0,0.35888671875,0.0,prefix,0.06558084487915039
selective-copying,binding,final,16,64,63,256,1367,0,0.333740234375,0.0,prefix,0.08705615997314453
selective-copying,binding,final,16,256,7,256,1153,0,0.281494140625,0.0,prefix,0.19891023635864258
selective-copying,binding,final,16,256,15,256,1169,0,0.285400390625,0.0,prefix,0.20550942420959473
selective-copying,binding,final,16,256,63,256,1129,0,0.275634765625,0.0,prefix,0.2576329708099365
selective-copying,binding,final,16,2048,7,256,852,0,0.2080078125,0.0,prefix,1.5995547771453857
selective-copying,binding,final,16,2048,15,256,886,0,0.21630859375,0.0,prefix,1.599137544631958
selective-copying,binding,final,16,2048,63,256,865,0,0.211181640625,0.0,prefix,1.6386549472808838
selective-copying,binding,final,32,16,7,256,2428,0,0.29638671875,0.0,prefix,0.06861448287963867
selective-copying,binding,final,32,16,15,256,2192,0,0.267578125,0.0,prefix,0.06763768196105957
selective-copying,binding,final,32,16,63,256,2130,0,0.260009765625,0.0,prefix,0.07531619071960449
selective-copying,binding,final,32,64,7,256,2152,0,0.2626953125,0.0,prefix,0.076416015625
selective-copying,binding,final,32,64,15,256,2285,0,0.2789306640625,0.0,prefix,0.0804297924041748
selective-copying,binding,final,32,64,63,256,2008,0,0.2451171875,0.0,prefix,0.10843586921691895
selective-copying,binding,final,32,256,7,256,1856,0,0.2265625,0.0,prefix,0.22026944160461426
selective-copying,binding,final,32,256,15,256,1889,0,0.2305908203125,0.0,prefix,0.2400825023651123
selective-copying,binding,final,32,256,63,256,1804,0,0.22021484375,0.0,prefix,0.2596886157989502
selective-copying,binding,final,32,2048,7,256,1364,0,0.16650390625,0.0,prefix,1.6162631511688232
selective-copying,binding,final,32,2048,15,256,1354,0,0.165283203125,0.0,prefix,1.6239490509033203
selective-copying,binding,final,32,2048,63,256,1333,0,0.1627197265625,0.0,prefix,1.6701605319976807
selective-copying,binding,final,64,16,7,256,4141,0,0.25274658203125,0.0,prefix,0.08840227127075195
selective-copying,binding,final,64,16,15,256,4022,0,0.2454833984375,0.0,prefix,0.0877995491027832
selective-copying,binding,final,64,16,63,256,3770,0,0.2301025390625,0.0,prefix,0.12039422988891602
selective-copying,binding,final,64,64,7,256,3492,0,0.213134765625,0.0,prefix,0.12364768981933594
selective-copying,binding,final,64,64,15,256,3539,0,0.21600341796875,0.0,prefix,0.12887239456176758
selective-copying,binding,final,64,64,63,256,3239,0,0.19769287109375,0.0,prefix,0.15323519706726074
selective-copying,binding,final,64,256,7,256,2978,0,0.1817626953125,0.0,prefix,0.274965763092041
selective-copying,binding,final,64,256,15,256,3027,0,0.18475341796875,0.0,prefix,0.2668609619140625
selective-copying,binding,final,64,256,63,256,2945,0,0.17974853515625,0.0,prefix,0.31037163734436035
selective-copying,binding,final,64,2048,7,256,2432,0,0.1484375,0.0,prefix,1.6770904064178467
selective-copying,binding,final,64,2048,15,256,2405,0,0.14678955078125,0.0,prefix,1.6756987571716309
selective-copying,binding,final,64,2048,63,256,2458,0,0.1500244140625,0.0,prefix,1.7048099040985107
selective-copying,binding,final,128,16,0,256,5092,0,0.1553955078125,0.0,unseen-memory,0.17569518089294434
selective-copying,binding,final,128,16,15,256,5354,0,0.16339111328125,0.0,unseen-memory,0.19054222106933594
selective-copying,binding,final,128,64,0,256,5154,0,0.15728759765625,0.0,unseen-memory,0.21745800971984863
selective-copying,binding,final,128,64,15,256,5118,0,0.15618896484375,0.0,unseen-memory,0.22876191139221191
selective-copying,binding,final,128,256,0,256,5075,0,0.154876708984375,0.0,unseen-memory,0.3426394462585449
selective-copying,binding,final,128,256,15,256,4776,0,0.145751953125,0.0,unseen-memory,0.3666515350341797
selective-copying,binding,final,128,2048,0,256,4494,0,0.13714599609375,0.0,unseen-memory,1.7334034442901611
selective-copying,binding,final,128,2048,15,256,4454,0,0.13592529296875,0.0,unseen-memory,1.777357816696167
selective-copying,relative-kv,best,10,1,0,256,2141,46,0.836328125,0.1796875,horizon,0.5730032920837402
selective-copying,relative-kv,best,10,2,0,256,2173,45,0.848828125,0.17578125,horizon,0.04369759559631348
selective-copying,relative-kv,best,10,3,0,256,2118,29,0.82734375,0.11328125,horizon,0.04644441604614258
selective-copying,relative-kv,best,10,4,0,256,2178,54,0.85078125,0.2109375,horizon,0.043182373046875
selective-copying,relative-kv,best,10,5,0,256,2200,56,0.859375,0.21875,horizon,0.04305863380432129
selective-copying,relative-kv,best,10,6,0,256,2143,37,0.837109375,0.14453125,horizon,0.04306983947753906
selective-copying,relative-kv,best,10,7,0,256,2279,83,0.890234375,0.32421875,horizon,0.04364204406738281
selective-copying,relative-kv,best,10,8,0,256,2277,68,0.889453125,0.265625,horizon,0.04260849952697754
selective-copying,relative-kv,best,10,9,0,256,2281,85,0.891015625,0.33203125,horizon,0.04364633560180664
selective-copying,relative-kv,best,10,10,0,256,2312,96,0.903125,0.375,horizon,0.04369473457336426
selective-copying,relative-kv,best,10,11,0,256,2308,98,0.9015625,0.3828125,horizon,0.04458189010620117
selective-copying,relative-kv,best,10,12,0,256,2279,71,0.890234375,0.27734375,horizon,0.04273629188537598
selective-copying,relative-kv,best,10,13,0,256,2204,59,0.8609375,0.23046875,horizon,0.04711484909057617
selective-copying,relative-kv,best,10,14,0,256,2267,73,0.885546875,0.28515625,horizon,0.04787778854370117
selective-copying,relative-kv,best,10,16,0,256,2249,74,0.878515625,0.2890625,horizon,0.05451822280883789
selective-copying,relative-kv,best,10,24,0,256,2226,68,0.86953125,0.265625,horizon,0.05308198928833008
selective-copying,relative-kv,best,10,32,0,256,2174,41,0.84921875,0.16015625,horizon,0.050196170806884766
selective-copying,relative-kv,best,10,48,0,256,2105,32,0.822265625,0.125,horizon,0.05809473991394043
selective-copying,relative-kv,best,10,64,0,256,2124,46,0.8296875,0.1796875,horizon,0.060468196868896484
selective-copying,relative-kv,best,10,96,0,256,2042,25,0.79765625,0.09765625,horizon,0.06557273864746094
selective-copying,relative-kv,best,10,128,0,256,2007,31,0.783984375,0.12109375,horizon,0.09053230285644531
selective-copying,relative-kv,best,10,192,0,256,2055,18,0.802734375,0.0703125,horizon,0.13090777397155762
selective-copying,relative-kv,best,10,256,0,256,2024,34,0.790625,0.1328125,horizon,0.20009303092956543
selective-copying,relative-kv,best,10,384,0,256,1986,23,0.77578125,0.08984375,horizon,0.3581850528717041
selective-copying,relative-kv,best,10,512,0,256,1946,12,0.76015625,0.046875,horizon,0.4097154140472412
selective-copying,relative-kv,best,10,768,0,256,1891,8,0.738671875,0.03125,horizon,0.6505293846130371
selective-copying,relative-kv,best,10,1024,0,256,1885,12,0.736328125,0.046875,horizon,0.9729397296905518
selective-copying,relative-kv,best,10,1536,0,256,1842,8,0.71953125,0.03125,horizon,1.4462494850158691
selective-copying,relative-kv,best,10,2048,0,256,1788,6,0.6984375,0.0234375,horizon,1.9452295303344727
selective-copying,relative-kv,best,10,3072,0,256,1713,4,0.669140625,0.015625,horizon,2.986893892288208
selective-copying,relative-kv,best,10,4096,0,256,1611,0,0.629296875,0.0,horizon,4.400461435317993
selective-copying,relative-kv,best,10,6144,0,256,1604,2,0.6265625,0.0078125,horizon,6.536491632461548
selective-copying,relative-kv,best,10,8192,0,256,1415,0,0.552734375,0.0,horizon,8.740567445755005
selective-copying,relative-kv,best,10,12288,0,256,1262,0,0.49296875,0.0,horizon,13.05764627456665
selective-copying,relative-kv,best,10,16384,0,256,1000,0,0.390625,0.0,horizon,18.045390844345093
selective-copying,relative-kv,best,10,24576,0,256,988,0,0.3859375,0.0,horizon,27.844850778579712
selective-copying,relative-kv,best,10,32768,0,256,781,0,0.305078125,0.0,horizon,38.331361532211304
selective-copying,relative-kv,best,10,49152,0,256,641,0,0.250390625,0.0,horizon,58.58172106742859
selective-copying,relative-kv,best,10,65536,0,256,512,0,0.2,0.0,horizon,81.45679783821106
selective-copying,relative-kv,best,10,98304,0,256,566,0,0.22109375,0.0,horizon,129.91214323043823
selective-copying,relative-kv,best,10,131072,0,256,496,0,0.19375,0.0,horizon,202.78220105171204
selective-copying,relative-kv,best,16,1,0,256,2735,0,0.667724609375,0.0,horizon,0.04680442810058594
selective-copying,relative-kv,best,16,2,0,256,2997,0,0.731689453125,0.0,horizon,0.048175811767578125
selective-copying,relative-kv,best,16,3,0,256,3037,1,0.741455078125,0.00390625,horizon,0.04859495162963867
selective-copying,relative-kv,best,16,4,0,256,3015,2,0.736083984375,0.0078125,horizon,0.047121524810791016
selective-copying,relative-kv,best,16,5,0,256,2910,0,0.71044921875,0.0,horizon,0.046108245849609375
selective-copying,relative-kv,best,16,6,0,256,2882,0,0.70361328125,0.0,horizon,0.04611015319824219
selective-copying,relative-kv,best,16,7,0,256,2730,0,0.66650390625,0.0,horizon,0.04645800590515137
selective-copying,relative-kv,best,16,8,0,256,2604,0,0.6357421875,0.0,horizon,0.04543185234069824
selective-copying,relative-kv,best,16,9,0,256,2610,0,0.63720703125,0.0,horizon,0.04613089561462402
selective-copying,relative-kv,best,16,10,0,256,2795,0,0.682373046875,0.0,horizon,0.04619240760803223
selective-copying,relative-kv,best,16,11,0,256,2718,0,0.66357421875,0.0,horizon,0.04673910140991211
selective-copying,relative-kv,best,16,12,0,256,2584,0,0.630859375,0.0,horizon,0.04471254348754883
selective-copying,relative-kv,best,16,13,0,256,2599,0,0.634521484375,0.0,horizon,0.045244693756103516
selective-copying,relative-kv,best,16,14,0,256,2708,0,0.6611328125,0.0,horizon,0.04422783851623535
selective-copying,relative-kv,best,16,16,0,256,2564,0,0.6259765625,0.0,horizon,0.04335188865661621
selective-copying,relative-kv,best,16,24,0,256,2440,0,0.595703125,0.0,horizon,0.043550729751586914
selective-copying,relative-kv,best,16,32,0,256,2380,0,0.5810546875,0.0,horizon,0.052778005599975586
selective-copying,relative-kv,best,16,48,0,256,2362,0,0.57666015625,0.0,horizon,0.053696393966674805
selective-copying,relative-kv,best,16,64,0,256,2428,0,0.5927734375,0.0,horizon,0.05736398696899414
selective-copying,relative-kv,best,16,96,0,256,2293,0,0.559814453125,0.0,horizon,0.07537460327148438
selective-copying,relative-kv,best,16,128,0,256,2402,0,0.58642578125,0.0,horizon,0.09752225875854492
selective-copying,relative-kv,best,16,192,0,256,2381,0,0.581298828125,0.0,horizon,0.1577436923980713
selective-copying,relative-kv,best,16,256,0,256,2369,0,0.578369140625,0.0,horizon,0.26364850997924805
selective-copying,relative-kv,best,16,384,0,256,2334,0,0.56982421875,0.0,horizon,0.3128011226654053
selective-copying,relative-kv,best,16,512,0,256,2341,0,0.571533203125,0.0,horizon,0.42948150634765625
selective-copying,relative-kv,best,16,768,0,256,2248,0,0.548828125,0.0,horizon,0.6636505126953125
selective-copying,relative-kv,best,16,1024,0,256,2213,0,0.540283203125,0.0,horizon,0.9911313056945801
selective-copying,relative-kv,best,16,1536,0,256,2208,0,0.5390625,0.0,horizon,1.4832358360290527
selective-copying,relative-kv,best,16,2048,0,256,2190,0,0.53466796875,0.0,horizon,1.9635083675384521
selective-copying,relative-kv,best,16,3072,0,256,2060,0,0.5029296875,0.0,horizon,3.045104503631592
selective-copying,relative-kv,best,16,4096,0,256,2018,0,0.49267578125,0.0,horizon,4.470666408538818
selective-copying,relative-kv,best,16,6144,0,256,1919,0,0.468505859375,0.0,horizon,6.5840466022491455
selective-copying,relative-kv,best,16,8192,0,256,1826,0,0.44580078125,0.0,horizon,8.794621706008911
selective-copying,relative-kv,best,16,12288,0,256,1514,0,0.36962890625,0.0,horizon,13.176234245300293
selective-copying,relative-kv,best,16,16384,0,256,1500,0,0.3662109375,0.0,horizon,18.140008687973022
selective-copying,relative-kv,best,16,24576,0,256,1403,0,0.342529296875,0.0,horizon,27.983279705047607
selective-copying,relative-kv,best,16,32768,0,256,1161,0,0.283447265625,0.0,horizon,38.27937459945679
selective-copying,relative-kv,best,16,49152,0,256,977,0,0.238525390625,0.0,horizon,58.45250654220581
selective-copying,relative-kv,best,16,65536,0,256,964,0,0.2353515625,0.0,horizon,81.10225462913513
selective-copying,relative-kv,best,16,98304,0,256,974,0,0.23779296875,0.0,horizon,129.89370274543762
selective-copying,relative-kv,best,16,131072,0,256,749,0,0.182861328125,0.0,horizon,202.99751830101013
selective-copying,relative-kv,best,32,1,0,256,3897,0,0.4757080078125,0.0,horizon,0.056797027587890625
selective-copying,relative-kv,best,32,2,0,256,3697,0,0.4512939453125,0.0,horizon,0.054854631423950195
selective-copying,relative-kv,best,32,3,0,256,3676,0,0.44873046875,0.0,horizon,0.054833173751831055
selective-copying,relative-kv,best,32,4,0,256,3654,0,0.446044921875,0.0,horizon,0.054047584533691406
selective-copying,relative-kv,best,32,5,0,256,3616,0,0.44140625,0.0,horizon,0.055959463119506836
selective-copying,relative-kv,best,32,6,0,256,3840,0,0.46875,0.0,horizon,0.05561971664428711
selective-copying,relative-kv,best,32,7,0,256,3703,0,0.4520263671875,0.0,horizon,0.055709123611450195
selective-copying,relative-kv,best,32,8,0,256,3620,0,0.44189453125,0.0,horizon,0.05482935905456543
selective-copying,relative-kv,best,32,9,0,256,3497,0,0.4268798828125,0.0,horizon,0.056574106216430664
selective-copying,relative-kv,best,32,10,0,256,3870,0,0.472412109375,0.0,horizon,0.0558779239654541
selective-copying,relative-kv,best,32,11,0,256,3753,0,0.4581298828125,0.0,horizon,0.05602860450744629
selective-copying,relative-kv,best,32,12,0,256,3564,0,0.43505859375,0.0,horizon,0.05573868751525879
selective-copying,relative-kv,best,32,13,0,256,3496,0,0.4267578125,0.0,horizon,0.05579423904418945
selective-copying,relative-kv,best,32,14,0,256,3627,0,0.4427490234375,0.0,horizon,0.055396318435668945
selective-copying,relative-kv,best,32,16,0,256,3400,0,0.4150390625,0.0,horizon,0.05466461181640625
selective-copying,relative-kv,best,32,24,0,256,3385,0,0.4132080078125,0.0,horizon,0.06138300895690918
selective-copying,relative-kv,best,32,32,0,256,3177,0,0.3878173828125,0.0,horizon,0.06564474105834961
selective-copying,relative-kv,best,32,48,0,256,3427,0,0.4183349609375,0.0,horizon,0.0741128921508789
selective-copying,relative-kv,best,32,64,0,256,3238,0,0.395263671875,0.0,horizon,0.08305835723876953
selective-copying,relative-kv,best,32,96,0,256,3090,0,0.377197265625,0.0,horizon,0.10457420349121094
selective-copying,relative-kv,best,32,128,0,256,3162,0,0.385986328125,0.0,horizon,0.13042354583740234
selective-copying,relative-kv,best,32,192,0,256,3032,0,0.3701171875,0.0,horizon,0.19714999198913574
selective-copying,relative-kv,best,32,256,0,256,2999,0,0.3660888671875,0.0,horizon,0.24002456665039062
selective-copying,relative-kv,best,32,384,0,256,3081,0,0.3760986328125,0.0,horizon,0.35487794876098633
selective-copying,relative-kv,best,32,512,0,256,2969,0,0.3624267578125,0.0,horizon,0.4758138656616211
selective-copying,relative-kv,best,32,768,0,256,2994,0,0.365478515625,0.0,horizon,0.6798784732818604
selective-copying,relative-kv,best,32,1024,0,256,2901,0,0.3541259765625,0.0,horizon,1.024540662765503
selective-copying,relative-kv,best,32,1536,0,256,2801,0,0.3419189453125,0.0,horizon,1.5056912899017334
selective-copying,relative-kv,best,32,2048,0,256,2747,0,0.3353271484375,0.0,horizon,2.0072901248931885
selective-copying,relative-kv,best,32,3072,0,256,2760,0,0.3369140625,0.0,horizon,3.0677852630615234
selective-copying,relative-kv,best,32,4096,0,256,2740,0,0.33447265625,0.0,horizon,4.507460355758667
selective-copying,relative-kv,best,32,6144,0,256,2621,0,0.3199462890625,0.0,horizon,6.64455771446228
selective-copying,relative-kv,best,32,8192,0,256,2507,0,0.3060302734375,0.0,horizon,8.861103057861328
selective-copying,relative-kv,best,32,12288,0,256,2211,0,0.2698974609375,0.0,horizon,13.205528736114502
selective-copying,relative-kv,best,32,16384,0,256,2228,0,0.27197265625,0.0,horizon,18.213423252105713
selective-copying,relative-kv,best,32,24576,0,256,2029,0,0.2476806640625,0.0,horizon,28.034143686294556
selective-copying,relative-kv,best,32,32768,0,256,1722,0,0.210205078125,0.0,horizon,38.41059160232544
selective-copying,relative-kv,best,32,49152,0,256,1466,0,0.178955078125,0.0,horizon,58.56900119781494
selective-copying,relative-kv,best,32,65536,0,256,1524,0,0.18603515625,0.0,horizon,81.39631390571594
selective-copying,relative-kv,best,32,98304,0,256,1453,0,0.1773681640625,0.0,horizon,129.92049384117126
selective-copying,relative-kv,best,32,131072,0,256,1288,0,0.1572265625,0.0,horizon,204.8596978187561
selective-copying,relative-kv,best,64,1,0,256,4719,0,0.28802490234375,0.0,horizon,0.08109378814697266
selective-copying,relative-kv,best,64,2,0,256,5182,0,0.3162841796875,0.0,horizon,0.09196901321411133
selective-copying,relative-kv,best,64,3,0,256,5269,0,0.32159423828125,0.0,horizon,0.08781695365905762
selective-copying,relative-kv,best,64,4,0,256,5278,0,0.3221435546875,0.0,horizon,0.0873417854309082
selective-copying,relative-kv,best,64,5,0,256,5254,0,0.3206787109375,0.0,horizon,0.08548760414123535
selective-copying,relative-kv,best,64,6,0,256,5388,0,0.328857421875,0.0,horizon,0.08377599716186523
selective-copying,relative-kv,best,64,7,0,256,5375,0,0.32806396484375,0.0,horizon,0.0870504379272461
selective-copying,relative-kv,best,64,8,0,256,5290,0,0.3228759765625,0.0,horizon,0.08512401580810547
selective-copying,relative-kv,best,64,9,0,256,5225,0,0.31890869140625,0.0,horizon,0.09096693992614746
selective-copying,relative-kv,best,64,10,0,256,5382,0,0.3284912109375,0.0,horizon,0.09571552276611328
selective-copying,relative-kv,best,64,11,0,256,5442,0,0.3321533203125,0.0,horizon,0.09131503105163574
selective-copying,relative-kv,best,64,12,0,256,5369,0,0.32769775390625,0.0,horizon,0.09347081184387207
selective-copying,relative-kv,best,64,13,0,256,5226,0,0.3189697265625,0.0,horizon,0.09810495376586914
selective-copying,relative-kv,best,64,14,0,256,5251,0,0.32049560546875,0.0,horizon,0.09540104866027832
selective-copying,relative-kv,best,64,16,0,256,5175,0,0.31585693359375,0.0,horizon,0.09310746192932129
selective-copying,relative-kv,best,64,24,0,256,5295,0,0.32318115234375,0.0,horizon,0.0933840274810791
selective-copying,relative-kv,best,64,32,0,256,5013,0,0.30596923828125,0.0,horizon,0.10170435905456543
selective-copying,relative-kv,best,64,48,0,256,4610,0,0.2813720703125,0.0,horizon,0.11376070976257324
selective-copying,relative-kv,best,64,64,0,256,4643,0,0.28338623046875,0.0,horizon,0.1276872158050537
selective-copying,relative-kv,best,64,96,0,256,4638,0,0.2830810546875,0.0,horizon,0.14995765686035156
selective-copying,relative-kv,best,64,128,0,256,4445,0,0.27130126953125,0.0,horizon,0.2011411190032959
selective-copying,relative-kv,best,64,192,0,256,4329,0,0.26422119140625,0.0,horizon,0.24546599388122559
selective-copying,relative-kv,best,64,256,0,256,4390,0,0.2679443359375,0.0,horizon,0.2904505729675293
selective-copying,relative-kv,best,64,384,0,256,4217,0,0.25738525390625,0.0,horizon,0.4162404537200928
selective-copying,relative-kv,best,64,512,0,256,4349,0,0.26544189453125,0.0,horizon,0.5158436298370361
selective-copying,relative-kv,best,64,768,0,256,4258,0,0.2598876953125,0.0,horizon,0.7356750965118408
selective-copying,relative-kv,best,64,1024,0,256,4321,0,0.26373291015625,0.0,horizon,1.0810737609863281
selective-copying,relative-kv,best,64,1536,0,256,4134,0,0.2523193359375,0.0,horizon,1.5627825260162354
selective-copying,relative-kv,best,64,2048,0,256,4142,0,0.2528076171875,0.0,horizon,2.056765079498291
selective-copying,relative-kv,best,64,3072,0,256,4005,0,0.24444580078125,0.0,horizon,3.1879031658172607
selective-copying,relative-kv,best,64,4096,0,256,4046,0,0.2469482421875,0.0,horizon,4.542281150817871
selective-copying,relative-kv,best,64,6144,0,256,3928,0,0.23974609375,0.0,horizon,6.722160577774048
selective-copying,relative-kv,best,64,8192,0,256,3806,0,0.2322998046875,0.0,horizon,8.918011665344238
selective-copying,relative-kv,best,64,12288,0,256,3396,0,0.207275390625,0.0,horizon,13.254116773605347
selective-copying,relative-kv,best,64,16384,0,256,3575,0,0.21820068359375,0.0,horizon,18.319554567337036
selective-copying,relative-kv,best,64,24576,0,256,3106,0,0.1895751953125,0.0,horizon,28.130095720291138
selective-copying,relative-kv,best,64,32768,0,256,3073,0,0.18756103515625,0.0,horizon,38.482704401016235
selective-copying,relative-kv,best,64,49152,0,256,2671,0,0.16302490234375,0.0,horizon,58.75800657272339
selective-copying,relative-kv,best,64,65536,0,256,2821,0,0.17218017578125,0.0,horizon,81.68953776359558
selective-copying,relative-kv,best,64,98304,0,256,2701,0,0.16485595703125,0.0,horizon,130.22120928764343
selective-copying,relative-kv,best,64,131072,0,256,2505,0,0.15289306640625,0.0,horizon,208.3371810913086
selective-copying,relative-kv,best,10,16,7,256,2184,54,0.853125,0.2109375,prefix,0.04474163055419922
selective-copying,relative-kv,best,10,16,15,256,2242,74,0.87578125,0.2890625,prefix,0.0448758602142334
selective-copying,relative-kv,best,10,16,63,256,2185,48,0.853515625,0.1875,prefix,0.058465003967285156
selective-copying,relative-kv,best,10,64,7,256,2162,49,0.84453125,0.19140625,prefix,0.06115221977233887
selective-copying,relative-kv,best,10,64,15,256,2023,24,0.790234375,0.09375,prefix,0.06249523162841797
selective-copying,relative-kv,best,10,64,63,256,2141,50,0.836328125,0.1953125,prefix,0.09439849853515625
selective-copying,relative-kv,best,10,256,7,256,1978,17,0.77265625,0.06640625,prefix,0.21998190879821777
selective-copying,relative-kv,best,10,256,15,256,1886,14,0.73671875,0.0546875,prefix,0.2215569019317627
selective-copying,relative-kv,best,10,256,63,256,2003,21,0.782421875,0.08203125,prefix,0.2766251564025879
selective-copying,relative-kv,best,10,2048,7,256,1702,5,0.66484375,0.01953125,prefix,1.9870986938476562
selective-copying,relative-kv,best,10,2048,15,256,1763,5,0.688671875,0.01953125,prefix,1.9756627082824707
selective-copying,relative-kv,best,10,2048,63,256,1746,4,0.68203125,0.015625,prefix,2.0162620544433594
selective-copying,relative-kv,best,16,16,7,256,2573,0,0.628173828125,0.0,prefix,0.048285484313964844
selective-copying,relative-kv,best,16,16,15,256,2627,0,0.641357421875,0.0,prefix,0.04606485366821289
selective-copying,relative-kv,best,16,16,63,256,2674,0,0.65283203125,0.0,prefix,0.06319618225097656
selective-copying,relative-kv,best,16,64,7,256,2521,0,0.615478515625,0.0,prefix,0.06557154655456543
selective-copying,relative-kv,best,16,64,15,256,2535,0,0.618896484375,0.0,prefix,0.06901288032531738
selective-copying,relative-kv,best,16,64,63,256,2547,0,0.621826171875,0.0,prefix,0.09835028648376465
selective-copying,relative-kv,best,16,256,7,256,2394,0,0.58447265625,0.0,prefix,0.22724533081054688
selective-copying,relative-kv,best,16,256,15,256,2362,0,0.57666015625,0.0,prefix,0.2369849681854248
selective-copying,relative-kv,best,16,256,63,256,2414,0,0.58935546875,0.0,prefix,0.2848377227783203
selective-copying,relative-kv,best,16,2048,7,256,2176,0,0.53125,0.0,prefix,1.998932123184204
selective-copying,relative-kv,best,16,2048,15,256,2085,0,0.509033203125,0.0,prefix,1.9946465492248535
selective-copying,relative-kv,best,16,2048,63,256,2124,0,0.5185546875,0.0,prefix,2.0452864170074463
selective-copying,relative-kv,best,32,16,7,256,3441,0,0.4200439453125,0.0,prefix,0.06154441833496094
selective-copying,relative-kv,best,32,16,15,256,3440,0,0.419921875,0.0,prefix,0.06086468696594238
selective-copying,relative-kv,best,32,16,63,256,3580,0,0.43701171875,0.0,prefix,0.08454012870788574
selective-copying,relative-kv,best,32,64,7,256,3338,0,0.407470703125,0.0,prefix,0.0852198600769043
selective-copying,relative-kv,best,32,64,15,256,3426,0,0.418212890625,0.0,prefix,0.0962672233581543
selective-copying,relative-kv,best,32,64,63,256,3313,0,0.4044189453125,0.0,prefix,0.12614750862121582
selective-copying,relative-kv,best,32,256,7,256,3033,0,0.3702392578125,0.0,prefix,0.2522552013397217
selective-copying,relative-kv,best,32,256,15,256,3101,0,0.3785400390625,0.0,prefix,0.2695775032043457
selective-copying,relative-kv,best,32,256,63,256,3193,0,0.3897705078125,0.0,prefix,0.292858362197876
selective-copying,relative-kv,best,32,2048,7,256,2929,0,0.3575439453125,0.0,prefix,2.0275826454162598
selective-copying,relative-kv,best,32,2048,15,256,2865,0,0.3497314453125,0.0,prefix,2.0252158641815186
selective-copying,relative-kv,best,32,2048,63,256,2762,0,0.337158203125,0.0,prefix,2.0856993198394775
selective-copying,relative-kv,best,64,16,7,256,5359,0,0.32708740234375,0.0,prefix,0.09587311744689941
selective-copying,relative-kv,best,64,16,15,256,5281,0,0.32232666015625,0.0,prefix,0.10092663764953613
selective-copying,relative-kv,best,64,16,63,256,5279,0,0.32220458984375,0.0,prefix,0.13306474685668945
selective-copying,relative-kv,best,64,64,7,256,5244,0,0.320068359375,0.0,prefix,0.1312093734741211
selective-copying,relative-kv,best,64,64,15,256,5016,0,0.30615234375,0.0,prefix,0.13895750045776367
selective-copying,relative-kv,best,64,64,63,256,4618,0,0.2818603515625,0.0,prefix,0.16976284980773926
selective-copying,relative-kv,best,64,256,7,256,4725,0,0.28839111328125,0.0,prefix,0.31052350997924805
selective-copying,relative-kv,best,64,256,15,256,4589,0,0.28009033203125,0.0,prefix,0.30873560905456543
selective-copying,relative-kv,best,64,256,63,256,4337,0,0.26470947265625,0.0,prefix,0.3545715808868408
selective-copying,relative-kv,best,64,2048,7,256,4170,0,0.2545166015625,0.0,prefix,2.09041690826416
selective-copying,relative-kv,best,64,2048,15,256,4062,0,0.2479248046875,0.0,prefix,2.096269369125366
selective-copying,relative-kv,best,64,2048,63,256,4057,0,0.24761962890625,0.0,prefix,2.1428866386413574
selective-copying,relative-kv,best,128,16,0,256,6561,0,0.200225830078125,0.0,unseen-memory,0.19724225997924805
selective-copying,relative-kv,best,128,16,15,256,6713,0,0.204864501953125,0.0,unseen-memory,0.2214832305908203
selective-copying,relative-kv,best,128,64,0,256,6389,0,0.194976806640625,0.0,unseen-memory,0.2507326602935791
selective-copying,relative-kv,best,128,64,15,256,6739,0,0.205657958984375,0.0,unseen-memory,0.2621495723724365
selective-copying,relative-kv,best,128,256,0,256,6266,0,0.19122314453125,0.0,unseen-memory,0.4043753147125244
selective-copying,relative-kv,best,128,256,15,256,6465,0,0.197296142578125,0.0,unseen-memory,0.4369819164276123
selective-copying,relative-kv,best,128,2048,0,256,6359,0,0.194061279296875,0.0,unseen-memory,2.192721128463745
selective-copying,relative-kv,best,128,2048,15,256,6278,0,0.19158935546875,0.0,unseen-memory,2.224252462387085
selective-copying,relative-kv,final,10,1,0,256,2141,46,0.836328125,0.1796875,horizon,0.5887253284454346
selective-copying,relative-kv,final,10,2,0,256,2173,45,0.848828125,0.17578125,horizon,0.04565167427062988
selective-copying,relative-kv,final,10,3,0,256,2118,29,0.82734375,0.11328125,horizon,0.045456647872924805
selective-copying,relative-kv,final,10,4,0,256,2178,54,0.85078125,0.2109375,horizon,0.04262256622314453
selective-copying,relative-kv,final,10,5,0,256,2200,56,0.859375,0.21875,horizon,0.044110774993896484
selective-copying,relative-kv,final,10,6,0,256,2143,37,0.837109375,0.14453125,horizon,0.043019771575927734
selective-copying,relative-kv,final,10,7,0,256,2279,83,0.890234375,0.32421875,horizon,0.04422616958618164
selective-copying,relative-kv,final,10,8,0,256,2277,68,0.889453125,0.265625,horizon,0.0422978401184082
selective-copying,relative-kv,final,10,9,0,256,2281,85,0.891015625,0.33203125,horizon,0.04282021522521973
selective-copying,relative-kv,final,10,10,0,256,2312,96,0.903125,0.375,horizon,0.043243408203125
selective-copying,relative-kv,final,10,11,0,256,2308,98,0.9015625,0.3828125,horizon,0.04351639747619629
selective-copying,relative-kv,final,10,12,0,256,2279,71,0.890234375,0.27734375,horizon,0.042604923248291016
selective-copying,relative-kv,final,10,13,0,256,2204,59,0.8609375,0.23046875,horizon,0.04266953468322754
selective-copying,relative-kv,final,10,14,0,256,2267,73,0.885546875,0.28515625,horizon,0.04227638244628906
selective-copying,relative-kv,final,10,16,0,256,2249,74,0.878515625,0.2890625,horizon,0.04346156120300293
selective-copying,relative-kv,final,10,24,0,256,2226,68,0.86953125,0.265625,horizon,0.04360651969909668
selective-copying,relative-kv,final,10,32,0,256,2174,41,0.84921875,0.16015625,horizon,0.044774532318115234
selective-copying,relative-kv,final,10,48,0,256,2105,32,0.822265625,0.125,horizon,0.054442644119262695
selective-copying,relative-kv,final,10,64,0,256,2124,46,0.8296875,0.1796875,horizon,0.056586265563964844
selective-copying,relative-kv,final,10,96,0,256,2042,25,0.79765625,0.09765625,horizon,0.06685447692871094
selective-copying,relative-kv,final,10,128,0,256,2007,31,0.783984375,0.12109375,horizon,0.08921575546264648
selective-copying,relative-kv,final,10,192,0,256,2055,18,0.802734375,0.0703125,horizon,0.13042879104614258
selective-copying,relative-kv,final,10,256,0,256,2024,34,0.790625,0.1328125,horizon,0.19927287101745605
selective-copying,relative-kv,final,10,384,0,256,1986,23,0.77578125,0.08984375,horizon,0.36097288131713867
selective-copying,relative-kv,final,10,512,0,256,1946,12,0.76015625,0.046875,horizon,0.4071028232574463
selective-copying,relative-kv,final,10,768,0,256,1891,8,0.738671875,0.03125,horizon,0.649235725402832
selective-copying,relative-kv,final,10,1024,0,256,1885,12,0.736328125,0.046875,horizon,0.9704129695892334
selective-copying,relative-kv,final,10,1536,0,256,1842,8,0.71953125,0.03125,horizon,1.44077730178833
selective-copying,relative-kv,final,10,2048,0,256,1788,6,0.6984375,0.0234375,horizon,1.9401648044586182
selective-copying,relative-kv,final,10,3072,0,256,1713,4,0.669140625,0.015625,horizon,2.985572338104248
selective-copying,relative-kv,final,10,4096,0,256,1611,0,0.629296875,0.0,horizon,4.391095399856567
selective-copying,relative-kv,final,10,6144,0,256,1604,2,0.6265625,0.0078125,horizon,6.52187705039978
selective-copying,relative-kv,final,10,8192,0,256,1415,0,0.552734375,0.0,horizon,8.72627568244934
selective-copying,relative-kv,final,10,12288,0,256,1262,0,0.49296875,0.0,horizon,13.03517746925354
selective-copying,relative-kv,final,10,16384,0,256,1000,0,0.390625,0.0,horizon,18.034568071365356
selective-copying,relative-kv,final,10,24576,0,256,988,0,0.3859375,0.0,horizon,27.823132038116455
selective-copying,relative-kv,final,10,32768,0,256,781,0,0.305078125,0.0,horizon,38.2060923576355
selective-copying,relative-kv,final,10,49152,0,256,641,0,0.250390625,0.0,horizon,58.417590856552124
selective-copying,relative-kv,final,10,65536,0,256,512,0,0.2,0.0,horizon,81.03608083724976
selective-copying,relative-kv,final,10,98304,0,256,566,0,0.22109375,0.0,horizon,129.76806044578552
selective-copying,relative-kv,final,10,131072,0,256,496,0,0.19375,0.0,horizon,204.62529921531677
selective-copying,relative-kv,final,16,1,0,256,2735,0,0.667724609375,0.0,horizon,0.04550051689147949
selective-copying,relative-kv,final,16,2,0,256,2997,0,0.731689453125,0.0,horizon,0.045237064361572266
selective-copying,relative-kv,final,16,3,0,256,3037,1,0.741455078125,0.00390625,horizon,0.04567766189575195
selective-copying,relative-kv,final,16,4,0,256,3015,2,0.736083984375,0.0078125,horizon,0.0451359748840332
selective-copying,relative-kv,final,16,5,0,256,2910,0,0.71044921875,0.0,horizon,0.04542350769042969
selective-copying,relative-kv,final,16,6,0,256,2882,0,0.70361328125,0.0,horizon,0.04390668869018555
selective-copying,relative-kv,final,16,7,0,256,2730,0,0.66650390625,0.0,horizon,0.04444169998168945
selective-copying,relative-kv,final,16,8,0,256,2604,0,0.6357421875,0.0,horizon,0.04301953315734863
selective-copying,relative-kv,final,16,9,0,256,2610,0,0.63720703125,0.0,horizon,0.044367074966430664
selective-copying,relative-kv,final,16,10,0,256,2795,0,0.682373046875,0.0,horizon,0.04413342475891113
selective-copying,relative-kv,final,16,11,0,256,2718,0,0.66357421875,0.0,horizon,0.04444527626037598
selective-copying,relative-kv,final,16,12,0,256,2584,0,0.630859375,0.0,horizon,0.04317474365234375
selective-copying,relative-kv,final,16,13,0,256,2599,0,0.634521484375,0.0,horizon,0.04549360275268555
selective-copying,relative-kv,final,16,14,0,256,2708,0,0.6611328125,0.0,horizon,0.04482698440551758
selective-copying,relative-kv,final,16,16,0,256,2564,0,0.6259765625,0.0,horizon,0.04281735420227051
selective-copying,relative-kv,final,16,24,0,256,2440,0,0.595703125,0.0,horizon,0.04452967643737793
selective-copying,relative-kv,final,16,32,0,256,2380,0,0.5810546875,0.0,horizon,0.05574321746826172
selective-copying,relative-kv,final,16,48,0,256,2362,0,0.57666015625,0.0,horizon,0.05724191665649414
selective-copying,relative-kv,final,16,64,0,256,2428,0,0.5927734375,0.0,horizon,0.0758047103881836
selective-copying,relative-kv,final,16,96,0,256,2293,0,0.559814453125,0.0,horizon,0.1050877571105957
selective-copying,relative-kv,final,16,128,0,256,2402,0,0.58642578125,0.0,horizon,0.1112508773803711
selective-copying,relative-kv,final,16,192,0,256,2381,0,0.581298828125,0.0,horizon,0.14675474166870117
selective-copying,relative-kv,final,16,256,0,256,2369,0,0.578369140625,0.0,horizon,0.21376633644104004
selective-copying,relative-kv,final,16,384,0,256,2334,0,0.56982421875,0.0,horizon,0.31131958961486816
selective-copying,relative-kv,final,16,512,0,256,2341,0,0.571533203125,0.0,horizon,0.46512556076049805
selective-copying,relative-kv,final,16,768,0,256,2248,0,0.548828125,0.0,horizon,0.6500775814056396
selective-copying,relative-kv,final,16,1024,0,256,2213,0,0.540283203125,0.0,horizon,0.9924740791320801
selective-copying,relative-kv,final,16,1536,0,256,2208,0,0.5390625,0.0,horizon,1.4770755767822266
selective-copying,relative-kv,final,16,2048,0,256,2190,0,0.53466796875,0.0,horizon,1.9711449146270752
selective-copying,relative-kv,final,16,3072,0,256,2060,0,0.5029296875,0.0,horizon,3.032982349395752
selective-copying,relative-kv,final,16,4096,0,256,2018,0,0.49267578125,0.0,horizon,4.470567226409912
selective-copying,relative-kv,final,16,6144,0,256,1919,0,0.468505859375,0.0,horizon,6.579444885253906
selective-copying,relative-kv,final,16,8192,0,256,1826,0,0.44580078125,0.0,horizon,8.799870014190674
selective-copying,relative-kv,final,16,12288,0,256,1514,0,0.36962890625,0.0,horizon,13.171796321868896
selective-copying,relative-kv,final,16,16384,0,256,1500,0,0.3662109375,0.0,horizon,18.155004739761353
selective-copying,relative-kv,final,16,24576,0,256,1403,0,0.342529296875,0.0,horizon,28.022871494293213
selective-copying,relative-kv,final,16,32768,0,256,1161,0,0.283447265625,0.0,horizon,38.318288803100586
selective-copying,relative-kv,final,16,49152,0,256,977,0,0.238525390625,0.0,horizon,58.503939151763916
selective-copying,relative-kv,final,16,65536,0,256,964,0,0.2353515625,0.0,horizon,81.16080856323242
selective-copying,relative-kv,final,16,98304,0,256,974,0,0.23779296875,0.0,horizon,129.76643300056458
selective-copying,relative-kv,final,16,131072,0,256,749,0,0.182861328125,0.0,horizon,204.9994375705719
selective-copying,relative-kv,final,32,1,0,256,3897,0,0.4757080078125,0.0,horizon,0.05708646774291992
selective-copying,relative-kv,final,32,2,0,256,3697,0,0.4512939453125,0.0,horizon,0.05701637268066406
selective-copying,relative-kv,final,32,3,0,256,3676,0,0.44873046875,0.0,horizon,0.056969404220581055
selective-copying,relative-kv,final,32,4,0,256,3654,0,0.446044921875,0.0,horizon,0.05684995651245117
selective-copying,relative-kv,final,32,5,0,256,3616,0,0.44140625,0.0,horizon,0.057659149169921875
selective-copying,relative-kv,final,32,6,0,256,3840,0,0.46875,0.0,horizon,0.05730175971984863
selective-copying,relative-kv,final,32,7,0,256,3703,0,0.4520263671875,0.0,horizon,0.05901455879211426
selective-copying,relative-kv,final,32,8,0,256,3620,0,0.44189453125,0.0,horizon,0.05839800834655762
selective-copying,relative-kv,final,32,9,0,256,3497,0,0.4268798828125,0.0,horizon,0.057985782623291016
selective-copying,relative-kv,final,32,10,0,256,3870,0,0.472412109375,0.0,horizon,0.05868840217590332
selective-copying,relative-kv,final,32,11,0,256,3753,0,0.4581298828125,0.0,horizon,0.058072566986083984
selective-copying,relative-kv,final,32,12,0,256,3564,0,0.43505859375,0.0,horizon,0.057210445404052734
selective-copying,relative-kv,final,32,13,0,256,3496,0,0.4267578125,0.0,horizon,0.058567047119140625
selective-copying,relative-kv,final,32,14,0,256,3627,0,0.4427490234375,0.0,horizon,0.05906987190246582
selective-copying,relative-kv,final,32,16,0,256,3400,0,0.4150390625,0.0,horizon,0.0578460693359375
selective-copying,relative-kv,final,32,24,0,256,3385,0,0.4132080078125,0.0,horizon,0.06530642509460449
selective-copying,relative-kv,final,32,32,0,256,3177,0,0.3878173828125,0.0,horizon,0.06874918937683105
selective-copying,relative-kv,final,32,48,0,256,3427,0,0.4183349609375,0.0,horizon,0.07483077049255371
selective-copying,relative-kv,final,32,64,0,256,3238,0,0.395263671875,0.0,horizon,0.08288741111755371
selective-copying,relative-kv,final,32,96,0,256,3090,0,0.377197265625,0.0,horizon,0.10253334045410156
selective-copying,relative-kv,final,32,128,0,256,3162,0,0.385986328125,0.0,horizon,0.12278914451599121
selective-copying,relative-kv,final,32,192,0,256,3032,0,0.3701171875,0.0,horizon,0.1861741542816162
selective-copying,relative-kv,final,32,256,0,256,2999,0,0.3660888671875,0.0,horizon,0.2459428310394287
selective-copying,relative-kv,final,32,384,0,256,3081,0,0.3760986328125,0.0,horizon,0.36134815216064453
selective-copying,relative-kv,final,32,512,0,256,2969,0,0.3624267578125,0.0,horizon,0.45876336097717285
selective-copying,relative-kv,final,32,768,0,256,2994,0,0.365478515625,0.0,horizon,0.6874284744262695
selective-copying,relative-kv,final,32,1024,0,256,2901,0,0.3541259765625,0.0,horizon,1.0160033702850342
selective-copying,relative-kv,final,32,1536,0,256,2801,0,0.3419189453125,0.0,horizon,1.504518985748291
selective-copying,relative-kv,final,32,2048,0,256,2747,0,0.3353271484375,0.0,horizon,1.99711275100708
selective-copying,relative-kv,final,32,3072,0,256,2760,0,0.3369140625,0.0,horizon,3.042121171951294
selective-copying,relative-kv,final,32,4096,0,256,2740,0,0.33447265625,0.0,horizon,4.4872119426727295
selective-copying,relative-kv,final,32,6144,0,256,2621,0,0.3199462890625,0.0,horizon,6.617442846298218
selective-copying,relative-kv,final,32,8192,0,256,2507,0,0.3060302734375,0.0,horizon,8.836841344833374
selective-copying,relative-kv,final,32,12288,0,256,2211,0,0.2698974609375,0.0,horizon,13.172477960586548
selective-copying,relative-kv,final,32,16384,0,256,2228,0,0.27197265625,0.0,horizon,18.18433403968811
selective-copying,relative-kv,final,32,24576,0,256,2029,0,0.2476806640625,0.0,horizon,28.017559051513672
selective-copying,relative-kv,final,32,32768,0,256,1722,0,0.210205078125,0.0,horizon,38.41173696517944
selective-copying,relative-kv,final,32,49152,0,256,1466,0,0.178955078125,0.0,horizon,58.452808141708374
selective-copying,relative-kv,final,32,65536,0,256,1524,0,0.18603515625,0.0,horizon,80.98979258537292
selective-copying,relative-kv,final,32,98304,0,256,1453,0,0.1773681640625,0.0,horizon,127.41023373603821
selective-copying,relative-kv,final,32,131072,0,256,1288,0,0.1572265625,0.0,horizon,199.44508981704712
selective-copying,relative-kv,final,64,1,0,256,4719,0,0.28802490234375,0.0,horizon,0.0799560546875
selective-copying,relative-kv,final,64,2,0,256,5182,0,0.3162841796875,0.0,horizon,0.08832335472106934
selective-copying,relative-kv,final,64,3,0,256,5269,0,0.32159423828125,0.0,horizon,0.08352327346801758
selective-copying,relative-kv,final,64,4,0,256,5278,0,0.3221435546875,0.0,horizon,0.08083891868591309
selective-copying,relative-kv,final,64,5,0,256,5254,0,0.3206787109375,0.0,horizon,0.08866691589355469
selective-copying,relative-kv,final,64,6,0,256,5388,0,0.328857421875,0.0,horizon,0.08158326148986816
selective-copying,relative-kv,final,64,7,0,256,5375,0,0.32806396484375,0.0,horizon,0.08621692657470703
selective-copying,relative-kv,final,64,8,0,256,5290,0,0.3228759765625,0.0,horizon,0.08295750617980957
selective-copying,relative-kv,final,64,9,0,256,5225,0,0.31890869140625,0.0,horizon,0.0850217342376709
selective-copying,relative-kv,final,64,10,0,256,5382,0,0.3284912109375,0.0,horizon,0.08683443069458008
selective-copying,relative-kv,final,64,11,0,256,5442,0,0.3321533203125,0.0,horizon,0.09354329109191895
selective-copying,relative-kv,final,64,12,0,256,5369,0,0.32769775390625,0.0,horizon,0.09072542190551758
selective-copying,relative-kv,final,64,13,0,256,5226,0,0.3189697265625,0.0,horizon,0.09246706962585449
selective-copying,relative-kv,final,64,14,0,256,5251,0,0.32049560546875,0.0,horizon,0.09244132041931152
selective-copying,relative-kv,final,64,16,0,256,5175,0,0.31585693359375,0.0,horizon,0.09091424942016602
selective-copying,relative-kv,final,64,24,0,256,5295,0,0.32318115234375,0.0,horizon,0.09435462951660156
selective-copying,relative-kv,final,64,32,0,256,5013,0,0.30596923828125,0.0,horizon,0.10007596015930176
selective-copying,relative-kv,final,64,48,0,256,4610,0,0.2813720703125,0.0,horizon,0.10888934135437012
selective-copying,relative-kv,final,64,64,0,256,4643,0,0.28338623046875,0.0,horizon,0.11848926544189453
selective-copying,relative-kv,final,64,96,0,256,4638,0,0.2830810546875,0.0,horizon,0.14556646347045898
selective-copying,relative-kv,final,64,128,0,256,4445,0,0.27130126953125,0.0,horizon,0.193709135055542
selective-copying,relative-kv,final,64,192,0,256,4329,0,0.26422119140625,0.0,horizon,0.24116802215576172
selective-copying,relative-kv,final,64,256,0,256,4390,0,0.2679443359375,0.0,horizon,0.2814202308654785
selective-copying,relative-kv,final,64,384,0,256,4217,0,0.25738525390625,0.0,horizon,0.400376558303833
selective-copying,relative-kv,final,64,512,0,256,4349,0,0.26544189453125,0.0,horizon,0.5055055618286133
selective-copying,relative-kv,final,64,768,0,256,4258,0,0.2598876953125,0.0,horizon,0.7082555294036865
selective-copying,relative-kv,final,64,1024,0,256,4321,0,0.26373291015625,0.0,horizon,1.0524327754974365
selective-copying,relative-kv,final,64,1536,0,256,4134,0,0.2523193359375,0.0,horizon,1.518329381942749
selective-copying,relative-kv,final,64,2048,0,256,4142,0,0.2528076171875,0.0,horizon,1.9974572658538818
selective-copying,relative-kv,final,64,3072,0,256,4005,0,0.24444580078125,0.0,horizon,3.051158905029297
selective-copying,relative-kv,final,64,4096,0,256,4046,0,0.2469482421875,0.0,horizon,4.437586784362793
selective-copying,relative-kv,final,64,6144,0,256,3928,0,0.23974609375,0.0,horizon,6.496527671813965
selective-copying,relative-kv,final,64,8192,0,256,3806,0,0.2322998046875,0.0,horizon,8.609640121459961
selective-copying,relative-kv,final,64,12288,0,256,3396,0,0.207275390625,0.0,horizon,12.835622310638428
selective-copying,relative-kv,final,64,16384,0,256,3575,0,0.21820068359375,0.0,horizon,17.713874578475952
selective-copying,relative-kv,final,64,24576,0,256,3106,0,0.1895751953125,0.0,horizon,27.245949029922485
selective-copying,relative-kv,final,64,32768,0,256,3073,0,0.18756103515625,0.0,horizon,37.31889772415161
selective-copying,relative-kv,final,64,49152,0,256,2671,0,0.16302490234375,0.0,horizon,56.89978361129761
selective-copying,relative-kv,final,64,65536,0,256,2821,0,0.17218017578125,0.0,horizon,78.81753969192505
selective-copying,relative-kv,final,64,98304,0,256,2701,0,0.16485595703125,0.0,horizon,125.91545414924622
selective-copying,relative-kv,final,64,131072,0,256,2505,0,0.15289306640625,0.0,horizon,202.4971079826355
selective-copying,relative-kv,final,10,16,7,256,2184,54,0.853125,0.2109375,prefix,0.04716157913208008
selective-copying,relative-kv,final,10,16,15,256,2242,74,0.87578125,0.2890625,prefix,0.045665740966796875
selective-copying,relative-kv,final,10,16,63,256,2185,48,0.853515625,0.1875,prefix,0.059221744537353516
selective-copying,relative-kv,final,10,64,7,256,2162,49,0.84453125,0.19140625,prefix,0.062174320220947266
selective-copying,relative-kv,final,10,64,15,256,2023,24,0.790234375,0.09375,prefix,0.06191062927246094
selective-copying,relative-kv,final,10,64,63,256,2141,50,0.836328125,0.1953125,prefix,0.09376382827758789
selective-copying,relative-kv,final,10,256,7,256,1978,17,0.77265625,0.06640625,prefix,0.2164778709411621
selective-copying,relative-kv,final,10,256,15,256,1886,14,0.73671875,0.0546875,prefix,0.21468305587768555
selective-copying,relative-kv,final,10,256,63,256,2003,21,0.782421875,0.08203125,prefix,0.2670607566833496
selective-copying,relative-kv,final,10,2048,7,256,1702,5,0.66484375,0.01953125,prefix,1.9166934490203857
selective-copying,relative-kv,final,10,2048,15,256,1763,5,0.688671875,0.01953125,prefix,1.9205577373504639
selective-copying,relative-kv,final,10,2048,63,256,1746,4,0.68203125,0.015625,prefix,1.9715156555175781
selective-copying,relative-kv,final,16,16,7,256,2573,0,0.628173828125,0.0,prefix,0.04915738105773926
selective-copying,relative-kv,final,16,16,15,256,2627,0,0.641357421875,0.0,prefix,0.06824994087219238
selective-copying,relative-kv,final,16,16,63,256,2674,0,0.65283203125,0.0,prefix,0.07394719123840332
selective-copying,relative-kv,final,16,64,7,256,2521,0,0.615478515625,0.0,prefix,0.06643795967102051
selective-copying,relative-kv,final,16,64,15,256,2535,0,0.618896484375,0.0,prefix,0.06576251983642578
selective-copying,relative-kv,final,16,64,63,256,2547,0,0.621826171875,0.0,prefix,0.09311604499816895
selective-copying,relative-kv,final,16,256,7,256,2394,0,0.58447265625,0.0,prefix,0.21487689018249512
selective-copying,relative-kv,final,16,256,15,256,2362,0,0.57666015625,0.0,prefix,0.22965049743652344
selective-copying,relative-kv,final,16,256,63,256,2414,0,0.58935546875,0.0,prefix,0.2924692630767822
selective-copying,relative-kv,final,16,2048,7,256,2176,0,0.53125,0.0,prefix,1.9406564235687256
selective-copying,relative-kv,final,16,2048,15,256,2085,0,0.509033203125,0.0,prefix,1.937800407409668
selective-copying,relative-kv,final,16,2048,63,256,2124,0,0.5185546875,0.0,prefix,1.9791524410247803
selective-copying,relative-kv,final,32,16,7,256,3441,0,0.4200439453125,0.0,prefix,0.06147265434265137
selective-copying,relative-kv,final,32,16,15,256,3440,0,0.419921875,0.0,prefix,0.060028076171875
selective-copying,relative-kv,final,32,16,63,256,3580,0,0.43701171875,0.0,prefix,0.0829310417175293
selective-copying,relative-kv,final,32,64,7,256,3338,0,0.407470703125,0.0,prefix,0.0849294662475586
selective-copying,relative-kv,final,32,64,15,256,3426,0,0.418212890625,0.0,prefix,0.09298443794250488
selective-copying,relative-kv,final,32,64,63,256,3313,0,0.4044189453125,0.0,prefix,0.12108802795410156
selective-copying,relative-kv,final,32,256,7,256,3033,0,0.3702392578125,0.0,prefix,0.24800634384155273
selective-copying,relative-kv,final,32,256,15,256,3101,0,0.3785400390625,0.0,prefix,0.26070308685302734
selective-copying,relative-kv,final,32,256,63,256,3193,0,0.3897705078125,0.0,prefix,0.2833242416381836
selective-copying,relative-kv,final,32,2048,7,256,2929,0,0.3575439453125,0.0,prefix,1.974370002746582
selective-copying,relative-kv,final,32,2048,15,256,2865,0,0.3497314453125,0.0,prefix,1.9705407619476318
selective-copying,relative-kv,final,32,2048,63,256,2762,0,0.337158203125,0.0,prefix,2.010573387145996
selective-copying,relative-kv,final,64,16,7,256,5359,0,0.32708740234375,0.0,prefix,0.09241724014282227
selective-copying,relative-kv,final,64,16,15,256,5281,0,0.32232666015625,0.0,prefix,0.09889793395996094
selective-copying,relative-kv,final,64,16,63,256,5279,0,0.32220458984375,0.0,prefix,0.13225507736206055
selective-copying,relative-kv,final,64,64,7,256,5244,0,0.320068359375,0.0,prefix,0.12898802757263184
selective-copying,relative-kv,final,64,64,15,256,5016,0,0.30615234375,0.0,prefix,0.13055157661437988
selective-copying,relative-kv,final,64,64,63,256,4618,0,0.2818603515625,0.0,prefix,0.165147066116333
selective-copying,relative-kv,final,64,256,7,256,4725,0,0.28839111328125,0.0,prefix,0.30127644538879395
selective-copying,relative-kv,final,64,256,15,256,4589,0,0.28009033203125,0.0,prefix,0.300001859664917
selective-copying,relative-kv,final,64,256,63,256,4337,0,0.26470947265625,0.0,prefix,0.3403141498565674
selective-copying,relative-kv,final,64,2048,7,256,4170,0,0.2545166015625,0.0,prefix,2.031996965408325
selective-copying,relative-kv,final,64,2048,15,256,4062,0,0.2479248046875,0.0,prefix,2.0331037044525146
selective-copying,relative-kv,final,64,2048,63,256,4057,0,0.24761962890625,0.0,prefix,2.0840885639190674
selective-copying,relative-kv,final,128,16,0,256,6561,0,0.200225830078125,0.0,unseen-memory,0.19277286529541016
selective-copying,relative-kv,final,128,16,15,256,6713,0,0.204864501953125,0.0,unseen-memory,0.2145066261291504
selective-copying,relative-kv,final,128,64,0,256,6389,0,0.194976806640625,0.0,unseen-memory,0.23565387725830078
selective-copying,relative-kv,final,128,64,15,256,6739,0,0.205657958984375,0.0,unseen-memory,0.2585415840148926
selective-copying,relative-kv,final,128,256,0,256,6266,0,0.19122314453125,0.0,unseen-memory,0.3938107490539551
selective-copying,relative-kv,final,128,256,15,256,6465,0,0.197296142578125,0.0,unseen-memory,0.41630005836486816
selective-copying,relative-kv,final,128,2048,0,256,6359,0,0.194061279296875,0.0,unseen-memory,2.117302656173706
selective-copying,relative-kv,final,128,2048,15,256,6278,0,0.19158935546875,0.0,unseen-memory,2.1543989181518555
selective-copying,combined,best,10,1,0,256,1993,12,0.778515625,0.046875,horizon,0.6102609634399414
selective-copying,combined,best,10,2,0,256,1642,2,0.64140625,0.0078125,horizon,0.05312514305114746
selective-copying,combined,best,10,3,0,256,1585,2,0.619140625,0.0078125,horizon,0.05607295036315918
selective-copying,combined,best,10,4,0,256,1525,1,0.595703125,0.00390625,horizon,0.052498579025268555
selective-copying,combined,best,10,5,0,256,1548,3,0.6046875,0.01171875,horizon,0.05478477478027344
selective-copying,combined,best,10,6,0,256,1431,2,0.558984375,0.0078125,horizon,0.053316354751586914
selective-copying,combined,best,10,7,0,256,1602,1,0.62578125,0.00390625,horizon,0.05621600151062012
selective-copying,combined,best,10,8,0,256,1552,4,0.60625,0.015625,horizon,0.05271291732788086
selective-copying,combined,best,10,9,0,256,1382,3,0.53984375,0.01171875,horizon,0.05420255661010742
selective-copying,combined,best,10,10,0,256,1387,2,0.541796875,0.0078125,horizon,0.05407428741455078
selective-copying,combined,best,10,11,0,256,1412,1,0.5515625,0.00390625,horizon,0.057771921157836914
selective-copying,combined,best,10,12,0,256,1209,0,0.472265625,0.0,horizon,0.05297970771789551
selective-copying,combined,best,10,13,0,256,1347,1,0.526171875,0.00390625,horizon,0.05523943901062012
selective-copying,combined,best,10,14,0,256,1428,1,0.5578125,0.00390625,horizon,0.052819013595581055
selective-copying,combined,best,10,16,0,256,1291,0,0.504296875,0.0,horizon,0.054868221282958984
selective-copying,combined,best,10,24,0,256,857,0,0.334765625,0.0,horizon,0.053368330001831055
selective-copying,combined,best,10,32,0,256,980,0,0.3828125,0.0,horizon,0.05712747573852539
selective-copying,combined,best,10,48,0,256,951,0,0.371484375,0.0,horizon,0.07395219802856445
selective-copying,combined,best,10,64,0,256,979,0,0.382421875,0.0,horizon,0.0821695327758789
selective-copying,combined,best,10,96,0,256,966,0,0.37734375,0.0,horizon,0.0804903507232666
selective-copying,combined,best,10,128,0,256,846,0,0.33046875,0.0,horizon,0.09729433059692383
selective-copying,combined,best,10,192,0,256,779,0,0.304296875,0.0,horizon,0.1452345848083496
selective-copying,combined,best,10,256,0,256,829,0,0.323828125,0.0,horizon,0.23047709465026855
selective-copying,combined,best,10,384,0,256,751,0,0.293359375,0.0,horizon,0.3735206127166748
selective-copying,combined,best,10,512,0,256,652,0,0.2546875,0.0,horizon,0.43630051612854004
selective-copying,combined,best,10,768,0,256,688,0,0.26875,0.0,horizon,0.701632022857666
selective-copying,combined,best,10,1024,0,256,480,0,0.1875,0.0,horizon,1.02834153175354
selective-copying,combined,best,10,1536,0,256,544,0,0.2125,0.0,horizon,1.5319159030914307
selective-copying,combined,best,10,2048,0,256,451,0,0.176171875,0.0,horizon,2.060626268386841
selective-copying,combined,best,10,3072,0,256,473,0,0.184765625,0.0,horizon,3.1150310039520264
selective-copying,combined,best,10,4096,0,256,332,0,0.1296875,0.0,horizon,4.745799541473389
selective-copying,combined,best,10,6144,0,256,346,0,0.13515625,0.0,horizon,6.8481104373931885
selective-copying,combined,best,10,8192,0,256,334,0,0.13046875,0.0,horizon,9.12802243232727
selective-copying,combined,best,10,12288,0,256,300,0,0.1171875,0.0,horizon,13.679428339004517
selective-copying,combined,best,10,16384,0,256,325,0,0.126953125,0.0,horizon,18.87166452407837
selective-copying,combined,best,10,24576,0,256,331,0,0.129296875,0.0,horizon,28.981918334960938
selective-copying,combined,best,10,32768,0,256,314,0,0.12265625,0.0,horizon,39.82863998413086
selective-copying,combined,best,10,49152,0,256,353,0,0.137890625,0.0,horizon,61.004570722579956
selective-copying,combined,best,10,65536,0,256,325,0,0.126953125,0.0,horizon,83.6589674949646
selective-copying,combined,best,10,98304,0,256,329,0,0.128515625,0.0,horizon,132.6061189174652
selective-copying,combined,best,10,131072,0,256,323,0,0.126171875,0.0,horizon,267.8356306552887
selective-copying,combined,best,16,1,0,256,3473,19,0.847900390625,0.07421875,horizon,0.05603218078613281
selective-copying,combined,best,16,2,0,256,3133,9,0.764892578125,0.03515625,horizon,0.05821633338928223
selective-copying,combined,best,16,3,0,256,2781,1,0.678955078125,0.00390625,horizon,0.055977821350097656
selective-copying,combined,best,16,4,0,256,2603,0,0.635498046875,0.0,horizon,0.05629158020019531
selective-copying,combined,best,16,5,0,256,2503,0,0.611083984375,0.0,horizon,0.05473160743713379
selective-copying,combined,best,16,6,0,256,2395,0,0.584716796875,0.0,horizon,0.05721449851989746
selective-copying,combined,best,16,7,0,256,2471,1,0.603271484375,0.00390625,horizon,0.05376386642456055
selective-copying,combined,best,16,8,0,256,2296,0,0.560546875,0.0,horizon,0.05365872383117676
selective-copying,combined,best,16,9,0,256,2240,0,0.546875,0.0,horizon,0.05347299575805664
selective-copying,combined,best,16,10,0,256,2134,0,0.52099609375,0.0,horizon,0.0549466609954834
selective-copying,combined,best,16,11,0,256,2100,0,0.5126953125,0.0,horizon,0.0558924674987793
selective-copying,combined,best,16,12,0,256,1915,0,0.467529296875,0.0,horizon,0.056253910064697266
selective-copying,combined,best,16,13,0,256,1789,0,0.436767578125,0.0,horizon,0.05844402313232422
selective-copying,combined,best,16,14,0,256,1595,0,0.389404296875,0.0,horizon,0.05943489074707031
selective-copying,combined,best,16,16,0,256,1381,0,0.337158203125,0.0,horizon,0.06370925903320312
selective-copying,combined,best,16,24,0,256,1509,0,0.368408203125,0.0,horizon,0.062253713607788086
selective-copying,combined,best,16,32,0,256,1328,0,0.32421875,0.0,horizon,0.07619953155517578
selective-copying,combined,best,16,48,0,256,1222,0,0.29833984375,0.0,horizon,0.07277822494506836
selective-copying,combined,best,16,64,0,256,1281,0,0.312744140625,0.0,horizon,0.0740365982055664
selective-copying,combined,best,16,96,0,256,1259,0,0.307373046875,0.0,horizon,0.09168553352355957
selective-copying,combined,best,16,128,0,256,1077,0,0.262939453125,0.0,horizon,0.11761713027954102
selective-copying,combined,best,16,192,0,256,1072,0,0.26171875,0.0,horizon,0.1573190689086914
selective-copying,combined,best,16,256,0,256,1101,0,0.268798828125,0.0,horizon,0.23169231414794922
selective-copying,combined,best,16,384,0,256,1029,0,0.251220703125,0.0,horizon,0.3620011806488037
selective-copying,combined,best,16,512,0,256,994,0,0.24267578125,0.0,horizon,0.46737241744995117
selective-copying,combined,best,16,768,0,256,947,0,0.231201171875,0.0,horizon,0.7062578201293945
selective-copying,combined,best,16,1024,0,256,720,0,0.17578125,0.0,horizon,1.0400841236114502
selective-copying,combined,best,16,1536,0,256,802,0,0.19580078125,0.0,horizon,1.5452752113342285
selective-copying,combined,best,16,2048,0,256,603,0,0.147216796875,0.0,horizon,2.0649585723876953
selective-copying,combined,best,16,3072,0,256,603,0,0.147216796875,0.0,horizon,3.118844747543335
selective-copying,combined,best,16,4096,0,256,476,0,0.1162109375,0.0,horizon,4.781440258026123
selective-copying,combined,best,16,6144,0,256,556,0,0.1357421875,0.0,horizon,6.831767797470093
selective-copying,combined,best,16,8192,0,256,538,0,0.13134765625,0.0,horizon,9.089478015899658
selective-copying,combined,best,16,12288,0,256,487,0,0.118896484375,0.0,horizon,13.604091167449951
selective-copying,combined,best,16,16384,0,256,522,0,0.12744140625,0.0,horizon,18.688361883163452
selective-copying,combined,best,16,24576,0,256,566,0,0.13818359375,0.0,horizon,28.655545949935913
selective-copying,combined,best,16,32768,0,256,514,0,0.12548828125,0.0,horizon,39.21182179450989
selective-copying,combined,best,16,49152,0,256,507,0,0.123779296875,0.0,horizon,59.92339253425598
selective-copying,combined,best,16,65536,0,256,507,0,0.123779296875,0.0,horizon,83.21009993553162
selective-copying,combined,best,16,98304,0,256,505,0,0.123291015625,0.0,horizon,132.42288756370544
selective-copying,combined,best,16,131072,0,256,519,0,0.126708984375,0.0,horizon,266.84264516830444
selective-copying,combined,best,32,1,0,256,6661,1,0.8131103515625,0.00390625,horizon,0.07011270523071289
selective-copying,combined,best,32,2,0,256,5200,0,0.634765625,0.0,horizon,0.07102036476135254
selective-copying,combined,best,32,3,0,256,4591,0,0.5604248046875,0.0,horizon,0.07035493850708008
selective-copying,combined,best,32,4,0,256,4196,0,0.51220703125,0.0,horizon,0.07099318504333496
selective-copying,combined,best,32,5,0,256,4112,0,0.501953125,0.0,horizon,0.07110428810119629
selective-copying,combined,best,32,6,0,256,4023,0,0.4910888671875,0.0,horizon,0.07065677642822266
selective-copying,combined,best,32,7,0,256,3800,0,0.4638671875,0.0,horizon,0.07121562957763672
selective-copying,combined,best,32,8,0,256,3590,0,0.438232421875,0.0,horizon,0.07061481475830078
selective-copying,combined,best,32,9,0,256,3590,0,0.438232421875,0.0,horizon,0.07152342796325684
selective-copying,combined,best,32,10,0,256,3385,0,0.4132080078125,0.0,horizon,0.07213139533996582
selective-copying,combined,best,32,11,0,256,3125,0,0.3814697265625,0.0,horizon,0.07199358940124512
selective-copying,combined,best,32,12,0,256,3049,0,0.3721923828125,0.0,horizon,0.07030177116394043
selective-copying,combined,best,32,13,0,256,2945,0,0.3594970703125,0.0,horizon,0.0708017349243164
selective-copying,combined,best,32,14,0,256,2685,0,0.3277587890625,0.0,horizon,0.07136321067810059
selective-copying,combined,best,32,16,0,256,2289,0,0.2794189453125,0.0,horizon,0.07082581520080566
selective-copying,combined,best,32,24,0,256,2234,0,0.272705078125,0.0,horizon,0.07231831550598145
selective-copying,combined,best,32,32,0,256,2136,0,0.2607421875,0.0,horizon,0.07250070571899414
selective-copying,combined,best,32,48,0,256,2016,0,0.24609375,0.0,horizon,0.07886600494384766
selective-copying,combined,best,32,64,0,256,2086,0,0.254638671875,0.0,horizon,0.09140753746032715
selective-copying,combined,best,32,96,0,256,1772,0,0.21630859375,0.0,horizon,0.11455893516540527
selective-copying,combined,best,32,128,0,256,1790,0,0.218505859375,0.0,horizon,0.13913440704345703
selective-copying,combined,best,32,192,0,256,1768,0,0.2158203125,0.0,horizon,0.22078490257263184
selective-copying,combined,best,32,256,0,256,1789,0,0.2183837890625,0.0,horizon,0.266101598739624
selective-copying,combined,best,32,384,0,256,1719,0,0.2098388671875,0.0,horizon,0.36899280548095703
selective-copying,combined,best,32,512,0,256,1677,0,0.2047119140625,0.0,horizon,0.5153872966766357
selective-copying,combined,best,32,768,0,256,1655,0,0.2020263671875,0.0,horizon,0.7220146656036377
selective-copying,combined,best,32,1024,0,256,1425,0,0.1739501953125,0.0,horizon,1.0729944705963135
selective-copying,combined,best,32,1536,0,256,1356,0,0.16552734375,0.0,horizon,1.5789949893951416
selective-copying,combined,best,32,2048,0,256,1268,0,0.15478515625,0.0,horizon,2.0841963291168213
selective-copying,combined,best,32,3072,0,256,1174,0,0.143310546875,0.0,horizon,3.1477036476135254
selective-copying,combined,best,32,4096,0,256,1097,0,0.1339111328125,0.0,horizon,4.797045707702637
selective-copying,combined,best,32,6144,0,256,1095,0,0.1336669921875,0.0,horizon,6.874826669692993
selective-copying,combined,best,32,8192,0,256,1064,0,0.1298828125,0.0,horizon,9.120093584060669
selective-copying,combined,best,32,12288,0,256,1085,0,0.1324462890625,0.0,horizon,13.625413656234741
selective-copying,combined,best,32,16384,0,256,1061,0,0.1295166015625,0.0,horizon,18.744343042373657
selective-copying,combined,best,32,24576,0,256,1002,0,0.122314453125,0.0,horizon,28.773969411849976
selective-copying,combined,best,32,32768,0,256,1034,0,0.126220703125,0.0,horizon,39.35590624809265
selective-copying,combined,best,32,49152,0,256,1021,0,0.1246337890625,0.0,horizon,60.06124973297119
selective-copying,combined,best,32,65536,0,256,1028,0,0.12548828125,0.0,horizon,83.2724678516388
selective-copying,combined,best,32,98304,0,256,1021,0,0.1246337890625,0.0,horizon,132.4772527217865
selective-copying,combined,best,32,131072,0,256,1023,0,0.1248779296875,0.0,horizon,270.58718085289
selective-copying,combined,best,64,1,0,256,5835,0,0.35614013671875,0.0,horizon,0.09181857109069824
selective-copying,combined,best,64,2,0,256,5982,0,0.3651123046875,0.0,horizon,0.09529471397399902
selective-copying,combined,best,64,3,0,256,5699,0,0.34783935546875,0.0,horizon,0.09174776077270508
selective-copying,combined,best,64,4,0,256,5698,0,0.3477783203125,0.0,horizon,0.0943443775177002
selective-copying,combined,best,64,5,0,256,5668,0,0.345947265625,0.0,horizon,0.09749007225036621
selective-copying,combined,best,64,6,0,256,5610,0,0.3424072265625,0.0,horizon,0.09498214721679688
selective-copying,combined,best,64,7,0,256,5377,0,0.32818603515625,0.0,horizon,0.09557509422302246
selective-copying,combined,best,64,8,0,256,5285,0,0.32257080078125,0.0,horizon,0.10198211669921875
selective-copying,combined,best,64,9,0,256,5208,0,0.31787109375,0.0,horizon,0.10913515090942383
selective-copying,combined,best,64,10,0,256,4974,0,0.3035888671875,0.0,horizon,0.09904956817626953
selective-copying,combined,best,64,11,0,256,4939,0,0.30145263671875,0.0,horizon,0.09562230110168457
selective-copying,combined,best,64,12,0,256,4797,0,0.29278564453125,0.0,horizon,0.09684181213378906
selective-copying,combined,best,64,13,0,256,4891,0,0.29852294921875,0.0,horizon,0.09976935386657715
selective-copying,combined,best,64,14,0,256,4773,0,0.29132080078125,0.0,horizon,0.1030433177947998
selective-copying,combined,best,64,16,0,256,4381,0,0.26739501953125,0.0,horizon,0.10287976264953613
selective-copying,combined,best,64,24,0,256,4328,0,0.26416015625,0.0,horizon,0.10617232322692871
selective-copying,combined,best,64,32,0,256,4041,0,0.24664306640625,0.0,horizon,0.11773109436035156
selective-copying,combined,best,64,48,0,256,3456,0,0.2109375,0.0,horizon,0.13471627235412598
selective-copying,combined,best,64,64,0,256,2994,0,0.1827392578125,0.0,horizon,0.13865876197814941
selective-copying,combined,best,64,96,0,256,3309,0,0.20196533203125,0.0,horizon,0.15683197975158691
selective-copying,combined,best,64,128,0,256,3094,0,0.1888427734375,0.0,horizon,0.20850515365600586
selective-copying,combined,best,64,192,0,256,2961,0,0.18072509765625,0.0,horizon,0.26218461990356445
selective-copying,combined,best,64,256,0,256,2954,0,0.1802978515625,0.0,horizon,0.32516956329345703
selective-copying,combined,best,64,384,0,256,2787,0,0.17010498046875,0.0,horizon,0.4341769218444824
selective-copying,combined,best,64,512,0,256,2818,0,0.1719970703125,0.0,horizon,0.5604772567749023
selective-copying,combined,best,64,768,0,256,2764,0,0.168701171875,0.0,horizon,0.7777063846588135
selective-copying,combined,best,64,1024,0,256,2405,0,0.14678955078125,0.0,horizon,1.132697343826294
selective-copying,combined,best,64,1536,0,256,2429,0,0.14825439453125,0.0,horizon,1.6329495906829834
selective-copying,combined,best,64,2048,0,256,2436,0,0.148681640625,0.0,horizon,2.154986619949341
selective-copying,combined,best,64,3072,0,256,2336,0,0.142578125,0.0,horizon,3.207277774810791
selective-copying,combined,best,64,4096,0,256,2211,0,0.13494873046875,0.0,horizon,4.835641622543335
selective-copying,combined,best,64,6144,0,256,2222,0,0.1356201171875,0.0,horizon,6.939945220947266
selective-copying,combined,best,64,8192,0,256,2067,0,0.12615966796875,0.0,horizon,9.202694654464722
selective-copying,combined,best,64,12288,0,256,2087,0,0.12738037109375,0.0,horizon,13.687977313995361
selective-copying,combined,best,64,16384,0,256,2014,0,0.1229248046875,0.0,horizon,18.793267965316772
selective-copying,combined,best,64,24576,0,256,1998,0,0.1219482421875,0.0,horizon,28.802345514297485
selective-copying,combined,best,64,32768,0,256,2077,0,0.12677001953125,0.0,horizon,39.37143301963806
selective-copying,combined,best,64,49152,0,256,2074,0,0.1265869140625,0.0,horizon,60.197025775909424
selective-copying,combined,best,64,65536,0,256,2075,0,0.12664794921875,0.0,horizon,83.29690170288086
selective-copying,combined,best,64,98304,0,256,2012,0,0.122802734375,0.0,horizon,132.24598789215088
selective-copying,combined,best,64,131072,0,256,2039,0,0.12445068359375,0.0,horizon,269.85579085350037
selective-copying,combined,best,10,16,7,256,997,0,0.389453125,0.0,prefix,0.05691933631896973
selective-copying,combined,best,10,16,15,256,1400,1,0.546875,0.00390625,prefix,0.05511879920959473
selective-copying,combined,best,10,16,63,256,1082,0,0.42265625,0.0,prefix,0.07191252708435059
selective-copying,combined,best,10,64,7,256,872,0,0.340625,0.0,prefix,0.07260704040527344
selective-copying,combined,best,10,64,15,256,1044,0,0.4078125,0.0,prefix,0.07372498512268066
selective-copying,combined,best,10,64,63,256,923,0,0.360546875,0.0,prefix,0.1034095287322998
selective-copying,combined,best,10,256,7,256,787,0,0.307421875,0.0,prefix,0.23232769966125488
selective-copying,combined,best,10,256,15,256,836,0,0.3265625,0.0,prefix,0.2665576934814453
selective-copying,combined,best,10,256,63,256,765,0,0.298828125,0.0,prefix,0.273085355758667
selective-copying,combined,best,10,2048,7,256,453,0,0.176953125,0.0,prefix,2.0860533714294434
selective-copying,combined,best,10,2048,15,256,431,0,0.168359375,0.0,prefix,2.079693078994751
selective-copying,combined,best,10,2048,63,256,428,0,0.1671875,0.0,prefix,2.117927312850952
selective-copying,combined,best,16,16,7,256,1819,0,0.444091796875,0.0,prefix,0.05491304397583008
selective-copying,combined,best,16,16,15,256,1417,0,0.345947265625,0.0,prefix,0.05525398254394531
selective-copying,combined,best,16,16,63,256,1270,0,0.31005859375,0.0,prefix,0.07732415199279785
selective-copying,combined,best,16,64,7,256,1302,0,0.31787109375,0.0,prefix,0.07761597633361816
selective-copying,combined,best,16,64,15,256,1358,0,0.33154296875,0.0,prefix,0.07695150375366211
selective-copying,combined,best,16,64,63,256,1270,0,0.31005859375,0.0,prefix,0.1101686954498291
selective-copying,combined,best,16,256,7,256,1133,0,0.276611328125,0.0,prefix,0.24509286880493164
selective-copying,combined,best,16,256,15,256,1057,0,0.258056640625,0.0,prefix,0.26387667655944824
selective-copying,combined,best,16,256,63,256,1079,0,0.263427734375,0.0,prefix,0.2906801700592041
selective-copying,combined,best,16,2048,7,256,639,0,0.156005859375,0.0,prefix,2.081075668334961
selective-copying,combined,best,16,2048,15,256,658,0,0.16064453125,0.0,prefix,2.077805757522583
selective-copying,combined,best,16,2048,63,256,684,0,0.1669921875,0.0,prefix,2.1372361183166504
selective-copying,combined,best,32,16,7,256,2611,0,0.3187255859375,0.0,prefix,0.07236599922180176
selective-copying,combined,best,32,16,15,256,2487,0,0.3035888671875,0.0,prefix,0.07323789596557617
selective-copying,combined,best,32,16,63,256,2610,0,0.318603515625,0.0,prefix,0.09572529792785645
selective-copying,combined,best,32,64,7,256,2298,0,0.280517578125,0.0,prefix,0.09692645072937012
selective-copying,combined,best,32,64,15,256,2382,0,0.290771484375,0.0,prefix,0.10382294654846191
selective-copying,combined,best,32,64,63,256,2002,0,0.244384765625,0.0,prefix,0.13693952560424805
selective-copying,combined,best,32,256,7,256,1819,0,0.2220458984375,0.0,prefix,0.27315711975097656
selective-copying,combined,best,32,256,15,256,1895,0,0.2313232421875,0.0,prefix,0.28354501724243164
selective-copying,combined,best,32,256,63,256,1717,0,0.2095947265625,0.0,prefix,0.3159143924713135
selective-copying,combined,best,32,2048,7,256,1304,0,0.1591796875,0.0,prefix,2.121932029724121
selective-copying,combined,best,32,2048,15,256,1266,0,0.154541015625,0.0,prefix,2.1195905208587646
selective-copying,combined,best,32,2048,63,256,1375,0,0.1678466796875,0.0,prefix,2.1753058433532715
selective-copying,combined,best,64,16,7,256,4918,0,0.3001708984375,0.0,prefix,0.10498785972595215
selective-copying,combined,best,64,16,15,256,4748,0,0.289794921875,0.0,prefix,0.10918903350830078
selective-copying,combined,best,64,16,63,256,4546,0,0.2774658203125,0.0,prefix,0.15175652503967285
selective-copying,combined,best,64,64,7,256,3367,0,0.20550537109375,0.0,prefix,0.1456756591796875
selective-copying,combined,best,64,64,15,256,3484,0,0.212646484375,0.0,prefix,0.1527392864227295
selective-copying,combined,best,64,64,63,256,3018,0,0.1842041015625,0.0,prefix,0.18456459045410156
selective-copying,combined,best,64,256,7,256,2994,0,0.1827392578125,0.0,prefix,0.32350611686706543
selective-copying,combined,best,64,256,15,256,3151,0,0.19232177734375,0.0,prefix,0.3375053405761719
selective-copying,combined,best,64,256,63,256,2803,0,0.17108154296875,0.0,prefix,0.38212013244628906
selective-copying,combined,best,64,2048,7,256,2463,0,0.15032958984375,0.0,prefix,2.196274995803833
selective-copying,combined,best,64,2048,15,256,2503,0,0.15277099609375,0.0,prefix,2.198887586593628
selective-copying,combined,best,64,2048,63,256,2353,0,0.14361572265625,0.0,prefix,2.239927291870117
selective-copying,combined,best,128,16,0,256,5160,0,0.157470703125,0.0,unseen-memory,0.2184586524963379
selective-copying,combined,best,128,16,15,256,5275,0,0.160980224609375,0.0,unseen-memory,0.2397937774658203
selective-copying,combined,best,128,64,0,256,5140,0,0.1568603515625,0.0,unseen-memory,0.26211023330688477
selective-copying,combined,best,128,64,15,256,4908,0,0.1497802734375,0.0,unseen-memory,0.2831845283508301
selective-copying,combined,best,128,256,0,256,5220,0,0.1593017578125,0.0,unseen-memory,0.4388759136199951
selective-copying,combined,best,128,256,15,256,4601,0,0.140411376953125,0.0,unseen-memory,0.46256041526794434
selective-copying,combined,best,128,2048,0,256,4422,0,0.13494873046875,0.0,unseen-memory,2.2924442291259766
selective-copying,combined,best,128,2048,15,256,4463,0,0.136199951171875,0.0,unseen-memory,2.3185667991638184
selective-copying,combined,final,10,1,0,256,2081,22,0.812890625,0.0859375,horizon,0.6019282341003418
selective-copying,combined,final,10,2,0,256,1834,8,0.71640625,0.03125,horizon,0.053566694259643555
selective-copying,combined,final,10,3,0,256,1706,2,0.66640625,0.0078125,horizon,0.05452871322631836
selective-copying,combined,final,10,4,0,256,1716,6,0.6703125,0.0234375,horizon,0.05251669883728027
selective-copying,combined,final,10,5,0,256,1554,7,0.60703125,0.02734375,horizon,0.05367898941040039
selective-copying,combined,final,10,6,0,256,1238,6,0.48359375,0.0234375,horizon,0.053331613540649414
selective-copying,combined,final,10,7,0,256,1354,0,0.52890625,0.0,horizon,0.05356407165527344
selective-copying,combined,final,10,8,0,256,1285,1,0.501953125,0.00390625,horizon,0.05294537544250488
selective-copying,combined,final,10,9,0,256,1206,0,0.47109375,0.0,horizon,0.052850961685180664
selective-copying,combined,final,10,10,0,256,1199,0,0.468359375,0.0,horizon,0.05333209037780762
selective-copying,combined,final,10,11,0,256,1142,0,0.44609375,0.0,horizon,0.052805423736572266
selective-copying,combined,final,10,12,0,256,1081,0,0.422265625,0.0,horizon,0.05249476432800293
selective-copying,combined,final,10,13,0,256,1109,0,0.433203125,0.0,horizon,0.05325579643249512
selective-copying,combined,final,10,14,0,256,1214,0,0.47421875,0.0,horizon,0.05308270454406738
selective-copying,combined,final,10,16,0,256,1126,1,0.43984375,0.00390625,horizon,0.05314350128173828
selective-copying,combined,final,10,24,0,256,901,0,0.351953125,0.0,horizon,0.053267478942871094
selective-copying,combined,final,10,32,0,256,991,0,0.387109375,0.0,horizon,0.05350828170776367
selective-copying,combined,final,10,48,0,256,867,0,0.338671875,0.0,horizon,0.06969332695007324
selective-copying,combined,final,10,64,0,256,944,0,0.36875,0.0,horizon,0.07396245002746582
selective-copying,combined,final,10,96,0,256,892,0,0.3484375,0.0,horizon,0.08212542533874512
selective-copying,combined,final,10,128,0,256,805,0,0.314453125,0.0,horizon,0.09914493560791016
selective-copying,combined,final,10,192,0,256,759,0,0.296484375,0.0,horizon,0.1475069522857666
selective-copying,combined,final,10,256,0,256,817,0,0.319140625,0.0,horizon,0.22944855690002441
selective-copying,combined,final,10,384,0,256,711,0,0.277734375,0.0,horizon,0.3741629123687744
selective-copying,combined,final,10,512,0,256,677,0,0.264453125,0.0,horizon,0.44112277030944824
selective-copying,combined,final,10,768,0,256,673,0,0.262890625,0.0,horizon,0.7084238529205322
selective-copying,combined,final,10,1024,0,256,403,0,0.157421875,0.0,horizon,1.0395307540893555
selective-copying,combined,final,10,1536,0,256,522,0,0.20390625,0.0,horizon,1.552473783493042
selective-copying,combined,final,10,2048,0,256,360,0,0.140625,0.0,horizon,2.0806493759155273
selective-copying,combined,final,10,3072,0,256,351,0,0.137109375,0.0,horizon,3.1452476978302
selective-copying,combined,final,10,4096,0,256,305,0,0.119140625,0.0,horizon,4.789865493774414
selective-copying,combined,final,10,6144,0,256,322,0,0.12578125,0.0,horizon,6.933653116226196
selective-copying,combined,final,10,8192,0,256,325,0,0.126953125,0.0,horizon,9.240159273147583
selective-copying,combined,final,10,12288,0,256,303,0,0.118359375,0.0,horizon,13.792258501052856
selective-copying,combined,final,10,16384,0,256,323,0,0.126171875,0.0,horizon,18.97211742401123
selective-copying,combined,final,10,24576,0,256,324,0,0.1265625,0.0,horizon,29.140308618545532
selective-copying,combined,final,10,32768,0,256,334,0,0.13046875,0.0,horizon,40.05719208717346
selective-copying,combined,final,10,49152,0,256,324,0,0.1265625,0.0,horizon,61.19982194900513
selective-copying,combined,final,10,65536,0,256,314,0,0.12265625,0.0,horizon,83.27090430259705
selective-copying,combined,final,10,98304,0,256,318,0,0.12421875,0.0,horizon,132.21049571037292
selective-copying,combined,final,10,131072,0,256,323,0,0.126171875,0.0,horizon,267.9382355213165
selective-copying,combined,final,16,1,0,256,3617,32,0.883056640625,0.125,horizon,0.052581787109375
selective-copying,combined,final,16,2,0,256,3154,12,0.77001953125,0.046875,horizon,0.054144859313964844
selective-copying,combined,final,16,3,0,256,2708,2,0.6611328125,0.0078125,horizon,0.05434226989746094
selective-copying,combined,final,16,4,0,256,2546,0,0.62158203125,0.0,horizon,0.055672645568847656
selective-copying,combined,final,16,5,0,256,2541,0,0.620361328125,0.0,horizon,0.05832481384277344
selective-copying,combined,final,16,6,0,256,2506,0,0.61181640625,0.0,horizon,0.0573732852935791
selective-copying,combined,final,16,7,0,256,2385,0,0.582275390625,0.0,horizon,0.057271718978881836
selective-copying,combined,final,16,8,0,256,2307,0,0.563232421875,0.0,horizon,0.05604839324951172
selective-copying,combined,final,16,9,0,256,2126,0,0.51904296875,0.0,horizon,0.05730080604553223
selective-copying,combined,final,16,10,0,256,2147,0,0.524169921875,0.0,horizon,0.05546212196350098
selective-copying,combined,final,16,11,0,256,2029,1,0.495361328125,0.00390625,horizon,0.0535893440246582
selective-copying,combined,final,16,12,0,256,1878,0,0.45849609375,0.0,horizon,0.053647518157958984
selective-copying,combined,final,16,13,0,256,1751,0,0.427490234375,0.0,horizon,0.05332779884338379
selective-copying,combined,final,16,14,0,256,1582,0,0.38623046875,0.0,horizon,0.058054208755493164
selective-copying,combined,final,16,16,0,256,1420,0,0.3466796875,0.0,horizon,0.05795574188232422
selective-copying,combined,final,16,24,0,256,1505,0,0.367431640625,0.0,horizon,0.05654478073120117
selective-copying,combined,final,16,32,0,256,1235,0,0.301513671875,0.0,horizon,0.07631659507751465
selective-copying,combined,final,16,48,0,256,1257,0,0.306884765625,0.0,horizon,0.07542610168457031
selective-copying,combined,final,16,64,0,256,1331,0,0.324951171875,0.0,horizon,0.07564187049865723
selective-copying,combined,final,16,96,0,256,1256,0,0.306640625,0.0,horizon,0.09294486045837402
selective-copying,combined,final,16,128,0,256,1122,0,0.27392578125,0.0,horizon,0.13015508651733398
selective-copying,combined,final,16,192,0,256,1050,0,0.25634765625,0.0,horizon,0.17938804626464844
selective-copying,combined,final,16,256,0,256,1084,0,0.2646484375,0.0,horizon,0.23989176750183105
selective-copying,combined,final,16,384,0,256,1012,0,0.2470703125,0.0,horizon,0.3294260501861572
selective-copying,combined,final,16,512,0,256,984,0,0.240234375,0.0,horizon,0.49401307106018066
selective-copying,combined,final,16,768,0,256,926,0,0.22607421875,0.0,horizon,0.6790847778320312
selective-copying,combined,final,16,1024,0,256,639,0,0.156005859375,0.0,horizon,1.0450468063354492
selective-copying,combined,final,16,1536,0,256,802,0,0.19580078125,0.0,horizon,1.543999433517456
selective-copying,combined,final,16,2048,0,256,633,0,0.154541015625,0.0,horizon,2.0617268085479736
selective-copying,combined,final,16,3072,0,256,592,0,0.14453125,0.0,horizon,3.097320079803467
selective-copying,combined,final,16,4096,0,256,546,0,0.13330078125,0.0,horizon,4.767084836959839
selective-copying,combined,final,16,6144,0,256,551,0,0.134521484375,0.0,horizon,6.832485914230347
selective-copying,combined,final,16,8192,0,256,524,0,0.1279296875,0.0,horizon,9.084513902664185
selective-copying,combined,final,16,12288,0,256,552,0,0.134765625,0.0,horizon,13.58402681350708
selective-copying,combined,final,16,16384,0,256,539,0,0.131591796875,0.0,horizon,18.668473482131958
selective-copying,combined,final,16,24576,0,256,545,0,0.133056640625,0.0,horizon,28.6513249874115
selective-copying,combined,final,16,32768,0,256,502,0,0.12255859375,0.0,horizon,39.22825050354004
selective-copying,combined,final,16,49152,0,256,545,0,0.133056640625,0.0,horizon,59.96814799308777
selective-copying,combined,final,16,65536,0,256,511,0,0.124755859375,0.0,horizon,83.21747326850891
selective-copying,combined,final,16,98304,0,256,517,0,0.126220703125,0.0,horizon,132.30466985702515
selective-copying,combined,final,16,131072,0,256,507,0,0.123779296875,0.0,horizon,267.3679983615875
selective-copying,combined,final,32,1,0,256,6961,1,0.8497314453125,0.00390625,horizon,0.06951332092285156
selective-copying,combined,final,32,2,0,256,5463,0,0.6668701171875,0.0,horizon,0.06994056701660156
selective-copying,combined,final,32,3,0,256,4938,0,0.602783203125,0.0,horizon,0.0725257396697998
selective-copying,combined,final,32,4,0,256,4415,0,0.5389404296875,0.0,horizon,0.07460808753967285
selective-copying,combined,final,32,5,0,256,4275,0,0.5218505859375,0.0,horizon,0.07411074638366699
selective-copying,combined,final,32,6,0,256,4196,0,0.51220703125,0.0,horizon,0.0737457275390625
selective-copying,combined,final,32,7,0,256,4083,0,0.4984130859375,0.0,horizon,0.07045793533325195
selective-copying,combined,final,32,8,0,256,3816,0,0.4658203125,0.0,horizon,0.06995797157287598
selective-copying,combined,final,32,9,0,256,3739,0,0.4564208984375,0.0,horizon,0.07166004180908203
selective-copying,combined,final,32,10,0,256,3655,0,0.4461669921875,0.0,horizon,0.07633304595947266
selective-copying,combined,final,32,11,0,256,3456,0,0.421875,0.0,horizon,0.07748723030090332
selective-copying,combined,final,32,12,0,256,3276,0,0.39990234375,0.0,horizon,0.07151436805725098
selective-copying,combined,final,32,13,0,256,3233,0,0.3946533203125,0.0,horizon,0.0744924545288086
selective-copying,combined,final,32,14,0,256,2989,0,0.3648681640625,0.0,horizon,0.07287931442260742
selective-copying,combined,final,32,16,0,256,2574,0,0.314208984375,0.0,horizon,0.07230639457702637
selective-copying,combined,final,32,24,0,256,2424,0,0.2958984375,0.0,horizon,0.07278180122375488
selective-copying,combined,final,32,32,0,256,2260,0,0.27587890625,0.0,horizon,0.07255053520202637
selective-copying,combined,final,32,48,0,256,1942,0,0.237060546875,0.0,horizon,0.07895469665527344
selective-copying,combined,final,32,64,0,256,1967,0,0.2401123046875,0.0,horizon,0.0892941951751709
selective-copying,combined,final,32,96,0,256,1824,0,0.22265625,0.0,horizon,0.1138157844543457
selective-copying,combined,final,32,128,0,256,1861,0,0.2271728515625,0.0,horizon,0.13824105262756348
selective-copying,combined,final,32,192,0,256,1772,0,0.21630859375,0.0,horizon,0.22167277336120605
selective-copying,combined,final,32,256,0,256,1825,0,0.2227783203125,0.0,horizon,0.26862382888793945
selective-copying,combined,final,32,384,0,256,1717,0,0.2095947265625,0.0,horizon,0.36628150939941406
selective-copying,combined,final,32,512,0,256,1650,0,0.201416015625,0.0,horizon,0.5159871578216553
selective-copying,combined,final,32,768,0,256,1597,0,0.1949462890625,0.0,horizon,0.7188749313354492
selective-copying,combined,final,32,1024,0,256,1458,0,0.177978515625,0.0,horizon,1.0705735683441162
selective-copying,combined,final,32,1536,0,256,1386,0,0.169189453125,0.0,horizon,1.5677897930145264
selective-copying,combined,final,32,2048,0,256,1283,0,0.1566162109375,0.0,horizon,2.0988733768463135
selective-copying,combined,final,32,3072,0,256,1247,0,0.1522216796875,0.0,horizon,3.1516222953796387
selective-copying,combined,final,32,4096,0,256,1073,0,0.1309814453125,0.0,horizon,4.795766830444336
selective-copying,combined,final,32,6144,0,256,1093,0,0.1334228515625,0.0,horizon,6.869858503341675
selective-copying,combined,final,32,8192,0,256,1093,0,0.1334228515625,0.0,horizon,9.10039734840393
selective-copying,combined,final,32,12288,0,256,1048,0,0.1279296875,0.0,horizon,13.559236288070679
selective-copying,combined,final,32,16384,0,256,1032,0,0.1259765625,0.0,horizon,18.69211173057556
selective-copying,combined,final,32,24576,0,256,1050,0,0.128173828125,0.0,horizon,28.717288732528687
selective-copying,combined,final,32,32768,0,256,1034,0,0.126220703125,0.0,horizon,39.208597898483276
selective-copying,combined,final,32,49152,0,256,1037,0,0.1265869140625,0.0,horizon,59.95930314064026
selective-copying,combined,final,32,65536,0,256,1011,0,0.1234130859375,0.0,horizon,83.22095155715942
selective-copying,combined,final,32,98304,0,256,1038,0,0.126708984375,0.0,horizon,132.3548743724823
selective-copying,combined,final,32,131072,0,256,1028,0,0.12548828125,0.0,horizon,269.592698097229
selective-copying,combined,final,64,1,0,256,5964,0,0.364013671875,0.0,horizon,0.08861160278320312
selective-copying,combined,final,64,2,0,256,6207,0,0.37884521484375,0.0,horizon,0.09498190879821777
selective-copying,combined,final,64,3,0,256,5926,0,0.3616943359375,0.0,horizon,0.09391045570373535
selective-copying,combined,final,64,4,0,256,5939,0,0.36248779296875,0.0,horizon,0.09453105926513672
selective-copying,combined,final,64,5,0,256,5785,0,0.35308837890625,0.0,horizon,0.09701657295227051
selective-copying,combined,final,64,6,0,256,5720,0,0.34912109375,0.0,horizon,0.09612536430358887
selective-copying,combined,final,64,7,0,256,5561,0,0.33941650390625,0.0,horizon,0.09775972366333008
selective-copying,combined,final,64,8,0,256,5427,0,0.33123779296875,0.0,horizon,0.10033822059631348
selective-copying,combined,final,64,9,0,256,5380,0,0.328369140625,0.0,horizon,0.10579371452331543
selective-copying,combined,final,64,10,0,256,5168,0,0.3154296875,0.0,horizon,0.09978771209716797
selective-copying,combined,final,64,11,0,256,5146,0,0.3140869140625,0.0,horizon,0.09763646125793457
selective-copying,combined,final,64,12,0,256,4949,0,0.30206298828125,0.0,horizon,0.09869027137756348
selective-copying,combined,final,64,13,0,256,5032,0,0.30712890625,0.0,horizon,0.10141372680664062
selective-copying,combined,final,64,14,0,256,4917,0,0.30010986328125,0.0,horizon,0.10215234756469727
selective-copying,combined,final,64,16,0,256,4579,0,0.27947998046875,0.0,horizon,0.10215115547180176
selective-copying,combined,final,64,24,0,256,4483,0,0.27362060546875,0.0,horizon,0.10683131217956543
selective-copying,combined,final,64,32,0,256,4171,0,0.25457763671875,0.0,horizon,0.11678361892700195
selective-copying,combined,final,64,48,0,256,3590,0,0.2191162109375,0.0,horizon,0.13350653648376465
selective-copying,combined,final,64,64,0,256,2953,0,0.18023681640625,0.0,horizon,0.1386713981628418
selective-copying,combined,final,64,96,0,256,3403,0,0.20770263671875,0.0,horizon,0.15997648239135742
selective-copying,combined,final,64,128,0,256,3080,0,0.18798828125,0.0,horizon,0.21065974235534668
selective-copying,combined,final,64,192,0,256,2994,0,0.1827392578125,0.0,horizon,0.2638978958129883
selective-copying,combined,final,64,256,0,256,3069,0,0.18731689453125,0.0,horizon,0.3190469741821289
selective-copying,combined,final,64,384,0,256,2774,0,0.1693115234375,0.0,horizon,0.43873095512390137
selective-copying,combined,final,64,512,0,256,2883,0,0.17596435546875,0.0,horizon,0.5556154251098633
selective-copying,combined,final,64,768,0,256,2839,0,0.17327880859375,0.0,horizon,0.7776851654052734
selective-copying,combined,final,64,1024,0,256,2455,0,0.14984130859375,0.0,horizon,1.1320164203643799
selective-copying,combined,final,64,1536,0,256,2447,0,0.14935302734375,0.0,horizon,1.6434264183044434
selective-copying,combined,final,64,2048,0,256,2442,0,0.1490478515625,0.0,horizon,2.1556131839752197
selective-copying,combined,final,64,3072,0,256,2322,0,0.1417236328125,0.0,horizon,3.2248644828796387
selective-copying,combined,final,64,4096,0,256,2192,0,0.1337890625,0.0,horizon,4.822397947311401
selective-copying,combined,final,64,6144,0,256,2245,0,0.13702392578125,0.0,horizon,6.936189889907837
selective-copying,combined,final,64,8192,0,256,2147,0,0.13104248046875,0.0,horizon,9.206045866012573
selective-copying,combined,final,64,12288,0,256,2112,0,0.12890625,0.0,horizon,13.696354150772095
selective-copying,combined,final,64,16384,0,256,2038,0,0.1243896484375,0.0,horizon,18.804439306259155
selective-copying,combined,final,64,24576,0,256,2026,0,0.1236572265625,0.0,horizon,28.76665997505188
selective-copying,combined,final,64,32768,0,256,2013,0,0.12286376953125,0.0,horizon,39.38999557495117
selective-copying,combined,final,64,49152,0,256,2115,0,0.12908935546875,0.0,horizon,60.09740734100342
selective-copying,combined,final,64,65536,0,256,2017,0,0.12310791015625,0.0,horizon,83.28005695343018
selective-copying,combined,final,64,98304,0,256,1998,0,0.1219482421875,0.0,horizon,132.29974222183228
selective-copying,combined,final,64,131072,0,256,2063,0,0.12591552734375,0.0,horizon,268.86529564857483
selective-copying,combined,final,10,16,7,256,986,0,0.38515625,0.0,prefix,0.0528414249420166
selective-copying,combined,final,10,16,15,256,1324,1,0.5171875,0.00390625,prefix,0.05313682556152344
selective-copying,combined,final,10,16,63,256,1129,0,0.441015625,0.0,prefix,0.07129645347595215
selective-copying,combined,final,10,64,7,256,1009,0,0.394140625,0.0,prefix,0.07187438011169434
selective-copying,combined,final,10,64,15,256,967,0,0.377734375,0.0,prefix,0.07248806953430176
selective-copying,combined,final,10,64,63,256,875,0,0.341796875,0.0,prefix,0.10325050354003906
selective-copying,combined,final,10,256,7,256,792,0,0.309375,0.0,prefix,0.2376248836517334
selective-copying,combined,final,10,256,15,256,796,0,0.3109375,0.0,prefix,0.27034997940063477
selective-copying,combined,final,10,256,63,256,706,0,0.27578125,0.0,prefix,0.271162748336792
selective-copying,combined,final,10,2048,7,256,376,0,0.146875,0.0,prefix,2.08909010887146
selective-copying,combined,final,10,2048,15,256,372,0,0.1453125,0.0,prefix,2.0764849185943604
selective-copying,combined,final,10,2048,63,256,356,0,0.1390625,0.0,prefix,2.124274969100952
selective-copying,combined,final,16,16,7,256,1717,0,0.419189453125,0.0,prefix,0.054253578186035156
selective-copying,combined,final,16,16,15,256,1482,0,0.36181640625,0.0,prefix,0.053934574127197266
selective-copying,combined,final,16,16,63,256,1286,0,0.31396484375,0.0,prefix,0.0755302906036377
selective-copying,combined,final,16,64,7,256,1259,0,0.307373046875,0.0,prefix,0.07498574256896973
selective-copying,combined,final,16,64,15,256,1302,0,0.31787109375,0.0,prefix,0.07556867599487305
selective-copying,combined,final,16,64,63,256,1250,0,0.30517578125,0.0,prefix,0.10741972923278809
selective-copying,combined,final,16,256,7,256,1093,0,0.266845703125,0.0,prefix,0.2454209327697754
selective-copying,combined,final,16,256,15,256,1068,0,0.2607421875,0.0,prefix,0.26804518699645996
selective-copying,combined,final,16,256,63,256,1037,0,0.253173828125,0.0,prefix,0.2896544933319092
selective-copying,combined,final,16,2048,7,256,556,0,0.1357421875,0.0,prefix,2.093287467956543
selective-copying,combined,final,16,2048,15,256,658,0,0.16064453125,0.0,prefix,2.091825008392334
selective-copying,combined,final,16,2048,63,256,653,0,0.159423828125,0.0,prefix,2.1433041095733643
selective-copying,combined,final,32,16,7,256,2709,0,0.3306884765625,0.0,prefix,0.0737607479095459
selective-copying,combined,final,32,16,15,256,2684,0,0.32763671875,0.0,prefix,0.07474565505981445
selective-copying,combined,final,32,16,63,256,2760,0,0.3369140625,0.0,prefix,0.09607768058776855
selective-copying,combined,final,32,64,7,256,2129,0,0.2598876953125,0.0,prefix,0.09430313110351562
selective-copying,combined,final,32,64,15,256,2404,0,0.29345703125,0.0,prefix,0.10197925567626953
selective-copying,combined,final,32,64,63,256,1856,0,0.2265625,0.0,prefix,0.13622713088989258
selective-copying,combined,final,32,256,7,256,1888,0,0.23046875,0.0,prefix,0.2764413356781006
selective-copying,combined,final,32,256,15,256,1940,0,0.23681640625,0.0,prefix,0.28772425651550293
selective-copying,combined,final,32,256,63,256,1656,0,0.2021484375,0.0,prefix,0.3093912601470947
selective-copying,combined,final,32,2048,7,256,1184,0,0.14453125,0.0,prefix,2.1228744983673096
selective-copying,combined,final,32,2048,15,256,1307,0,0.1595458984375,0.0,prefix,2.132263660430908
selective-copying,combined,final,32,2048,63,256,1271,0,0.1551513671875,0.0,prefix,2.174553871154785
selective-copying,combined,final,64,16,7,256,4958,0,0.3026123046875,0.0,prefix,0.10455489158630371
selective-copying,combined,final,64,16,15,256,4884,0,0.298095703125,0.0,prefix,0.10869359970092773
selective-copying,combined,final,64,16,63,256,4698,0,0.2867431640625,0.0,prefix,0.1476917266845703
selective-copying,combined,final,64,64,7,256,3454,0,0.2108154296875,0.0,prefix,0.14564013481140137
selective-copying,combined,final,64,64,15,256,3464,0,0.21142578125,0.0,prefix,0.15439391136169434
selective-copying,combined,final,64,64,63,256,2998,0,0.1829833984375,0.0,prefix,0.18820452690124512
selective-copying,combined,final,64,256,7,256,3062,0,0.1868896484375,0.0,prefix,0.324373722076416
selective-copying,combined,final,64,256,15,256,3168,0,0.193359375,0.0,prefix,0.33348655700683594
selective-copying,combined,final,64,256,63,256,2761,0,0.16851806640625,0.0,prefix,0.38571643829345703
selective-copying,combined,final,64,2048,7,256,2529,0,0.15435791015625,0.0,prefix,2.188098907470703
selective-copying,combined,final,64,2048,15,256,2592,0,0.158203125,0.0,prefix,2.190115451812744
selective-copying,combined,final,64,2048,63,256,2406,0,0.1468505859375,0.0,prefix,2.2378499507904053
selective-copying,combined,final,128,16,0,256,5452,0,0.1663818359375,0.0,unseen-memory,0.21356844902038574
selective-copying,combined,final,128,16,15,256,5389,0,0.164459228515625,0.0,unseen-memory,0.23827672004699707
selective-copying,combined,final,128,64,0,256,5148,0,0.1571044921875,0.0,unseen-memory,0.26591062545776367
selective-copying,combined,final,128,64,15,256,4822,0,0.14715576171875,0.0,unseen-memory,0.2808256149291992
selective-copying,combined,final,128,256,0,256,5023,0,0.153289794921875,0.0,unseen-memory,0.43515682220458984
selective-copying,combined,final,128,256,15,256,4477,0,0.136627197265625,0.0,unseen-memory,0.46462464332580566
selective-copying,combined,final,128,2048,0,256,4509,0,0.137603759765625,0.0,unseen-memory,2.284364700317383
selective-copying,combined,final,128,2048,15,256,4601,0,0.140411376953125,0.0,unseen-memory,2.3151795864105225
selective-copying,combined-no-decay,best,10,1,0,256,2477,182,0.967578125,0.7109375,horizon,0.6519591808319092
selective-copying,combined-no-decay,best,10,2,0,256,2443,159,0.954296875,0.62109375,horizon,0.05394625663757324
selective-copying,combined-no-decay,best,10,3,0,256,2339,115,0.913671875,0.44921875,horizon,0.056406497955322266
selective-copying,combined-no-decay,best,10,4,0,256,2333,99,0.911328125,0.38671875,horizon,0.05271172523498535
selective-copying,combined-no-decay,best,10,5,0,256,2376,130,0.928125,0.5078125,horizon,0.054787397384643555
selective-copying,combined-no-decay,best,10,6,0,256,2359,122,0.921484375,0.4765625,horizon,0.0568690299987793
selective-copying,combined-no-decay,best,10,7,0,256,2303,91,0.899609375,0.35546875,horizon,0.05654454231262207
selective-copying,combined-no-decay,best,10,8,0,256,2328,103,0.909375,0.40234375,horizon,0.053813934326171875
selective-copying,combined-no-decay,best,10,9,0,256,2231,74,0.871484375,0.2890625,horizon,0.055597543716430664
selective-copying,combined-no-decay,best,10,10,0,256,2318,99,0.90546875,0.38671875,horizon,0.05364036560058594
selective-copying,combined-no-decay,best,10,11,0,256,2363,109,0.923046875,0.42578125,horizon,0.055716753005981445
selective-copying,combined-no-decay,best,10,12,0,256,2348,112,0.9171875,0.4375,horizon,0.05751299858093262
selective-copying,combined-no-decay,best,10,13,0,256,2307,89,0.901171875,0.34765625,horizon,0.054885149002075195
selective-copying,combined-no-decay,best,10,14,0,256,2359,113,0.921484375,0.44140625,horizon,0.053449153900146484
selective-copying,combined-no-decay,best,10,16,0,256,2341,103,0.914453125,0.40234375,horizon,0.05520439147949219
selective-copying,combined-no-decay,best,10,24,0,256,2169,43,0.847265625,0.16796875,horizon,0.05441784858703613
selective-copying,combined-no-decay,best,10,32,0,256,2252,72,0.8796875,0.28125,horizon,0.05657339096069336
selective-copying,combined-no-decay,best,10,48,0,256,2085,24,0.814453125,0.09375,horizon,0.07184529304504395
selective-copying,combined-no-decay,best,10,64,0,256,2053,23,0.801953125,0.08984375,horizon,0.07270026206970215
selective-copying,combined-no-decay,best,10,96,0,256,2035,24,0.794921875,0.09375,horizon,0.07797861099243164
selective-copying,combined-no-decay,best,10,128,0,256,1907,9,0.744921875,0.03515625,horizon,0.10300779342651367
selective-copying,combined-no-decay,best,10,192,0,256,1865,6,0.728515625,0.0234375,horizon,0.15176153182983398
selective-copying,combined-no-decay,best,10,256,0,256,1637,2,0.639453125,0.0078125,horizon,0.24179863929748535
selective-copying,combined-no-decay,best,10,384,0,256,1665,1,0.650390625,0.00390625,horizon,0.38683080673217773
selective-copying,combined-no-decay,best,10,512,0,256,1574,0,0.61484375,0.0,horizon,0.45711612701416016
selective-copying,combined-no-decay,best,10,768,0,256,1449,0,0.566015625,0.0,horizon,0.7343177795410156
selective-copying,combined-no-decay,best,10,1024,0,256,1256,0,0.490625,0.0,horizon,1.0751254558563232
selective-copying,combined-no-decay,best,10,1536,0,256,1085,0,0.423828125,0.0,horizon,1.6154096126556396
selective-copying,combined-no-decay,best,10,2048,0,256,988,0,0.3859375,0.0,horizon,2.150299549102783
selective-copying,combined-no-decay,best,10,3072,0,256,830,0,0.32421875,0.0,horizon,3.2642741203308105
selective-copying,combined-no-decay,best,10,4096,0,256,590,0,0.23046875,0.0,horizon,4.868073463439941
selective-copying,combined-no-decay,best,10,6144,0,256,542,0,0.21171875,0.0,horizon,7.175384521484375
selective-copying,combined-no-decay,best,10,8192,0,256,420,0,0.1640625,0.0,horizon,9.549157857894897
selective-copying,combined-no-decay,best,10,12288,0,256,397,0,0.155078125,0.0,horizon,14.222407341003418
selective-copying,combined-no-decay,best,10,16384,0,256,327,0,0.127734375,0.0,horizon,19.525418043136597
selective-copying,combined-no-decay,best,10,24576,0,256,357,0,0.139453125,0.0,horizon,29.961302280426025
selective-copying,combined-no-decay,best,10,32768,0,256,361,0,0.141015625,0.0,horizon,41.123499631881714
selective-copying,combined-no-decay,best,10,49152,0,256,308,0,0.1203125,0.0,horizon,62.64154767990112
selective-copying,combined-no-decay,best,10,65536,0,256,325,0,0.126953125,0.0,horizon,86.72476172447205
selective-copying,combined-no-decay,best,10,98304,0,256,325,0,0.126953125,0.0,horizon,137.33611965179443
selective-copying,combined-no-decay,best,10,131072,0,256,341,0,0.133203125,0.0,horizon,272.0561866760254
selective-copying,combined-no-decay,best,16,1,0,256,3886,105,0.94873046875,0.41015625,horizon,0.05459022521972656
selective-copying,combined-no-decay,best,16,2,0,256,3693,77,0.901611328125,0.30078125,horizon,0.054099082946777344
selective-copying,combined-no-decay,best,16,3,0,256,3675,57,0.897216796875,0.22265625,horizon,0.05392169952392578
selective-copying,combined-no-decay,best,16,4,0,256,3667,55,0.895263671875,0.21484375,horizon,0.05380105972290039
selective-copying,combined-no-decay,best,16,5,0,256,3580,48,0.8740234375,0.1875,horizon,0.05457162857055664
selective-copying,combined-no-decay,best,16,6,0,256,3528,22,0.861328125,0.0859375,horizon,0.05599832534790039
selective-copying,combined-no-decay,best,16,7,0,256,3585,31,0.875244140625,0.12109375,horizon,0.055701494216918945
selective-copying,combined-no-decay,best,16,8,0,256,3561,35,0.869384765625,0.13671875,horizon,0.05543208122253418
selective-copying,combined-no-decay,best,16,9,0,256,3528,37,0.861328125,0.14453125,horizon,0.054541587829589844
selective-copying,combined-no-decay,best,16,10,0,256,3459,18,0.844482421875,0.0703125,horizon,0.05625724792480469
selective-copying,combined-no-decay,best,16,11,0,256,3420,26,0.8349609375,0.1015625,horizon,0.05474376678466797
selective-copying,combined-no-decay,best,16,12,0,256,3351,17,0.818115234375,0.06640625,horizon,0.05513572692871094
selective-copying,combined-no-decay,best,16,13,0,256,3229,9,0.788330078125,0.03515625,horizon,0.05492734909057617
selective-copying,combined-no-decay,best,16,14,0,256,3071,4,0.749755859375,0.015625,horizon,0.05609536170959473
selective-copying,combined-no-decay,best,16,16,0,256,2973,1,0.725830078125,0.00390625,horizon,0.053797245025634766
selective-copying,combined-no-decay,best,16,24,0,256,3183,0,0.777099609375,0.0,horizon,0.05580925941467285
selective-copying,combined-no-decay,best,16,32,0,256,2556,0,0.6240234375,0.0,horizon,0.06942200660705566
selective-copying,combined-no-decay,best,16,48,0,256,2360,0,0.576171875,0.0,horizon,0.07495331764221191
selective-copying,combined-no-decay,best,16,64,0,256,2330,0,0.56884765625,0.0,horizon,0.07451081275939941
selective-copying,combined-no-decay,best,16,96,0,256,2257,0,0.551025390625,0.0,horizon,0.09911179542541504
selective-copying,combined-no-decay,best,16,128,0,256,2154,0,0.52587890625,0.0,horizon,0.12100338935852051
selective-copying,combined-no-decay,best,16,192,0,256,1998,0,0.48779296875,0.0,horizon,0.16278481483459473
selective-copying,combined-no-decay,best,16,256,0,256,1982,0,0.48388671875,0.0,horizon,0.2408592700958252
selective-copying,combined-no-decay,best,16,384,0,256,2082,0,0.50830078125,0.0,horizon,0.37976908683776855
selective-copying,combined-no-decay,best,16,512,0,256,1957,0,0.477783203125,0.0,horizon,0.4865398406982422
selective-copying,combined-no-decay,best,16,768,0,256,1916,0,0.4677734375,0.0,horizon,0.7389101982116699
selective-copying,combined-no-decay,best,16,1024,0,256,1639,0,0.400146484375,0.0,horizon,1.092524528503418
selective-copying,combined-no-decay,best,16,1536,0,256,1692,0,0.4130859375,0.0,horizon,1.617361068725586
selective-copying,combined-no-decay,best,16,2048,0,256,1615,0,0.394287109375,0.0,horizon,2.1615641117095947
selective-copying,combined-no-decay,best,16,3072,0,256,1568,0,0.3828125,0.0,horizon,3.2701849937438965
selective-copying,combined-no-decay,best,16,4096,0,256,984,0,0.240234375,0.0,horizon,4.861655235290527
selective-copying,combined-no-decay,best,16,6144,0,256,990,0,0.24169921875,0.0,horizon,7.173498868942261
selective-copying,combined-no-decay,best,16,8192,0,256,726,0,0.17724609375,0.0,horizon,9.538042068481445
selective-copying,combined-no-decay,best,16,12288,0,256,696,0,0.169921875,0.0,horizon,14.210624694824219
selective-copying,combined-no-decay,best,16,16384,0,256,558,0,0.13623046875,0.0,horizon,19.540141582489014
selective-copying,combined-no-decay,best,16,24576,0,256,537,0,0.131103515625,0.0,horizon,29.98726749420166
selective-copying,combined-no-decay,best,16,32768,0,256,504,0,0.123046875,0.0,horizon,41.061116456985474
selective-copying,combined-no-decay,best,16,49152,0,256,523,0,0.127685546875,0.0,horizon,62.72808218002319
selective-copying,combined-no-decay,best,16,65536,0,256,495,0,0.120849609375,0.0,horizon,86.91481018066406
selective-copying,combined-no-decay,best,16,98304,0,256,495,0,0.120849609375,0.0,horizon,137.44762754440308
selective-copying,combined-no-decay,best,16,131072,0,256,547,0,0.133544921875,0.0,horizon,271.6225759983063
selective-copying,combined-no-decay,best,32,1,0,256,7721,32,0.9425048828125,0.125,horizon,0.0700981616973877
selective-copying,combined-no-decay,best,32,2,0,256,7188,15,0.87744140625,0.05859375,horizon,0.07444334030151367
selective-copying,combined-no-decay,best,32,3,0,256,6593,10,0.8048095703125,0.0390625,horizon,0.0725545883178711
selective-copying,combined-no-decay,best,32,4,0,256,6068,2,0.74072265625,0.0078125,horizon,0.07197284698486328
selective-copying,combined-no-decay,best,32,5,0,256,5797,0,0.7076416015625,0.0,horizon,0.07107162475585938
selective-copying,combined-no-decay,best,32,6,0,256,5686,0,0.694091796875,0.0,horizon,0.07344222068786621
selective-copying,combined-no-decay,best,32,7,0,256,5618,0,0.685791015625,0.0,horizon,0.0742185115814209
selective-copying,combined-no-decay,best,32,8,0,256,5469,0,0.6676025390625,0.0,horizon,0.0732109546661377
selective-copying,combined-no-decay,best,32,9,0,256,5077,0,0.6197509765625,0.0,horizon,0.07243013381958008
selective-copying,combined-no-decay,best,32,10,0,256,5041,0,0.6153564453125,0.0,horizon,0.07097935676574707
selective-copying,combined-no-decay,best,32,11,0,256,4907,0,0.5989990234375,0.0,horizon,0.07434344291687012
selective-copying,combined-no-decay,best,32,12,0,256,4728,0,0.5771484375,0.0,horizon,0.07158923149108887
selective-copying,combined-no-decay,best,32,13,0,256,4591,0,0.5604248046875,0.0,horizon,0.07396245002746582
selective-copying,combined-no-decay,best,32,14,0,256,4431,0,0.5408935546875,0.0,horizon,0.07107329368591309
selective-copying,combined-no-decay,best,32,16,0,256,4219,0,0.5150146484375,0.0,horizon,0.07275843620300293
selective-copying,combined-no-decay,best,32,24,0,256,3949,0,0.4820556640625,0.0,horizon,0.07603335380554199
selective-copying,combined-no-decay,best,32,32,0,256,3644,0,0.44482421875,0.0,horizon,0.07723546028137207
selective-copying,combined-no-decay,best,32,48,0,256,3828,0,0.46728515625,0.0,horizon,0.08089518547058105
selective-copying,combined-no-decay,best,32,64,0,256,3647,0,0.4451904296875,0.0,horizon,0.09605789184570312
selective-copying,combined-no-decay,best,32,96,0,256,3339,0,0.4075927734375,0.0,horizon,0.12083840370178223
selective-copying,combined-no-decay,best,32,128,0,256,3557,0,0.4342041015625,0.0,horizon,0.14924049377441406
selective-copying,combined-no-decay,best,32,192,0,256,3257,0,0.3975830078125,0.0,horizon,0.22963595390319824
selective-copying,combined-no-decay,best,32,256,0,256,2949,0,0.3599853515625,0.0,horizon,0.26886773109436035
selective-copying,combined-no-decay,best,32,384,0,256,3163,0,0.3861083984375,0.0,horizon,0.38915395736694336
selective-copying,combined-no-decay,best,32,512,0,256,2963,0,0.3616943359375,0.0,horizon,0.5315165519714355
selective-copying,combined-no-decay,best,32,768,0,256,2756,0,0.33642578125,0.0,horizon,0.7575469017028809
selective-copying,combined-no-decay,best,32,1024,0,256,2314,0,0.282470703125,0.0,horizon,1.1175236701965332
selective-copying,combined-no-decay,best,32,1536,0,256,2552,0,0.3115234375,0.0,horizon,1.6416597366333008
selective-copying,combined-no-decay,best,32,2048,0,256,2457,0,0.2999267578125,0.0,horizon,2.181769847869873
selective-copying,combined-no-decay,best,32,3072,0,256,2422,0,0.295654296875,0.0,horizon,3.3115570545196533
selective-copying,combined-no-decay,best,32,4096,0,256,1702,0,0.207763671875,0.0,horizon,4.869782447814941
selective-copying,combined-no-decay,best,32,6144,0,256,1809,0,0.2208251953125,0.0,horizon,7.196681976318359
selective-copying,combined-no-decay,best,32,8192,0,256,1392,0,0.169921875,0.0,horizon,9.519105434417725
selective-copying,combined-no-decay,best,32,12288,0,256,1181,0,0.1441650390625,0.0,horizon,14.142760992050171
selective-copying,combined-no-decay,best,32,16384,0,256,1066,0,0.130126953125,0.0,horizon,19.516576290130615
selective-copying,combined-no-decay,best,32,24576,0,256,1074,0,0.131103515625,0.0,horizon,29.910456895828247
selective-copying,combined-no-decay,best,32,32768,0,256,1114,0,0.135986328125,0.0,horizon,41.00429010391235
selective-copying,combined-no-decay,best,32,49152,0,256,1081,0,0.1319580078125,0.0,horizon,62.68877649307251
selective-copying,combined-no-decay,best,32,65536,0,256,1018,0,0.124267578125,0.0,horizon,86.80928063392639
selective-copying,combined-no-decay,best,32,98304,0,256,1015,0,0.1239013671875,0.0,horizon,137.57841730117798
selective-copying,combined-no-decay,best,32,131072,0,256,983,0,0.1199951171875,0.0,horizon,273.01331901550293
selective-copying,combined-no-decay,best,64,1,0,256,7601,0,0.46392822265625,0.0,horizon,0.09431314468383789
selective-copying,combined-no-decay,best,64,2,0,256,7598,0,0.4637451171875,0.0,horizon,0.09830784797668457
selective-copying,combined-no-decay,best,64,3,0,256,7554,0,0.4610595703125,0.0,horizon,0.09908604621887207
selective-copying,combined-no-decay,best,64,4,0,256,7532,0,0.459716796875,0.0,horizon,0.09773373603820801
selective-copying,combined-no-decay,best,64,5,0,256,7366,0,0.4495849609375,0.0,horizon,0.09855222702026367
selective-copying,combined-no-decay,best,64,6,0,256,7443,0,0.45428466796875,0.0,horizon,0.09982705116271973
selective-copying,combined-no-decay,best,64,7,0,256,7402,0,0.4517822265625,0.0,horizon,0.10251426696777344
selective-copying,combined-no-decay,best,64,8,0,256,7338,0,0.4478759765625,0.0,horizon,0.10866045951843262
selective-copying,combined-no-decay,best,64,9,0,256,7277,0,0.44415283203125,0.0,horizon,0.11467480659484863
selective-copying,combined-no-decay,best,64,10,0,256,7074,0,0.4317626953125,0.0,horizon,0.09832906723022461
selective-copying,combined-no-decay,best,64,11,0,256,7112,0,0.43408203125,0.0,horizon,0.09979677200317383
selective-copying,combined-no-decay,best,64,12,0,256,6949,0,0.42413330078125,0.0,horizon,0.10264873504638672
selective-copying,combined-no-decay,best,64,13,0,256,6774,0,0.4134521484375,0.0,horizon,0.10455012321472168
selective-copying,combined-no-decay,best,64,14,0,256,6582,0,0.4017333984375,0.0,horizon,0.10315847396850586
selective-copying,combined-no-decay,best,64,16,0,256,6399,0,0.39056396484375,0.0,horizon,0.10914134979248047
selective-copying,combined-no-decay,best,64,24,0,256,6191,0,0.37786865234375,0.0,horizon,0.11416101455688477
selective-copying,combined-no-decay,best,64,32,0,256,5793,0,0.35357666015625,0.0,horizon,0.1286613941192627
selective-copying,combined-no-decay,best,64,48,0,256,5419,0,0.33074951171875,0.0,horizon,0.13522911071777344
selective-copying,combined-no-decay,best,64,64,0,256,5189,0,0.31671142578125,0.0,horizon,0.1406407356262207
selective-copying,combined-no-decay,best,64,96,0,256,5249,0,0.32037353515625,0.0,horizon,0.16574478149414062
selective-copying,combined-no-decay,best,64,128,0,256,4998,0,0.3050537109375,0.0,horizon,0.2165358066558838
selective-copying,combined-no-decay,best,64,192,0,256,3707,0,0.22625732421875,0.0,horizon,0.2823185920715332
selective-copying,combined-no-decay,best,64,256,0,256,4254,0,0.2596435546875,0.0,horizon,0.3320431709289551
selective-copying,combined-no-decay,best,64,384,0,256,4399,0,0.26849365234375,0.0,horizon,0.4536855220794678
selective-copying,combined-no-decay,best,64,512,0,256,4407,0,0.26898193359375,0.0,horizon,0.5829358100891113
selective-copying,combined-no-decay,best,64,768,0,256,4390,0,0.2679443359375,0.0,horizon,0.8145384788513184
selective-copying,combined-no-decay,best,64,1024,0,256,3434,0,0.2095947265625,0.0,horizon,1.183037519454956
selective-copying,combined-no-decay,best,64,1536,0,256,3830,0,0.2337646484375,0.0,horizon,1.7078337669372559
selective-copying,combined-no-decay,best,64,2048,0,256,3654,0,0.2230224609375,0.0,horizon,2.2522835731506348
selective-copying,combined-no-decay,best,64,3072,0,256,3650,0,0.2227783203125,0.0,horizon,3.3763842582702637
selective-copying,combined-no-decay,best,64,4096,0,256,2744,0,0.16748046875,0.0,horizon,4.955007076263428
selective-copying,combined-no-decay,best,64,6144,0,256,2936,0,0.17919921875,0.0,horizon,7.2311999797821045
selective-copying,combined-no-decay,best,64,8192,0,256,2599,0,0.15863037109375,0.0,horizon,9.603309392929077
selective-copying,combined-no-decay,best,64,12288,0,256,2383,0,0.14544677734375,0.0,horizon,14.256152868270874
selective-copying,combined-no-decay,best,64,16384,0,256,2286,0,0.1395263671875,0.0,horizon,19.57532787322998
selective-copying,combined-no-decay,best,64,24576,0,256,2168,0,0.13232421875,0.0,horizon,30.01399064064026
selective-copying,combined-no-decay,best,64,32768,0,256,2206,0,0.1346435546875,0.0,horizon,41.1567919254303
selective-copying,combined-no-decay,best,64,49152,0,256,2168,0,0.13232421875,0.0,horizon,62.69768714904785
selective-copying,combined-no-decay,best,64,65536,0,256,2094,0,0.1278076171875,0.0,horizon,86.82437825202942
selective-copying,combined-no-decay,best,64,98304,0,256,2022,0,0.1234130859375,0.0,horizon,137.32731914520264
selective-copying,combined-no-decay,best,64,131072,0,256,2064,0,0.1259765625,0.0,horizon,272.1728138923645
selective-copying,combined-no-decay,best,10,16,7,256,2254,67,0.88046875,0.26171875,prefix,0.056594133377075195
selective-copying,combined-no-decay,best,10,16,15,256,2347,105,0.916796875,0.41015625,prefix,0.05511188507080078
selective-copying,combined-no-decay,best,10,16,63,256,2254,70,0.88046875,0.2734375,prefix,0.07403898239135742
selective-copying,combined-no-decay,best,10,64,7,256,1969,18,0.769140625,0.0703125,prefix,0.0734560489654541
selective-copying,combined-no-decay,best,10,64,15,256,2131,38,0.832421875,0.1484375,prefix,0.07544255256652832
selective-copying,combined-no-decay,best,10,64,63,256,2103,39,0.821484375,0.15234375,prefix,0.10747432708740234
selective-copying,combined-no-decay,best,10,256,7,256,1628,1,0.6359375,0.00390625,prefix,0.24441123008728027
selective-copying,combined-no-decay,best,10,256,15,256,1637,0,0.639453125,0.0,prefix,0.2770514488220215
selective-copying,combined-no-decay,best,10,256,63,256,1623,0,0.633984375,0.0,prefix,0.28165411949157715
selective-copying,combined-no-decay,best,10,2048,7,256,1124,0,0.4390625,0.0,prefix,2.1705288887023926
selective-copying,combined-no-decay,best,10,2048,15,256,1074,0,0.41953125,0.0,prefix,2.169862747192383
selective-copying,combined-no-decay,best,10,2048,63,256,1004,0,0.3921875,0.0,prefix,2.2158803939819336
selective-copying,combined-no-decay,best,16,16,7,256,3323,10,0.811279296875,0.0390625,prefix,0.05562305450439453
selective-copying,combined-no-decay,best,16,16,15,256,2891,0,0.705810546875,0.0,prefix,0.0571138858795166
selective-copying,combined-no-decay,best,16,16,63,256,2914,1,0.71142578125,0.00390625,prefix,0.07709431648254395
selective-copying,combined-no-decay,best,16,64,7,256,2731,1,0.666748046875,0.00390625,prefix,0.07639837265014648
selective-copying,combined-no-decay,best,16,64,15,256,2568,0,0.626953125,0.0,prefix,0.0785512924194336
selective-copying,combined-no-decay,best,16,64,63,256,2318,0,0.56591796875,0.0,prefix,0.1112215518951416
selective-copying,combined-no-decay,best,16,256,7,256,2155,0,0.526123046875,0.0,prefix,0.2550065517425537
selective-copying,combined-no-decay,best,16,256,15,256,2134,0,0.52099609375,0.0,prefix,0.28183984756469727
selective-copying,combined-no-decay,best,16,256,63,256,2183,0,0.532958984375,0.0,prefix,0.29749250411987305
selective-copying,combined-no-decay,best,16,2048,7,256,1602,0,0.39111328125,0.0,prefix,2.176401138305664
selective-copying,combined-no-decay,best,16,2048,15,256,1654,0,0.40380859375,0.0,prefix,2.177140951156616
selective-copying,combined-no-decay,best,16,2048,63,256,1576,0,0.384765625,0.0,prefix,2.2409427165985107
selective-copying,combined-no-decay,best,32,16,7,256,4242,0,0.517822265625,0.0,prefix,0.07780599594116211
selective-copying,combined-no-decay,best,32,16,15,256,4137,0,0.5050048828125,0.0,prefix,0.07425594329833984
selective-copying,combined-no-decay,best,32,16,63,256,4265,0,0.5206298828125,0.0,prefix,0.09568667411804199
selective-copying,combined-no-decay,best,32,64,7,256,3866,0,0.471923828125,0.0,prefix,0.0966348648071289
selective-copying,combined-no-decay,best,32,64,15,256,3708,0,0.45263671875,0.0,prefix,0.10216283798217773
selective-copying,combined-no-decay,best,32,64,63,256,3752,0,0.4580078125,0.0,prefix,0.14397454261779785
selective-copying,combined-no-decay,best,32,256,7,256,2983,0,0.3641357421875,0.0,prefix,0.2939774990081787
selective-copying,combined-no-decay,best,32,256,15,256,2949,0,0.3599853515625,0.0,prefix,0.29531264305114746
selective-copying,combined-no-decay,best,32,256,63,256,3176,0,0.3876953125,0.0,prefix,0.31740665435791016
selective-copying,combined-no-decay,best,32,2048,7,256,2480,0,0.302734375,0.0,prefix,2.2178683280944824
selective-copying,combined-no-decay,best,32,2048,15,256,2407,0,0.2938232421875,0.0,prefix,2.2131259441375732
selective-copying,combined-no-decay,best,32,2048,63,256,2488,0,0.3037109375,0.0,prefix,2.267076253890991
selective-copying,combined-no-decay,best,64,16,7,256,6817,0,0.41607666015625,0.0,prefix,0.10762357711791992
selective-copying,combined-no-decay,best,64,16,15,256,6610,0,0.4034423828125,0.0,prefix,0.1147618293762207
selective-copying,combined-no-decay,best,64,16,63,256,6202,0,0.3785400390625,0.0,prefix,0.15792608261108398
selective-copying,combined-no-decay,best,64,64,7,256,5661,0,0.34552001953125,0.0,prefix,0.15015196800231934
selective-copying,combined-no-decay,best,64,64,15,256,5583,0,0.34075927734375,0.0,prefix,0.1575617790222168
selective-copying,combined-no-decay,best,64,64,63,256,5205,0,0.31768798828125,0.0,prefix,0.19652843475341797
selective-copying,combined-no-decay,best,64,256,7,256,4558,0,0.2781982421875,0.0,prefix,0.33771800994873047
selective-copying,combined-no-decay,best,64,256,15,256,4531,0,0.27655029296875,0.0,prefix,0.348956823348999
selective-copying,combined-no-decay,best,64,256,63,256,4476,0,0.273193359375,0.0,prefix,0.39815640449523926
selective-copying,combined-no-decay,best,64,2048,7,256,3815,0,0.23284912109375,0.0,prefix,2.2826619148254395
selective-copying,combined-no-decay,best,64,2048,15,256,3764,0,0.229736328125,0.0,prefix,2.2805325984954834
selective-copying,combined-no-decay,best,64,2048,63,256,3829,0,0.23370361328125,0.0,prefix,2.3379759788513184
selective-copying,combined-no-decay,best,128,16,0,256,5973,0,0.182281494140625,0.0,unseen-memory,0.22134184837341309
selective-copying,combined-no-decay,best,128,16,15,256,6327,0,0.193084716796875,0.0,unseen-memory,0.25018954277038574
selective-copying,combined-no-decay,best,128,64,0,256,6379,0,0.194671630859375,0.0,unseen-memory,0.27721571922302246
selective-copying,combined-no-decay,best,128,64,15,256,6499,0,0.198333740234375,0.0,unseen-memory,0.2896699905395508
selective-copying,combined-no-decay,best,128,256,0,256,6402,0,0.19537353515625,0.0,unseen-memory,0.45612502098083496
selective-copying,combined-no-decay,best,128,256,15,256,5914,0,0.18048095703125,0.0,unseen-memory,0.48127174377441406
selective-copying,combined-no-decay,best,128,2048,0,256,5610,0,0.17120361328125,0.0,unseen-memory,2.3803658485412598
selective-copying,combined-no-decay,best,128,2048,15,256,5736,0,0.175048828125,0.0,unseen-memory,2.417750835418701
selective-copying,combined-no-decay,final,10,1,0,256,2490,196,0.97265625,0.765625,horizon,0.6452932357788086
selective-copying,combined-no-decay,final,10,2,0,256,2461,183,0.961328125,0.71484375,horizon,0.05402112007141113
selective-copying,combined-no-decay,final,10,3,0,256,2344,113,0.915625,0.44140625,horizon,0.055129289627075195
selective-copying,combined-no-decay,final,10,4,0,256,2319,98,0.905859375,0.3828125,horizon,0.05278515815734863
selective-copying,combined-no-decay,final,10,5,0,256,2391,128,0.933984375,0.5,horizon,0.05426478385925293
selective-copying,combined-no-decay,final,10,6,0,256,2380,131,0.9296875,0.51171875,horizon,0.0535738468170166
selective-copying,combined-no-decay,final,10,7,0,256,2358,120,0.92109375,0.46875,horizon,0.05540919303894043
selective-copying,combined-no-decay,final,10,8,0,256,2414,145,0.94296875,0.56640625,horizon,0.052851200103759766
selective-copying,combined-no-decay,final,10,9,0,256,2414,145,0.94296875,0.56640625,horizon,0.05604267120361328
selective-copying,combined-no-decay,final,10,10,0,256,2317,92,0.905078125,0.359375,horizon,0.056804656982421875
selective-copying,combined-no-decay,final,10,11,0,256,2399,129,0.937109375,0.50390625,horizon,0.05846047401428223
selective-copying,combined-no-decay,final,10,12,0,256,2362,114,0.92265625,0.4453125,horizon,0.05712461471557617
selective-copying,combined-no-decay,final,10,13,0,256,2338,98,0.91328125,0.3828125,horizon,0.057965993881225586
selective-copying,combined-no-decay,final,10,14,0,256,2208,61,0.8625,0.23828125,horizon,0.05576014518737793
selective-copying,combined-no-decay,final,10,16,0,256,2161,38,0.844140625,0.1484375,horizon,0.05627584457397461
selective-copying,combined-no-decay,final,10,24,0,256,2327,98,0.908984375,0.3828125,horizon,0.05396080017089844
selective-copying,combined-no-decay,final,10,32,0,256,2073,20,0.809765625,0.078125,horizon,0.055568695068359375
selective-copying,combined-no-decay,final,10,48,0,256,2073,23,0.809765625,0.08984375,horizon,0.07312393188476562
selective-copying,combined-no-decay,final,10,64,0,256,1963,13,0.766796875,0.05078125,horizon,0.07694220542907715
selective-copying,combined-no-decay,final,10,96,0,256,1990,10,0.77734375,0.0390625,horizon,0.08276104927062988
selective-copying,combined-no-decay,final,10,128,0,256,1913,7,0.747265625,0.02734375,horizon,0.10194110870361328
selective-copying,combined-no-decay,final,10,192,0,256,1912,5,0.746875,0.01953125,horizon,0.1487879753112793
selective-copying,combined-no-decay,final,10,256,0,256,1612,1,0.6296875,0.00390625,horizon,0.25165390968322754
selective-copying,combined-no-decay,final,10,384,0,256,1670,0,0.65234375,0.0,horizon,0.3739149570465088
selective-copying,combined-no-decay,final,10,512,0,256,1573,0,0.614453125,0.0,horizon,0.44990062713623047
selective-copying,combined-no-decay,final,10,768,0,256,1501,0,0.586328125,0.0,horizon,0.7211394309997559
selective-copying,combined-no-decay,final,10,1024,0,256,1287,0,0.502734375,0.0,horizon,1.0606262683868408
selective-copying,combined-no-decay,final,10,1536,0,256,1154,0,0.45078125,0.0,horizon,1.5890216827392578
selective-copying,combined-no-decay,final,10,2048,0,256,1002,0,0.39140625,0.0,horizon,2.119886875152588
selective-copying,combined-no-decay,final,10,3072,0,256,799,0,0.312109375,0.0,horizon,3.207552433013916
selective-copying,combined-no-decay,final,10,4096,0,256,514,0,0.20078125,0.0,horizon,4.794578552246094
selective-copying,combined-no-decay,final,10,6144,0,256,472,0,0.184375,0.0,horizon,7.07636570930481
selective-copying,combined-no-decay,final,10,8192,0,256,398,0,0.15546875,0.0,horizon,9.415157318115234
selective-copying,combined-no-decay,final,10,12288,0,256,389,0,0.151953125,0.0,horizon,14.064512014389038
selective-copying,combined-no-decay,final,10,16384,0,256,313,0,0.122265625,0.0,horizon,19.392879962921143
selective-copying,combined-no-decay,final,10,24576,0,256,335,0,0.130859375,0.0,horizon,29.737087965011597
selective-copying,combined-no-decay,final,10,32768,0,256,358,0,0.13984375,0.0,horizon,40.78576993942261
selective-copying,combined-no-decay,final,10,49152,0,256,331,0,0.129296875,0.0,horizon,62.340677976608276
selective-copying,combined-no-decay,final,10,65536,0,256,350,0,0.13671875,0.0,horizon,86.42764234542847
selective-copying,combined-no-decay,final,10,98304,0,256,332,0,0.1296875,0.0,horizon,136.95223021507263
selective-copying,combined-no-decay,final,10,131072,0,256,337,0,0.131640625,0.0,horizon,268.05681586265564
selective-copying,combined-no-decay,final,16,1,0,256,4025,189,0.982666015625,0.73828125,horizon,0.05359959602355957
selective-copying,combined-no-decay,final,16,2,0,256,3861,116,0.942626953125,0.453125,horizon,0.05835866928100586
selective-copying,combined-no-decay,final,16,3,0,256,3822,94,0.93310546875,0.3671875,horizon,0.05816030502319336
selective-copying,combined-no-decay,final,16,4,0,256,3741,80,0.913330078125,0.3125,horizon,0.057843923568725586
selective-copying,combined-no-decay,final,16,5,0,256,3700,58,0.9033203125,0.2265625,horizon,0.057962656021118164
selective-copying,combined-no-decay,final,16,6,0,256,3690,46,0.90087890625,0.1796875,horizon,0.05699324607849121
selective-copying,combined-no-decay,final,16,7,0,256,3622,52,0.88427734375,0.203125,horizon,0.055594682693481445
selective-copying,combined-no-decay,final,16,8,0,256,3504,35,0.85546875,0.13671875,horizon,0.055184364318847656
selective-copying,combined-no-decay,final,16,9,0,256,3340,19,0.8154296875,0.07421875,horizon,0.05409741401672363
selective-copying,combined-no-decay,final,16,10,0,256,3159,12,0.771240234375,0.046875,horizon,0.055413246154785156
selective-copying,combined-no-decay,final,16,11,0,256,3048,5,0.744140625,0.01953125,horizon,0.05501604080200195
selective-copying,combined-no-decay,final,16,12,0,256,3136,4,0.765625,0.015625,horizon,0.05473160743713379
selective-copying,combined-no-decay,final,16,13,0,256,3110,2,0.75927734375,0.0078125,horizon,0.05429816246032715
selective-copying,combined-no-decay,final,16,14,0,256,3202,2,0.78173828125,0.0078125,horizon,0.05545973777770996
selective-copying,combined-no-decay,final,16,16,0,256,3262,4,0.79638671875,0.015625,horizon,0.05343031883239746
selective-copying,combined-no-decay,final,16,24,0,256,3064,0,0.748046875,0.0,horizon,0.06119275093078613
selective-copying,combined-no-decay,final,16,32,0,256,2841,0,0.693603515625,0.0,horizon,0.07517766952514648
selective-copying,combined-no-decay,final,16,48,0,256,2648,0,0.646484375,0.0,horizon,0.07652592658996582
selective-copying,combined-no-decay,final,16,64,0,256,2688,0,0.65625,0.0,horizon,0.0754694938659668
selective-copying,combined-no-decay,final,16,96,0,256,2481,0,0.605712890625,0.0,horizon,0.09374618530273438
selective-copying,combined-no-decay,final,16,128,0,256,2544,0,0.62109375,0.0,horizon,0.12035655975341797
selective-copying,combined-no-decay,final,16,192,0,256,2411,0,0.588623046875,0.0,horizon,0.16060876846313477
selective-copying,combined-no-decay,final,16,256,0,256,2117,0,0.516845703125,0.0,horizon,0.24323177337646484
selective-copying,combined-no-decay,final,16,384,0,256,2205,0,0.538330078125,0.0,horizon,0.3800690174102783
selective-copying,combined-no-decay,final,16,512,0,256,2023,0,0.493896484375,0.0,horizon,0.4782426357269287
selective-copying,combined-no-decay,final,16,768,0,256,2014,0,0.49169921875,0.0,horizon,0.732611894607544
selective-copying,combined-no-decay,final,16,1024,0,256,1698,0,0.41455078125,0.0,horizon,1.0746028423309326
selective-copying,combined-no-decay,final,16,1536,0,256,1760,0,0.4296875,0.0,horizon,1.6076812744140625
selective-copying,combined-no-decay,final,16,2048,0,256,1606,0,0.39208984375,0.0,horizon,2.141310930252075
selective-copying,combined-no-decay,final,16,3072,0,256,1379,0,0.336669921875,0.0,horizon,3.247981309890747
selective-copying,combined-no-decay,final,16,4096,0,256,813,0,0.198486328125,0.0,horizon,4.801450490951538
selective-copying,combined-no-decay,final,16,6144,0,256,732,0,0.1787109375,0.0,horizon,7.119481801986694
selective-copying,combined-no-decay,final,16,8192,0,256,692,0,0.1689453125,0.0,horizon,9.463448524475098
selective-copying,combined-no-decay,final,16,12288,0,256,649,0,0.158447265625,0.0,horizon,14.125795841217041
selective-copying,combined-no-decay,final,16,16384,0,256,532,0,0.1298828125,0.0,horizon,19.416128635406494
selective-copying,combined-no-decay,final,16,24576,0,256,524,0,0.1279296875,0.0,horizon,29.838883876800537
selective-copying,combined-no-decay,final,16,32768,0,256,518,0,0.12646484375,0.0,horizon,40.93631291389465
selective-copying,combined-no-decay,final,16,49152,0,256,532,0,0.1298828125,0.0,horizon,62.4780330657959
selective-copying,combined-no-decay,final,16,65536,0,256,464,0,0.11328125,0.0,horizon,86.59198427200317
selective-copying,combined-no-decay,final,16,98304,0,256,510,0,0.12451171875,0.0,horizon,137.2318925857544
selective-copying,combined-no-decay,final,16,131072,0,256,548,0,0.1337890625,0.0,horizon,270.9220311641693
selective-copying,combined-no-decay,final,32,1,0,256,7992,116,0.9755859375,0.453125,horizon,0.06991910934448242
selective-copying,combined-no-decay,final,32,2,0,256,7294,39,0.890380859375,0.15234375,horizon,0.06986594200134277
selective-copying,combined-no-decay,final,32,3,0,256,6764,19,0.82568359375,0.07421875,horizon,0.07031774520874023
selective-copying,combined-no-decay,final,32,4,0,256,6407,3,0.7821044921875,0.01171875,horizon,0.06966757774353027
selective-copying,combined-no-decay,final,32,5,0,256,6141,0,0.7496337890625,0.0,horizon,0.07051753997802734
selective-copying,combined-no-decay,final,32,6,0,256,5967,1,0.7283935546875,0.00390625,horizon,0.07059836387634277
selective-copying,combined-no-decay,final,32,7,0,256,5905,0,0.7208251953125,0.0,horizon,0.07111048698425293
selective-copying,combined-no-decay,final,32,8,0,256,5738,0,0.700439453125,0.0,horizon,0.07023024559020996
selective-copying,combined-no-decay,final,32,9,0,256,5448,0,0.6650390625,0.0,horizon,0.07061171531677246
selective-copying,combined-no-decay,final,32,10,0,256,5281,0,0.6446533203125,0.0,horizon,0.07103252410888672
selective-copying,combined-no-decay,final,32,11,0,256,5044,0,0.61572265625,0.0,horizon,0.07178974151611328
selective-copying,combined-no-decay,final,32,12,0,256,4995,0,0.6097412109375,0.0,horizon,0.0700829029083252
selective-copying,combined-no-decay,final,32,13,0,256,4832,0,0.58984375,0.0,horizon,0.07081174850463867
selective-copying,combined-no-decay,final,32,14,0,256,4644,0,0.56689453125,0.0,horizon,0.07104015350341797
selective-copying,combined-no-decay,final,32,16,0,256,4541,0,0.5543212890625,0.0,horizon,0.06981396675109863
selective-copying,combined-no-decay,final,32,24,0,256,4061,0,0.4957275390625,0.0,horizon,0.07134032249450684
selective-copying,combined-no-decay,final,32,32,0,256,3987,0,0.4866943359375,0.0,horizon,0.07306289672851562
selective-copying,combined-no-decay,final,32,48,0,256,3942,0,0.481201171875,0.0,horizon,0.07831048965454102
selective-copying,combined-no-decay,final,32,64,0,256,3769,0,0.4600830078125,0.0,horizon,0.09650230407714844
selective-copying,combined-no-decay,final,32,96,0,256,3728,0,0.455078125,0.0,horizon,0.11910891532897949
selective-copying,combined-no-decay,final,32,128,0,256,3748,0,0.45751953125,0.0,horizon,0.14323878288269043
selective-copying,combined-no-decay,final,32,192,0,256,3629,0,0.4429931640625,0.0,horizon,0.23368287086486816
selective-copying,combined-no-decay,final,32,256,0,256,3044,0,0.37158203125,0.0,horizon,0.27343153953552246
selective-copying,combined-no-decay,final,32,384,0,256,3332,0,0.40673828125,0.0,horizon,0.3842895030975342
selective-copying,combined-no-decay,final,32,512,0,256,3145,0,0.3839111328125,0.0,horizon,0.5376224517822266
selective-copying,combined-no-decay,final,32,768,0,256,3014,0,0.367919921875,0.0,horizon,0.756732702255249
selective-copying,combined-no-decay,final,32,1024,0,256,2347,0,0.2864990234375,0.0,horizon,1.1172239780426025
selective-copying,combined-no-decay,final,32,1536,0,256,2641,0,0.3223876953125,0.0,horizon,1.6412725448608398
selective-copying,combined-no-decay,final,32,2048,0,256,2479,0,0.3026123046875,0.0,horizon,2.179982900619507
selective-copying,combined-no-decay,final,32,3072,0,256,2352,0,0.287109375,0.0,horizon,3.319746732711792
selective-copying,combined-no-decay,final,32,4096,0,256,1535,0,0.1873779296875,0.0,horizon,4.86629843711853
selective-copying,combined-no-decay,final,32,6144,0,256,1485,0,0.1812744140625,0.0,horizon,7.193084955215454
selective-copying,combined-no-decay,final,32,8192,0,256,1271,0,0.1551513671875,0.0,horizon,9.566000699996948
selective-copying,combined-no-decay,final,32,12288,0,256,1133,0,0.1383056640625,0.0,horizon,14.208383321762085
selective-copying,combined-no-decay,final,32,16384,0,256,1062,0,0.129638671875,0.0,horizon,19.520840406417847
selective-copying,combined-no-decay,final,32,24576,0,256,1058,0,0.129150390625,0.0,horizon,29.959107875823975
selective-copying,combined-no-decay,final,32,32768,0,256,1105,0,0.1348876953125,0.0,horizon,41.07719302177429
selective-copying,combined-no-decay,final,32,49152,0,256,1064,0,0.1298828125,0.0,horizon,62.58058738708496
selective-copying,combined-no-decay,final,32,65536,0,256,1051,0,0.1282958984375,0.0,horizon,86.70818710327148
selective-copying,combined-no-decay,final,32,98304,0,256,1031,0,0.1258544921875,0.0,horizon,137.28253531455994
selective-copying,combined-no-decay,final,32,131072,0,256,972,0,0.11865234375,0.0,horizon,270.1563813686371
selective-copying,combined-no-decay,final,64,1,0,256,9130,0,0.5572509765625,0.0,horizon,0.09506630897521973
selective-copying,combined-no-decay,final,64,2,0,256,8661,0,0.52862548828125,0.0,horizon,0.10202312469482422
selective-copying,combined-no-decay,final,64,3,0,256,8185,0,0.49957275390625,0.0,horizon,0.09909987449645996
selective-copying,combined-no-decay,final,64,4,0,256,8095,0,0.49407958984375,0.0,horizon,0.09705924987792969
selective-copying,combined-no-decay,final,64,5,0,256,7703,0,0.47015380859375,0.0,horizon,0.09863066673278809
selective-copying,combined-no-decay,final,64,6,0,256,7679,0,0.46868896484375,0.0,horizon,0.10000896453857422
selective-copying,combined-no-decay,final,64,7,0,256,7742,0,0.4725341796875,0.0,horizon,0.09937286376953125
selective-copying,combined-no-decay,final,64,8,0,256,7736,0,0.47216796875,0.0,horizon,0.10316777229309082
selective-copying,combined-no-decay,final,64,9,0,256,7557,0,0.46124267578125,0.0,horizon,0.11536240577697754
selective-copying,combined-no-decay,final,64,10,0,256,7393,0,0.45123291015625,0.0,horizon,0.09887933731079102
selective-copying,combined-no-decay,final,64,11,0,256,7367,0,0.44964599609375,0.0,horizon,0.10340023040771484
selective-copying,combined-no-decay,final,64,12,0,256,7246,0,0.4422607421875,0.0,horizon,0.10573625564575195
selective-copying,combined-no-decay,final,64,13,0,256,7185,0,0.43853759765625,0.0,horizon,0.1054697036743164
selective-copying,combined-no-decay,final,64,14,0,256,7059,0,0.43084716796875,0.0,horizon,0.10517477989196777
selective-copying,combined-no-decay,final,64,16,0,256,6945,0,0.42388916015625,0.0,horizon,0.1069784164428711
selective-copying,combined-no-decay,final,64,24,0,256,6673,0,0.40728759765625,0.0,horizon,0.11201620101928711
selective-copying,combined-no-decay,final,64,32,0,256,6247,0,0.38128662109375,0.0,horizon,0.12559747695922852
selective-copying,combined-no-decay,final,64,48,0,256,5792,0,0.353515625,0.0,horizon,0.13392424583435059
selective-copying,combined-no-decay,final,64,64,0,256,5871,0,0.35833740234375,0.0,horizon,0.14405512809753418
selective-copying,combined-no-decay,final,64,96,0,256,5345,0,0.32623291015625,0.0,horizon,0.1692647933959961
selective-copying,combined-no-decay,final,64,128,0,256,5375,0,0.32806396484375,0.0,horizon,0.21733617782592773
selective-copying,combined-no-decay,final,64,192,0,256,3892,0,0.237548828125,0.0,horizon,0.27849292755126953
selective-copying,combined-no-decay,final,64,256,0,256,4498,0,0.2745361328125,0.0,horizon,0.3317873477935791
selective-copying,combined-no-decay,final,64,384,0,256,4795,0,0.29266357421875,0.0,horizon,0.4573383331298828
selective-copying,combined-no-decay,final,64,512,0,256,4617,0,0.28179931640625,0.0,horizon,0.5849637985229492
selective-copying,combined-no-decay,final,64,768,0,256,4611,0,0.28143310546875,0.0,horizon,0.8091540336608887
selective-copying,combined-no-decay,final,64,1024,0,256,3441,0,0.21002197265625,0.0,horizon,1.1833202838897705
selective-copying,combined-no-decay,final,64,1536,0,256,3992,0,0.24365234375,0.0,horizon,1.7167518138885498
selective-copying,combined-no-decay,final,64,2048,0,256,3682,0,0.2247314453125,0.0,horizon,2.242663621902466
selective-copying,combined-no-decay,final,64,3072,0,256,3750,0,0.2288818359375,0.0,horizon,3.3720040321350098
selective-copying,combined-no-decay,final,64,4096,0,256,2785,0,0.16998291015625,0.0,horizon,4.961315870285034
selective-copying,combined-no-decay,final,64,6144,0,256,2727,0,0.16644287109375,0.0,horizon,7.267717361450195
selective-copying,combined-no-decay,final,64,8192,0,256,2479,0,0.15130615234375,0.0,horizon,9.639883041381836
selective-copying,combined-no-decay,final,64,12288,0,256,2328,0,0.14208984375,0.0,horizon,14.286223649978638
selective-copying,combined-no-decay,final,64,16384,0,256,2182,0,0.1331787109375,0.0,horizon,19.631890535354614
selective-copying,combined-no-decay,final,64,24576,0,256,2114,0,0.1290283203125,0.0,horizon,30.032185077667236
selective-copying,combined-no-decay,final,64,32768,0,256,2162,0,0.1319580078125,0.0,horizon,41.140313148498535
selective-copying,combined-no-decay,final,64,49152,0,256,2141,0,0.13067626953125,0.0,horizon,62.79526162147522
selective-copying,combined-no-decay,final,64,65536,0,256,2052,0,0.125244140625,0.0,horizon,86.84580063819885
selective-copying,combined-no-decay,final,64,98304,0,256,2034,0,0.1241455078125,0.0,horizon,137.68437838554382
selective-copying,combined-no-decay,final,64,131072,0,256,2051,0,0.12518310546875,0.0,horizon,269.28809547424316
selective-copying,combined-no-decay,final,10,16,7,256,2279,87,0.890234375,0.33984375,prefix,0.05520343780517578
selective-copying,combined-no-decay,final,10,16,15,256,2230,50,0.87109375,0.1953125,prefix,0.05577898025512695
selective-copying,combined-no-decay,final,10,16,63,256,2100,23,0.8203125,0.08984375,prefix,0.07233905792236328
selective-copying,combined-no-decay,final,10,64,7,256,2099,34,0.819921875,0.1328125,prefix,0.07321572303771973
selective-copying,combined-no-decay,final,10,64,15,256,2100,17,0.8203125,0.06640625,prefix,0.07480549812316895
selective-copying,combined-no-decay,final,10,64,63,256,2039,15,0.796484375,0.05859375,prefix,0.10751795768737793
selective-copying,combined-no-decay,final,10,256,7,256,1724,1,0.6734375,0.00390625,prefix,0.2424461841583252
selective-copying,combined-no-decay,final,10,256,15,256,1659,0,0.648046875,0.0,prefix,0.27936863899230957
selective-copying,combined-no-decay,final,10,256,63,256,1617,0,0.631640625,0.0,prefix,0.28260207176208496
selective-copying,combined-no-decay,final,10,2048,7,256,1102,0,0.43046875,0.0,prefix,2.175769567489624
selective-copying,combined-no-decay,final,10,2048,15,256,1054,0,0.41171875,0.0,prefix,2.1897974014282227
selective-copying,combined-no-decay,final,10,2048,63,256,935,0,0.365234375,0.0,prefix,2.224412202835083
selective-copying,combined-no-decay,final,16,16,7,256,3314,13,0.80908203125,0.05078125,prefix,0.05979752540588379
selective-copying,combined-no-decay,final,16,16,15,256,3207,2,0.782958984375,0.0078125,prefix,0.05703282356262207
selective-copying,combined-no-decay,final,16,16,63,256,3058,2,0.74658203125,0.0078125,prefix,0.07768440246582031
selective-copying,combined-no-decay,final,16,64,7,256,2690,0,0.65673828125,0.0,prefix,0.0762791633605957
selective-copying,combined-no-decay,final,16,64,15,256,2745,0,0.670166015625,0.0,prefix,0.0774984359741211
selective-copying,combined-no-decay,final,16,64,63,256,2817,0,0.687744140625,0.0,prefix,0.11234116554260254
selective-copying,combined-no-decay,final,16,256,7,256,2234,0,0.54541015625,0.0,prefix,0.25477099418640137
selective-copying,combined-no-decay,final,16,256,15,256,2274,0,0.55517578125,0.0,prefix,0.284822940826416
selective-copying,combined-no-decay,final,16,256,63,256,2218,0,0.54150390625,0.0,prefix,0.29644274711608887
selective-copying,combined-no-decay,final,16,2048,7,256,1598,0,0.39013671875,0.0,prefix,2.1794354915618896
selective-copying,combined-no-decay,final,16,2048,15,256,1629,0,0.397705078125,0.0,prefix,2.1928648948669434
selective-copying,combined-no-decay,final,16,2048,63,256,1604,0,0.3916015625,0.0,prefix,2.2407875061035156
selective-copying,combined-no-decay,final,32,16,7,256,4462,0,0.544677734375,0.0,prefix,0.07464456558227539
selective-copying,combined-no-decay,final,32,16,15,256,4490,0,0.548095703125,0.0,prefix,0.07734203338623047
selective-copying,combined-no-decay,final,32,16,63,256,4388,0,0.53564453125,0.0,prefix,0.09925532341003418
selective-copying,combined-no-decay,final,32,64,7,256,3815,0,0.4656982421875,0.0,prefix,0.09986472129821777
selective-copying,combined-no-decay,final,32,64,15,256,3954,0,0.482666015625,0.0,prefix,0.10559558868408203
selective-copying,combined-no-decay,final,32,64,63,256,3906,0,0.476806640625,0.0,prefix,0.14458370208740234
selective-copying,combined-no-decay,final,32,256,7,256,3138,0,0.383056640625,0.0,prefix,0.289684534072876
selective-copying,combined-no-decay,final,32,256,15,256,3103,0,0.3787841796875,0.0,prefix,0.293978214263916
selective-copying,combined-no-decay,final,32,256,63,256,3284,0,0.40087890625,0.0,prefix,0.32654571533203125
selective-copying,combined-no-decay,final,32,2048,7,256,2526,0,0.308349609375,0.0,prefix,2.218730926513672
selective-copying,combined-no-decay,final,32,2048,15,256,2467,0,0.3011474609375,0.0,prefix,2.2208011150360107
selective-copying,combined-no-decay,final,32,2048,63,256,2488,0,0.3037109375,0.0,prefix,2.2742104530334473
selective-copying,combined-no-decay,final,64,16,7,256,7267,0,0.44354248046875,0.0,prefix,0.10834765434265137
selective-copying,combined-no-decay,final,64,16,15,256,7264,0,0.443359375,0.0,prefix,0.11488127708435059
selective-copying,combined-no-decay,final,64,16,63,256,6882,0,0.4200439453125,0.0,prefix,0.15781688690185547
selective-copying,combined-no-decay,final,64,64,7,256,6069,0,0.37042236328125,0.0,prefix,0.15075135231018066
selective-copying,combined-no-decay,final,64,64,15,256,6122,0,0.3736572265625,0.0,prefix,0.15926027297973633
selective-copying,combined-no-decay,final,64,64,63,256,5822,0,0.3553466796875,0.0,prefix,0.19702672958374023
selective-copying,combined-no-decay,final,64,256,7,256,4712,0,0.28759765625,0.0,prefix,0.33751344680786133
selective-copying,combined-no-decay,final,64,256,15,256,4622,0,0.2821044921875,0.0,prefix,0.3506438732147217
selective-copying,combined-no-decay,final,64,256,63,256,4659,0,0.28436279296875,0.0,prefix,0.39925503730773926
selective-copying,combined-no-decay,final,64,2048,7,256,3948,0,0.240966796875,0.0,prefix,2.2837142944335938
selective-copying,combined-no-decay,final,64,2048,15,256,3810,0,0.2325439453125,0.0,prefix,2.2758376598358154
selective-copying,combined-no-decay,final,64,2048,63,256,3816,0,0.23291015625,0.0,prefix,2.3412561416625977
selective-copying,combined-no-decay,final,128,16,0,256,6038,0,0.18426513671875,0.0,unseen-memory,0.22536778450012207
selective-copying,combined-no-decay,final,128,16,15,256,6333,0,0.193267822265625,0.0,unseen-memory,0.24830889701843262
selective-copying,combined-no-decay,final,128,64,0,256,6535,0,0.199432373046875,0.0,unseen-memory,0.2753322124481201
selective-copying,combined-no-decay,final,128,64,15,256,6794,0,0.20733642578125,0.0,unseen-memory,0.29442310333251953
selective-copying,combined-no-decay,final,128,256,0,256,6152,0,0.187744140625,0.0,unseen-memory,0.45659780502319336
selective-copying,combined-no-decay,final,128,256,15,256,6162,0,0.18804931640625,0.0,unseen-memory,0.48033928871154785
selective-copying,combined-no-decay,final,128,2048,0,256,5555,0,0.169525146484375,0.0,unseen-memory,2.383901834487915
selective-copying,combined-no-decay,final,128,2048,15,256,5648,0,0.17236328125,0.0,unseen-memory,2.426220655441284
